/*#
# TABLE STRUCTURE FOR: S24_S003_T7_GENRE
#*/


INSERT INTO S24_S003_T7_GENRE (GID, Name) VALUES (1, 'Technology');
INSERT INTO S24_S003_T7_GENRE (GID, Name) VALUES (2, 'Romance');
INSERT INTO S24_S003_T7_GENRE (GID, Name) VALUES (3, 'Entertainment');
INSERT INTO S24_S003_T7_GENRE (GID, Name) VALUES (4, 'Comedy');
INSERT INTO S24_S003_T7_GENRE (GID, Name) VALUES (5, 'Horror');

commit;


/*
# TABLE STRUCTURE FOR: S24_S003_T7_ADVERTISER
#*/

INSERT INTO S24_S003_T7_ADVERTISER (AdvertiserID, Name, Revenue) VALUES (1, 'excepturi', 1006);
INSERT INTO S24_S003_T7_ADVERTISER (AdvertiserID, Name, Revenue) VALUES (2, 'nisi', 9228);
INSERT INTO S24_S003_T7_ADVERTISER (AdvertiserID, Name, Revenue) VALUES (3, 'architecto', 5363);
INSERT INTO S24_S003_T7_ADVERTISER (AdvertiserID, Name, Revenue) VALUES (4, 'quis', 3227);
INSERT INTO S24_S003_T7_ADVERTISER (AdvertiserID, Name, Revenue) VALUES (5, 'ipsum', 9170);
INSERT INTO S24_S003_T7_ADVERTISER (AdvertiserID, Name, Revenue) VALUES (6, 'repudiandae', 9640);
INSERT INTO S24_S003_T7_ADVERTISER (AdvertiserID, Name, Revenue) VALUES (7, 'rerum', 1512);
INSERT INTO S24_S003_T7_ADVERTISER (AdvertiserID, Name, Revenue) VALUES (8, 'at', 3863);
INSERT INTO S24_S003_T7_ADVERTISER (AdvertiserID, Name, Revenue) VALUES (9, 'quidem', 4345);
INSERT INTO S24_S003_T7_ADVERTISER (AdvertiserID, Name, Revenue) VALUES (10, 'rem', 8379);
INSERT INTO S24_S003_T7_ADVERTISER (AdvertiserID, Name, Revenue) VALUES (11, 'nihil', 8147);
INSERT INTO S24_S003_T7_ADVERTISER (AdvertiserID, Name, Revenue) VALUES (12, 'praesentium', 7958);
INSERT INTO S24_S003_T7_ADVERTISER (AdvertiserID, Name, Revenue) VALUES (13, 'aliquam', 7580);
INSERT INTO S24_S003_T7_ADVERTISER (AdvertiserID, Name, Revenue) VALUES (14, 'unde', 8409);
INSERT INTO S24_S003_T7_ADVERTISER (AdvertiserID, Name, Revenue) VALUES (15, 'a', 1298);
INSERT INTO S24_S003_T7_ADVERTISER (AdvertiserID, Name, Revenue) VALUES (16, 'tenetur', 1127);
INSERT INTO S24_S003_T7_ADVERTISER (AdvertiserID, Name, Revenue) VALUES (17, 'ullam', 7652);
INSERT INTO S24_S003_T7_ADVERTISER (AdvertiserID, Name, Revenue) VALUES (18, 'necessitatibus', 4254);
INSERT INTO S24_S003_T7_ADVERTISER (AdvertiserID, Name, Revenue) VALUES (19, 'velit', 9502);
INSERT INTO S24_S003_T7_ADVERTISER (AdvertiserID, Name, Revenue) VALUES (20, 'fugiat', 8028);
INSERT INTO S24_S003_T7_ADVERTISER (AdvertiserID, Name, Revenue) VALUES (21, 'magnam', 2664);
INSERT INTO S24_S003_T7_ADVERTISER (AdvertiserID, Name, Revenue) VALUES (22, 'nobis', 3545);
INSERT INTO S24_S003_T7_ADVERTISER (AdvertiserID, Name, Revenue) VALUES (23, 'voluptatum', 9460);
INSERT INTO S24_S003_T7_ADVERTISER (AdvertiserID, Name, Revenue) VALUES (24, 'voluptas', 9360);
INSERT INTO S24_S003_T7_ADVERTISER (AdvertiserID, Name, Revenue) VALUES (25, 'inventore', 3133);
INSERT INTO S24_S003_T7_ADVERTISER (AdvertiserID, Name, Revenue) VALUES (26, 'voluptates', 6214);
INSERT INTO S24_S003_T7_ADVERTISER (AdvertiserID, Name, Revenue) VALUES (27, 'et', 6354);
INSERT INTO S24_S003_T7_ADVERTISER (AdvertiserID, Name, Revenue) VALUES (28, 'excepturi', 7890);
INSERT INTO S24_S003_T7_ADVERTISER (AdvertiserID, Name, Revenue) VALUES (29, 'facere', 5657);
INSERT INTO S24_S003_T7_ADVERTISER (AdvertiserID, Name, Revenue) VALUES (30, 'et', 9409);
INSERT INTO S24_S003_T7_ADVERTISER (AdvertiserID, Name, Revenue) VALUES (31, 'sed', 8417);
INSERT INTO S24_S003_T7_ADVERTISER (AdvertiserID, Name, Revenue) VALUES (32, 'aliquam', 7615);
INSERT INTO S24_S003_T7_ADVERTISER (AdvertiserID, Name, Revenue) VALUES (33, 'quaerat', 8379);
INSERT INTO S24_S003_T7_ADVERTISER (AdvertiserID, Name, Revenue) VALUES (34, 'ab', 7926);
INSERT INTO S24_S003_T7_ADVERTISER (AdvertiserID, Name, Revenue) VALUES (35, 'et', 5425);
INSERT INTO S24_S003_T7_ADVERTISER (AdvertiserID, Name, Revenue) VALUES (36, 'totam', 2080);
INSERT INTO S24_S003_T7_ADVERTISER (AdvertiserID, Name, Revenue) VALUES (37, 'saepe', 7426);
INSERT INTO S24_S003_T7_ADVERTISER (AdvertiserID, Name, Revenue) VALUES (38, 'molestias', 9519);
INSERT INTO S24_S003_T7_ADVERTISER (AdvertiserID, Name, Revenue) VALUES (39, 'itaque', 9492);
INSERT INTO S24_S003_T7_ADVERTISER (AdvertiserID, Name, Revenue) VALUES (40, 'quod', 7553);
INSERT INTO S24_S003_T7_ADVERTISER (AdvertiserID, Name, Revenue) VALUES (41, 'dolores', 5041);
INSERT INTO S24_S003_T7_ADVERTISER (AdvertiserID, Name, Revenue) VALUES (42, 'saepe', 1747);
INSERT INTO S24_S003_T7_ADVERTISER (AdvertiserID, Name, Revenue) VALUES (43, 'commodi', 8824);
INSERT INTO S24_S003_T7_ADVERTISER (AdvertiserID, Name, Revenue) VALUES (44, 'at', 7160);
INSERT INTO S24_S003_T7_ADVERTISER (AdvertiserID, Name, Revenue) VALUES (45, 'cumque', 3538);
INSERT INTO S24_S003_T7_ADVERTISER (AdvertiserID, Name, Revenue) VALUES (46, 'porro', 9583);
INSERT INTO S24_S003_T7_ADVERTISER (AdvertiserID, Name, Revenue) VALUES (47, 'alias', 5433);
INSERT INTO S24_S003_T7_ADVERTISER (AdvertiserID, Name, Revenue) VALUES (48, 'in', 6052);
INSERT INTO S24_S003_T7_ADVERTISER (AdvertiserID, Name, Revenue) VALUES (49, 'facilis', 3619);
INSERT INTO S24_S003_T7_ADVERTISER (AdvertiserID, Name, Revenue) VALUES (50, 'ducimus', 7095);

commit;

/*
# TABLE STRUCTURE FOR: S24_S003_T7_ADS
#*/


INSERT INTO S24_S003_T7_ADS (AdID, AdvertiserID, Link, Duration, GID) VALUES (1, 6, 'http://dubuqueschumm.com/', 12, 1);
INSERT INTO S24_S003_T7_ADS (AdID, AdvertiserID, Link, Duration, GID) VALUES (2, 25, 'http://olson.com/', 21, 5);
INSERT INTO S24_S003_T7_ADS (AdID, AdvertiserID, Link, Duration, GID) VALUES (3, 47, 'http://stehr.com/', 6, 2);
INSERT INTO S24_S003_T7_ADS (AdID, AdvertiserID, Link, Duration, GID) VALUES (4, 7, 'http://maggio.com/', 13, 2);
INSERT INTO S24_S003_T7_ADS (AdID, AdvertiserID, Link, Duration, GID) VALUES (5, 50, 'http://www.dubuque.com/', 20, 5);
INSERT INTO S24_S003_T7_ADS (AdID, AdvertiserID, Link, Duration, GID) VALUES (6, 32, 'http://gislason.biz/', 24, 2);
INSERT INTO S24_S003_T7_ADS (AdID, AdvertiserID, Link, Duration, GID) VALUES (7, 37, 'http://www.weimann.net/', 9, 2);
INSERT INTO S24_S003_T7_ADS (AdID, AdvertiserID, Link, Duration, GID) VALUES (8, 46, 'http://huels.com/', 17, 1);
INSERT INTO S24_S003_T7_ADS (AdID, AdvertiserID, Link, Duration, GID) VALUES (9, 33, 'http://www.block.com/', 6, 3);
INSERT INTO S24_S003_T7_ADS (AdID, AdvertiserID, Link, Duration, GID) VALUES (10, 28, 'http://www.bauch.biz/', 9, 3);
INSERT INTO S24_S003_T7_ADS (AdID, AdvertiserID, Link, Duration, GID) VALUES (11, 26, 'http://www.trantow.com/', 9, 1);
INSERT INTO S24_S003_T7_ADS (AdID, AdvertiserID, Link, Duration, GID) VALUES (12, 17, 'http://www.hamillbeahan.com/', 9, 2);
INSERT INTO S24_S003_T7_ADS (AdID, AdvertiserID, Link, Duration, GID) VALUES (13, 23, 'http://www.kemmer.com/', 28, 3);
INSERT INTO S24_S003_T7_ADS (AdID, AdvertiserID, Link, Duration, GID) VALUES (14, 15, 'http://www.ferryrogahn.com/', 6, 5);
INSERT INTO S24_S003_T7_ADS (AdID, AdvertiserID, Link, Duration, GID) VALUES (15, 39, 'http://www.glover.org/', 12, 4);
INSERT INTO S24_S003_T7_ADS (AdID, AdvertiserID, Link, Duration, GID) VALUES (16, 49, 'http://www.bauch.biz/', 28, 4);
INSERT INTO S24_S003_T7_ADS (AdID, AdvertiserID, Link, Duration, GID) VALUES (17, 9, 'http://www.reinger.org/', 28, 4);
INSERT INTO S24_S003_T7_ADS (AdID, AdvertiserID, Link, Duration, GID) VALUES (18, 42, 'http://bartell.com/', 29, 2);
INSERT INTO S24_S003_T7_ADS (AdID, AdvertiserID, Link, Duration, GID) VALUES (19, 43, 'http://wittingeffertz.net/', 19, 3);
INSERT INTO S24_S003_T7_ADS (AdID, AdvertiserID, Link, Duration, GID) VALUES (20, 2, 'http://www.luettgen.com/', 14, 2);
INSERT INTO S24_S003_T7_ADS (AdID, AdvertiserID, Link, Duration, GID) VALUES (21, 2, 'http://murphy.net/', 9, 2);
INSERT INTO S24_S003_T7_ADS (AdID, AdvertiserID, Link, Duration, GID) VALUES (22, 41, 'http://www.leschcrona.biz/', 22, 1);
INSERT INTO S24_S003_T7_ADS (AdID, AdvertiserID, Link, Duration, GID) VALUES (23, 40, 'http://hintzzulauf.org/', 6, 5);
INSERT INTO S24_S003_T7_ADS (AdID, AdvertiserID, Link, Duration, GID) VALUES (24, 10, 'http://www.fadel.info/', 14, 5);
INSERT INTO S24_S003_T7_ADS (AdID, AdvertiserID, Link, Duration, GID) VALUES (25, 3, 'http://www.okuneva.com/', 10, 3);
INSERT INTO S24_S003_T7_ADS (AdID, AdvertiserID, Link, Duration, GID) VALUES (26, 45, 'http://wolff.com/', 10, 5);
INSERT INTO S24_S003_T7_ADS (AdID, AdvertiserID, Link, Duration, GID) VALUES (27, 16, 'http://www.schoenorn.com/', 14, 1);
INSERT INTO S24_S003_T7_ADS (AdID, AdvertiserID, Link, Duration, GID) VALUES (28, 11, 'http://kreiger.com/', 15, 1);
INSERT INTO S24_S003_T7_ADS (AdID, AdvertiserID, Link, Duration, GID) VALUES (29, 19, 'http://stehr.org/', 26, 4);
INSERT INTO S24_S003_T7_ADS (AdID, AdvertiserID, Link, Duration, GID) VALUES (30, 12, 'http://www.schinnerprice.com/', 6, 2);
INSERT INTO S24_S003_T7_ADS (AdID, AdvertiserID, Link, Duration, GID) VALUES (31, 7, 'http://www.cassin.org/', 20, 2);
INSERT INTO S24_S003_T7_ADS (AdID, AdvertiserID, Link, Duration, GID) VALUES (32, 8, 'http://www.zboncakgutkowski.net/', 24, 3);
INSERT INTO S24_S003_T7_ADS (AdID, AdvertiserID, Link, Duration, GID) VALUES (33, 1, 'http://www.hickle.com/', 20, 1);
INSERT INTO S24_S003_T7_ADS (AdID, AdvertiserID, Link, Duration, GID) VALUES (34, 44, 'http://www.weimann.com/', 13, 4);
INSERT INTO S24_S003_T7_ADS (AdID, AdvertiserID, Link, Duration, GID) VALUES (35, 18, 'http://reynolds.info/', 28, 3);
INSERT INTO S24_S003_T7_ADS (AdID, AdvertiserID, Link, Duration, GID) VALUES (36, 8, 'http://stokes.com/', 5, 3);
INSERT INTO S24_S003_T7_ADS (AdID, AdvertiserID, Link, Duration, GID) VALUES (37, 1, 'http://miller.com/', 14, 1);
INSERT INTO S24_S003_T7_ADS (AdID, AdvertiserID, Link, Duration, GID) VALUES (38, 21, 'http://www.feeneyberge.biz/', 25, 1);
INSERT INTO S24_S003_T7_ADS (AdID, AdvertiserID, Link, Duration, GID) VALUES (39, 3, 'http://www.pacocha.com/', 20, 3);
INSERT INTO S24_S003_T7_ADS (AdID, AdvertiserID, Link, Duration, GID) VALUES (40, 13, 'http://lehner.com/', 10, 3);
INSERT INTO S24_S003_T7_ADS (AdID, AdvertiserID, Link, Duration, GID) VALUES (41, 14, 'http://koch.com/', 13, 4);
INSERT INTO S24_S003_T7_ADS (AdID, AdvertiserID, Link, Duration, GID) VALUES (42, 4, 'http://www.watsicajakubowski.org/', 24, 4);
INSERT INTO S24_S003_T7_ADS (AdID, AdvertiserID, Link, Duration, GID) VALUES (43, 48, 'http://stiedemann.com/', 26, 3);
INSERT INTO S24_S003_T7_ADS (AdID, AdvertiserID, Link, Duration, GID) VALUES (44, 5, 'http://nikolausemard.org/', 19, 5);
INSERT INTO S24_S003_T7_ADS (AdID, AdvertiserID, Link, Duration, GID) VALUES (45, 6, 'http://www.harveyleannon.com/', 21, 1);
INSERT INTO S24_S003_T7_ADS (AdID, AdvertiserID, Link, Duration, GID) VALUES (46, 35, 'http://mueller.com/', 19, 5);
INSERT INTO S24_S003_T7_ADS (AdID, AdvertiserID, Link, Duration, GID) VALUES (47, 30, 'http://www.schulist.com/', 26, 5);
INSERT INTO S24_S003_T7_ADS (AdID, AdvertiserID, Link, Duration, GID) VALUES (48, 4, 'http://dare.org/', 29, 4);
INSERT INTO S24_S003_T7_ADS (AdID, AdvertiserID, Link, Duration, GID) VALUES (49, 10, 'http://www.bartoletti.org/', 16, 5);
INSERT INTO S24_S003_T7_ADS (AdID, AdvertiserID, Link, Duration, GID) VALUES (50, 36, 'http://schillerherman.com/', 27, 1);
INSERT INTO S24_S003_T7_ADS (AdID, AdvertiserID, Link, Duration, GID) VALUES (51, 31, 'http://emard.info/', 17, 1);
INSERT INTO S24_S003_T7_ADS (AdID, AdvertiserID, Link, Duration, GID) VALUES (52, 20, 'http://sanford.com/', 15, 5);
INSERT INTO S24_S003_T7_ADS (AdID, AdvertiserID, Link, Duration, GID) VALUES (53, 34, 'http://will.org/', 16, 4);
INSERT INTO S24_S003_T7_ADS (AdID, AdvertiserID, Link, Duration, GID) VALUES (54, 27, 'http://zemlak.com/', 5, 2);
INSERT INTO S24_S003_T7_ADS (AdID, AdvertiserID, Link, Duration, GID) VALUES (55, 38, 'http://www.mckenzie.com/', 26, 3);
INSERT INTO S24_S003_T7_ADS (AdID, AdvertiserID, Link, Duration, GID) VALUES (56, 5, 'http://marvin.org/', 27, 5);
INSERT INTO S24_S003_T7_ADS (AdID, AdvertiserID, Link, Duration, GID) VALUES (57, 22, 'http://www.nicolasstehr.com/', 5, 2);
INSERT INTO S24_S003_T7_ADS (AdID, AdvertiserID, Link, Duration, GID) VALUES (58, 29, 'http://glover.com/', 25, 4);
INSERT INTO S24_S003_T7_ADS (AdID, AdvertiserID, Link, Duration, GID) VALUES (59, 24, 'http://bruen.net/', 13, 4);
INSERT INTO S24_S003_T7_ADS (AdID, AdvertiserID, Link, Duration, GID) VALUES (60, 9, 'http://www.donnelly.net/', 22, 4);

commit;

/*
# TABLE STRUCTURE FOR: S24_S003_T7_PERSON
#*/

INSERT INTO S24_S003_T7_PERSON (PID, FName, LName, Email, DOB, Region, Password) VALUES (1, 'consectetur', 'nostrum', 'ktreutel@example.org', TO_DATE('1973-05-17', 'YYYY-MM-DD'), 'qui', '3f307ce864eb');

INSERT INTO S24_S003_T7_PERSON (PID, FName, LName, Email, DOB, Region, Password) VALUES (2, 'ea', 'dolores', 'zakary.stanton@example.com', TO_DATE('2023-08-31', 'YYYY-MM-DD'), 'neque', 'b42dc6928d46e8250854d6c2fec7f38b8b8bf17e');

INSERT INTO S24_S003_T7_PERSON (PID, FName, LName, Email, DOB, Region, Password) VALUES (3, 'et', 'perferendis', 'jcronin@example.net', TO_DATE('2006-12-18', 'YYYY-MM-DD'), 'perferendis', '81fb765b40d5c5416722d4264ee18fb8b85b0737');

INSERT INTO S24_S003_T7_PERSON (PID, FName, LName, Email, DOB, Region, Password) VALUES (4, 'vero', 'placeat', 'rath.domenico@example.net', TO_DATE('1987-04-19', 'YYYY-MM-DD'), 'ullam', '5e188ddab133c8da28491e5926b21be4eafcc39f');

INSERT INTO S24_S003_T7_PERSON (PID, FName, LName, Email, DOB, Region, Password) VALUES (5, 'autem', 'adipisci', 'ahmed55@example.org', TO_DATE('1975-09-28', 'YYYY-MM-DD'), 'non', '635a1cf9d2ad039213f09f45cfcd2ba758b6e34a');

INSERT INTO S24_S003_T7_PERSON (PID, FName, LName, Email, DOB, Region, Password) VALUES (6, 'explicabo', 'esse', 'hflatley@example.net', TO_DATE('2012-04-24', 'YYYY-MM-DD'), 'autem', 'f4a621010e24e25e6bcd823b7c25cbf58ea2cca0');

INSERT INTO S24_S003_T7_PERSON (PID, FName, LName, Email, DOB, Region, Password) VALUES (7, 'recusandae', 'aut', 'aliza89@example.org', TO_DATE('1986-08-19', 'YYYY-MM-DD'), 'pariatur', '40253e5fdd6c6fb7494e33a7a233e1138a7583d9');

INSERT INTO S24_S003_T7_PERSON (PID, FName, LName, Email, DOB, Region, Password) VALUES (8, 'consectetur', 'quo', 'cronin.joanne@example.org', TO_DATE('1973-04-29', 'YYYY-MM-DD'), 'aliquid', '7ef0246f1cbe2120597d60572695fd83313c29db');

INSERT INTO S24_S003_T7_PERSON (PID, FName, LName, Email, DOB, Region, Password) VALUES (9, 'est', 'unde', 'kristofer18@example.net', TO_DATE('2017-03-21', 'YYYY-MM-DD'), 'aperiam', '4aeea32c682d6e2d0d8c0c79a7a9d3ff855404a8');

INSERT INTO S24_S003_T7_PERSON (PID, FName, LName, Email, DOB, Region, Password) VALUES (10, 'beatae', 'eligendi', 'bo54@example.org', TO_DATE('2015-05-04', 'YYYY-MM-DD'), 'cum', 'eb9bc59302ddbf0b6c1fa30220636f06a058356d');

INSERT INTO S24_S003_T7_PERSON (PID, FName, LName, Email, DOB, Region, Password) VALUES (11, 'dolorum', 'blanditiis', 'goodwin.kristin@example.net', TO_DATE('2017-07-19', 'YYYY-MM-DD'), 'explicabo', 'b71569a4d621d7e980766034f6c9f68096829123');

INSERT INTO S24_S003_T7_PERSON (PID, FName, LName, Email, DOB, Region, Password) VALUES (12, 'et', 'excepturi', 'christiansen.vernon@example.com', TO_DATE('2022-11-10', 'YYYY-MM-DD'), 'veniam', '45ca603c06f0e8a04116fabfdb5fd8b7227359be');

INSERT INTO S24_S003_T7_PERSON (PID, FName, LName, Email, DOB, Region, Password) VALUES (13, 'voluptatum', 'incidunt', 'aschmeler@example.org', TO_DATE('1978-06-25', 'YYYY-MM-DD'), 'voluptatem', 'ce86f7394ff12f42ad4e30c37d8533385d03ba92');

INSERT INTO S24_S003_T7_PERSON (PID, FName, LName, Email, DOB, Region, Password) VALUES (14, 'nesciunt', 'adipisci', 'nasir87@example.com', TO_DATE('1997-12-04', 'YYYY-MM-DD'), 'ducimus', '3296165da9319fda0d1d2b47833d27bc57b42320');

INSERT INTO S24_S003_T7_PERSON (PID, FName, LName, Email, DOB, Region, Password) VALUES (15, 'dolores', 'impedit', 'baylee.ruecker@example.net', TO_DATE('1987-08-16', 'YYYY-MM-DD'), 'qui', 'cb3c7be09a5f536f9d0d4c54f049d16a52cdec98');

INSERT INTO S24_S003_T7_PERSON (PID, FName, LName, Email, DOB, Region, Password) VALUES (16, 'impedit', 'voluptas', 'jewell.kuhic@example.net', TO_DATE('2022-03-09', 'YYYY-MM-DD'), 'voluptatem', 'a152c56bfca0c0b267e1953ec27695672bcd4b76');

INSERT INTO S24_S003_T7_PERSON (PID, FName, LName, Email, DOB, Region, Password) VALUES (17, 'eveniet', 'velit', 'mayer.jamel@example.net', TO_DATE('2001-08-30', 'YYYY-MM-DD'), 'culpa', 'c27515501fd030a6bacc6b82214f8d4941e0c9b3');

INSERT INTO S24_S003_T7_PERSON (PID, FName, LName, Email, DOB, Region, Password) VALUES (18, 'deleniti', 'et', 'gmonahan@example.org', TO_DATE('2015-04-12', 'YYYY-MM-DD'), 'ratione', '51ebc19e09a3a2bd2769d0d964a6542a1560da93');

INSERT INTO S24_S003_T7_PERSON (PID, FName, LName, Email, DOB, Region, Password) VALUES (19, 'dolorum', 'velit', 'weimann.albina@example.net', TO_DATE('1996-07-13', 'YYYY-MM-DD'), 'ut', 'ed023fea76972dce66e10912c5686f749e263416');

INSERT INTO S24_S003_T7_PERSON (PID, FName, LName, Email, DOB, Region, Password) VALUES (20, 'a', 'pariatur', 'beatty.vern@example.org', TO_DATE('2011-10-11', 'YYYY-MM-DD'), 'voluptates', 'ac468200a10983d71b74fadcc8d364c56c23a9c7');

INSERT INTO S24_S003_T7_PERSON (PID, FName, LName, Email, DOB, Region, Password) VALUES (21, 'minima', 'ut', 'hessel.marshall@example.net', TO_DATE('1972-02-04', 'YYYY-MM-DD'), 'animi', 'cba709bd1890ad7916ca2179b343096e43337d66');

INSERT INTO S24_S003_T7_PERSON (PID, FName, LName, Email, DOB, Region, Password) VALUES (22, 'repudiandae', 'rem', 'hilll.sophia@example.org', TO_DATE('1984-12-03', 'YYYY-MM-DD'), 'porro', '405a7508a660997703097664c5d658387404c2df');

INSERT INTO S24_S003_T7_PERSON (PID, FName, LName, Email, DOB, Region, Password) VALUES (23, 'omnis', 'ex', 'grimes.lilliana@example.net', TO_DATE('1982-03-27', 'YYYY-MM-DD'), 'sunt', '913e72e35025dc1966d89011b4fd845a24923a6d');

INSERT INTO S24_S003_T7_PERSON (PID, FName, LName, Email, DOB, Region, Password) VALUES (24, 'autem', 'sunt', 'abagail68@example.org', TO_DATE('2014-03-28', 'YYYY-MM-DD'), 'alias', 'd6a71bb701fa6054c56856e3604998c3e923dc72');

INSERT INTO S24_S003_T7_PERSON (PID, FName, LName, Email, DOB, Region, Password) VALUES (25, 'sint', 'aut', 'yoshiko.bode@example.org', TO_DATE('2008-05-14', 'YYYY-MM-DD'), 'autem', '2c5658d0a5c5fed937e9bd103aa806f2cbb5ca9e');

INSERT INTO S24_S003_T7_PERSON (PID, FName, LName, Email, DOB, Region, Password) VALUES (26, 'est', 'fugit', 'zfritsch@example.com', TO_DATE('2003-11-05', 'YYYY-MM-DD'), 'voluptatibus', 'f2543a8fad7632efffee39c18cd5672aae2295ae');

INSERT INTO S24_S003_T7_PERSON (PID, FName, LName, Email, DOB, Region, Password) VALUES (27, 'laboriosam', 'nesciunt', 'buck.upton@example.net', TO_DATE('1976-01-01', 'YYYY-MM-DD'), 'id', '4c006bf954509283bbf522c77250271ca9c32876');

INSERT INTO S24_S003_T7_PERSON (PID, FName, LName, Email, DOB, Region, Password) VALUES (28, 'minima', 'saepe', 'jgoyette@example.net', TO_DATE('2013-01-25', 'YYYY-MM-DD'), 'eius', '640115c0f44b02361c6b394f1a4b6c71f09468b5');

INSERT INTO S24_S003_T7_PERSON (PID, FName, LName, Email, DOB, Region, Password) VALUES (29, 'repellendus', 'ex', 'hilpert.sigrid@example.net', TO_DATE('1988-06-19', 'YYYY-MM-DD'), 'sed', '00aa856f0cad03d59bb3fd4e4144ef248f079655');

INSERT INTO S24_S003_T7_PERSON (PID, FName, LName, Email, DOB, Region, Password) VALUES (30, 'reprehenderit', 'et', 'legros.alta@example.org', TO_DATE('1992-08-08', 'YYYY-MM-DD'), 'ducimus', '1107f932a4933c4017df9211595a720286353ed5');

INSERT INTO S24_S003_T7_PERSON (PID, FName, LName, Email, DOB, Region, Password) VALUES (31, 'deserunt', 'sint', 'matt54@example.org', TO_DATE('1979-08-11', 'YYYY-MM-DD'), 'hic', 'd0e589396754102429af3a42e63da4d8f94fc505');

INSERT INTO S24_S003_T7_PERSON (PID, FName, LName, Email, DOB, Region, Password) VALUES (32, 'tempora', 'ut', 'eswaniawski@example.org', TO_DATE('1989-06-24', 'YYYY-MM-DD'), 'ea', '48f3d8f0870ae97813ebc5cc64eeee73e7139aab');

INSERT INTO S24_S003_T7_PERSON (PID, FName, LName, Email, DOB, Region, Password) VALUES (33, 'incidunt', 'et', 'layla26@example.net', TO_DATE('1996-09-30', 'YYYY-MM-DD'), 'ex', '3964129d15551dc5eccdcdb68a99ad7c7ff5260b');

INSERT INTO S24_S003_T7_PERSON (PID, FName, LName, Email, DOB, Region, Password) VALUES (34, 'aut', 'facilis', 'erick06@example.net', TO_DATE('2003-12-21', 'YYYY-MM-DD'), 'fuga', 'ffd93cbdf003613b54b4353c2928cff18b7f9d62');

INSERT INTO S24_S003_T7_PERSON (PID, FName, LName, Email, DOB, Region, Password) VALUES (35, 'aliquid', 'aut', 'jada.bode@example.org', TO_DATE('1988-04-09', 'YYYY-MM-DD'), 'vel', '96212c1fa2afaa07f5d99cdec3513bb5de0c8af5');

INSERT INTO S24_S003_T7_PERSON (PID, FName, LName, Email, DOB, Region, Password) VALUES (36, 'molestias', 'adipisci', 'swift.marie@example.com', TO_DATE('1977-03-08', 'YYYY-MM-DD'), 'facere', 'fd453684a4c776df1f6825367b9579abf9c77acc');

INSERT INTO S24_S003_T7_PERSON (PID, FName, LName, Email, DOB, Region, Password) VALUES (37, 'corporis', 'est', 'melany54@example.org', TO_DATE('1975-05-22', 'YYYY-MM-DD'), 'vel', '37c7296d66e473f0cba1052cd6dcd0788d44addc');

INSERT INTO S24_S003_T7_PERSON (PID, FName, LName, Email, DOB, Region, Password) VALUES (38, 'praesentium', 'qui', 'jryan@example.org', TO_DATE('2001-04-04', 'YYYY-MM-DD'), 'non', '482691920c2395077fb0c2537e215b49a47d011e');

INSERT INTO S24_S003_T7_PERSON (PID, FName, LName, Email, DOB, Region, Password) VALUES (39, 'perferendis', 'qui', 'toy.meta@example.net', TO_DATE('1984-06-13', 'YYYY-MM-DD'), 'ut', 'a720c80f1648d740d99844679b028e7f52134167');

INSERT INTO S24_S003_T7_PERSON (PID, FName, LName, Email, DOB, Region, Password) VALUES (40, 'reiciendis', 'natus', 'lemke.leif@example.com', TO_DATE('1976-02-09', 'YYYY-MM-DD'), 'consequuntur', '4b22456719c62d9748520bf24ccba6455d60a61c');

INSERT INTO S24_S003_T7_PERSON (PID, FName, LName, Email, DOB, Region, Password) VALUES (41, 'nobis', 'sed', 'stracke.chester@example.net', TO_DATE('1989-05-17', 'YYYY-MM-DD'), 'sequi', 'ac6dfed516df16e58bd71fc5e226cf1ee0d55fea');

INSERT INTO S24_S003_T7_PERSON (PID, FName, LName, Email, DOB, Region, Password) VALUES (42, 'error', 'eum', 'xaltenwerth@example.com', TO_DATE('1981-12-01', 'YYYY-MM-DD'), 'aut', '416a50dc1513dd479fd6d6a6f78ddfc444975e7c');

INSERT INTO S24_S003_T7_PERSON (PID, FName, LName, Email, DOB, Region, Password) VALUES (43, 'totam', 'quis', 'sawayn.willa@example.com', TO_DATE('2010-04-27', 'YYYY-MM-DD'), 'ullam', '08209e3b3cc01d6afb3295371da8692cd265aea2');

INSERT INTO S24_S003_T7_PERSON (PID, FName, LName, Email, DOB, Region, Password) VALUES (44, 'ut', 'et', 'nikolaus.kaia@example.net', TO_DATE('1984-05-10', 'YYYY-MM-DD'), 'quia', 'cfdbb4b026350fea2432614c5335f49af9d159e3');

INSERT INTO S24_S003_T7_PERSON (PID, FName, LName, Email, DOB, Region, Password) VALUES (45, 'aut', 'sapiente', 'katlyn.erdman@example.org', TO_DATE('1972-02-01', 'YYYY-MM-DD'), 'numquam', 'ac9ffbe6f7ab0a0c23c9d8e477ed3a0b66b02bc9');

INSERT INTO S24_S003_T7_PERSON (PID, FName, LName, Email, DOB, Region, Password) VALUES (46, 'temporibus', 'molestiae', 'jakubowski.annie@example.com', TO_DATE('1983-07-24', 'YYYY-MM-DD'), 'sapiente', '5881a586bb989626b5740ad4c0dd12137b1cc00b');

INSERT INTO S24_S003_T7_PERSON (PID, FName, LName, Email, DOB, Region, Password) VALUES (47, 'vero', 'mollitia', 'windler.janis@example.net', TO_DATE('2010-10-04', 'YYYY-MM-DD'), 'voluptatem', '92f83d9d2e774aad6ba72e2e2f6ffe017aab5eec');

INSERT INTO S24_S003_T7_PERSON (PID, FName, LName, Email, DOB, Region, Password) VALUES (48, 'dicta', 'occaecati', 'anderson.litzy@example.net', TO_DATE('2007-07-06', 'YYYY-MM-DD'), 'veritatis', '6a975c153ce2b0d69fc20b47f3ed273cfbf3d2cc');

INSERT INTO S24_S003_T7_PERSON (PID, FName, LName, Email, DOB, Region, Password)
VALUES (49, 'tenetur', 'animi', 'aurelia.simonis@example.com', TO_DATE('1977-02-21', 'YYYY-MM-DD'), 'officiis', '64a5b67fe05a32bc4c9aca7626e446c5c6b3c612');

INSERT INTO S24_S003_T7_PERSON (PID, FName, LName, Email, DOB, Region, Password)
VALUES (50, 'et', 'reiciendis', 'welch.rosalee@example.net', TO_DATE('1976-07-02', 'YYYY-MM-DD'), 'ducimus', 'c638c54666ed135770f68b27e46e25b18c8e88b7');

INSERT INTO S24_S003_T7_PERSON (PID, FName, LName, Email, DOB, Region, Password)
VALUES (51, 'ullam', 'quo', 'anissa.abshire@example.com', TO_DATE('2013-03-08', 'YYYY-MM-DD'), 'minus', '40086832802b3a247596307db298161c38a984fd');

INSERT INTO S24_S003_T7_PERSON (PID, FName, LName, Email, DOB, Region, Password)
VALUES (52, 'harum', 'id', 'vwaters@example.org', TO_DATE('1970-09-06', 'YYYY-MM-DD'), 'ad', '7df992b025f6ea710eece0866bf5d817e9bc4dce');

INSERT INTO S24_S003_T7_PERSON (PID, FName, LName, Email, DOB, Region, Password)
VALUES (53, 'ut', 'cumque', 'ukuhic@example.com', TO_DATE('1988-12-03', 'YYYY-MM-DD'), 'est', '1e8bb7f0f6ddf3c70e92ee017460b5ce754e9f7c');

INSERT INTO S24_S003_T7_PERSON (PID, FName, LName, Email, DOB, Region, Password)
VALUES (54, 'et', 'rerum', 'okuneva.darren@example.net', TO_DATE('2022-03-14', 'YYYY-MM-DD'), 'nostrum', 'dc2ac35eea2e3e5022b415244c5f6bf9e35c0f2b');

INSERT INTO S24_S003_T7_PERSON (PID, FName, LName, Email, DOB, Region, Password)
VALUES (55, 'officia', 'ipsa', 'tomas21@example.com', TO_DATE('1985-12-28', 'YYYY-MM-DD'), 'velit', '6cb8141c7b0c3b80a9c64470f737226179d995b0');

INSERT INTO S24_S003_T7_PERSON (PID, FName, LName, Email, DOB, Region, Password)
VALUES (56, 'vel', 'in', 'hahn.ewald@example.net', TO_DATE('1984-07-10', 'YYYY-MM-DD'), 'quasi', '93175f3cd40cbf5f35a0b2c995240edb38847b2c');

INSERT INTO S24_S003_T7_PERSON (PID, FName, LName, Email, DOB, Region, Password)
VALUES (57, 'ut', 'velit', 'micah85@example.com', TO_DATE('1983-01-11', 'YYYY-MM-DD'), 'dolore', 'f351e0eb7a7f9c8fbaa45e750d53133cdf34a813');

INSERT INTO S24_S003_T7_PERSON (PID, FName, LName, Email, DOB, Region, Password)
VALUES (58, 'tempore', 'aut', 'cleta.wolf@example.com', TO_DATE('2022-05-25', 'YYYY-MM-DD'), 'recusandae', '6a80d7e98f1205d17fb7390a7d7dfd6b5216c4b3');

INSERT INTO S24_S003_T7_PERSON (PID, FName, LName, Email, DOB, Region, Password)
VALUES (59, 'nemo', 'illo', 'elizabeth.steuber@example.com', TO_DATE('2002-04-06', 'YYYY-MM-DD'), 'autem', '5040e7282234b25cfb48b9e91fb7aec647179a7a');

INSERT INTO S24_S003_T7_PERSON (PID, FName, LName, Email, DOB, Region, Password)
VALUES (60, 'minus', 'iusto', 'wkoelpin@example.org', TO_DATE('2017-02-07', 'YYYY-MM-DD'), 'molestiae', 'cb328a002f2aab9910e3592e2a850651c85093ef');

INSERT INTO S24_S003_T7_PERSON (PID, FName, LName, Email, DOB, Region, Password)
VALUES (61, 'voluptatem', 'dolorum', 'dane.lind@example.org', TO_DATE('2010-09-06', 'YYYY-MM-DD'), 'quas', 'f9f6efc39751b2480a21d6c3c844e25167672a4a');

INSERT INTO S24_S003_T7_PERSON (PID, FName, LName, Email, DOB, Region, Password)
VALUES (62, 'non', 'unde', 'beier.vito@example.net', TO_DATE('2005-09-26', 'YYYY-MM-DD'), 'sequi', 'ac55af5b55d72ebcbf4a11b4346a860dfbb1ef95');

INSERT INTO S24_S003_T7_PERSON (PID, FName, LName, Email, DOB, Region, Password)
VALUES (63, 'illum', 'neque', 'addie11@example.org', TO_DATE('2020-10-31', 'YYYY-MM-DD'), 'minima', '564af3c4c9bd9b775ca8aeb3d4b26f6ed94c21ae');

INSERT INTO S24_S003_T7_PERSON (PID, FName, LName, Email, DOB, Region, Password)
VALUES (64, 'perferendis', 'nihil', 'wcruickshank@example.com', TO_DATE('2013-10-12', 'YYYY-MM-DD'), 'et', 'ade126e3299b912c800666667af65a95701b141c');

INSERT INTO S24_S003_T7_PERSON (PID, FName, LName, Email, DOB, Region, Password)
VALUES (65, 'quaerat', 'omnis', 'emory.hartmann@example.com', TO_DATE('2001-08-03', 'YYYY-MM-DD'), 'tempora', '064d35be7124256d8b47781b69e289e4c9cd28c2');

INSERT INTO S24_S003_T7_PERSON (PID, FName, LName, Email, DOB, Region, Password)
VALUES (66, 'laudantium', 'quam', 'enrique59@example.org', TO_DATE('1978-12-13', 'YYYY-MM-DD'), 'asperiores', '8ea6d35a2b3b0e2ddba38f3c1c526f7e49c736d2');

INSERT INTO S24_S003_T7_PERSON (PID, FName, LName, Email, DOB, Region, Password)
VALUES (67, 'quo', 'voluptate', 'nrunolfsson@example.com', TO_DATE('2010-11-08', 'YYYY-MM-DD'), 'enim', '893b7b3a780ad32b3fc93e5770213f706691cf7f');

INSERT INTO S24_S003_T7_PERSON (PID, FName, LName, Email, DOB, Region, Password)
VALUES (68, 'officiis', 'quasi', 'o''connell.adolf@example.org', TO_DATE('2014-07-13', 'YYYY-MM-DD'), 'ipsa', '1efedf168d6f7992e27d7fbe1c30d2aca82ab473');

INSERT INTO S24_S003_T7_PERSON (PID, FName, LName, Email, DOB, Region, Password)
VALUES (69, 'asperiores', 'et', 'leanna19@example.org', TO_DATE('2012-04-02', 'YYYY-MM-DD'), 'fuga', 'fd832b393449bf10d6e3633602efbc325511d54f');

INSERT INTO S24_S003_T7_PERSON (PID, FName, LName, Email, DOB, Region, Password)
VALUES (70, 'nesciunt', 'vel', 'ebba.bradtke@example.net', TO_DATE('1999-08-14', 'YYYY-MM-DD'), 'id', 'dc95cdcf350f81a1aa2530bd8ef703feab015c35');

INSERT INTO S24_S003_T7_PERSON (PID, FName, LName, Email, DOB, Region, Password)
VALUES (71, 'fuga', 'et', 'pfeffer.angelita@example.org', TO_DATE('1998-02-11', 'YYYY-MM-DD'), 'ducimus', '974f7fe9a9d3659f986cd7b770538dcfa9028bfd');

INSERT INTO S24_S003_T7_PERSON (PID, FName, LName, Email, DOB, Region, Password)
VALUES (72, 'dolorem', 'quidem', 'vschaden@example.com', TO_DATE('2015-05-22', 'YYYY-MM-DD'), 'saepe', '08f0528475f2f63749675f5238c2b31466bf670f');

INSERT INTO S24_S003_T7_PERSON (PID, FName, LName, Email, DOB, Region, Password)
VALUES (73, 'minus', 'non', 'geraldine57@example.net', TO_DATE('1985-10-19', 'YYYY-MM-DD'), 'eum', '2ecb7da578be4fb6d5f5a61fd385a8bb284d679f');

INSERT INTO S24_S003_T7_PERSON (PID, FName, LName, Email, DOB, Region, Password)
VALUES (74, 'iure', 'suscipit', 'pschultz@example.org', TO_DATE('2000-06-13', 'YYYY-MM-DD'), 'voluptatibus', 'f9cf4dc5be22ac099afe9e5f4e1c9fe339c3e268');

INSERT INTO S24_S003_T7_PERSON (PID, FName, LName, Email, DOB, Region, Password)
VALUES (75, 'est', 'facere', 'vharvey@example.org', TO_DATE('1981-06-05', 'YYYY-MM-DD'), 'suscipit', 'a03fadc82e88f727b14a46fa21e9f15ad2611942');

INSERT INTO S24_S003_T7_PERSON (PID, FName, LName, Email, DOB, Region, Password)
VALUES (76, 'voluptatem', 'architecto', 'hkuhn@example.org', TO_DATE('2016-01-29', 'YYYY-MM-DD'), 'dolorum', '45b09c59625b09d672b4bafa414cd77148a3ecad');

INSERT INTO S24_S003_T7_PERSON (PID, FName, LName, Email, DOB, Region, Password)
VALUES (77, 'voluptatum', 'enim', 'schuyler64@example.com', TO_DATE('1994-12-17', 'YYYY-MM-DD'), 'excepturi', 'd5b0419c55fbef0d07ffd988dd308c093e1a202b');

INSERT INTO S24_S003_T7_PERSON (PID, FName, LName, Email, DOB, Region, Password)
VALUES (78, 'optio', 'est', 'marta79@example.net', TO_DATE('1990-09-25', 'YYYY-MM-DD'), 'quos', '0fe007c7e8d04aca510d1f8c160fd6b9b618651a');

INSERT INTO S24_S003_T7_PERSON (PID, FName, LName, Email, DOB, Region, Password)
VALUES (79, 'ut', 'ipsa', 'mosinski@example.com', TO_DATE('2017-11-22', 'YYYY-MM-DD'), 'ea', '2c1552b1a6b26fdc581a930d0f61b303e698570c');

INSERT INTO S24_S003_T7_PERSON (PID, FName, LName, Email, DOB, Region, Password)
VALUES (80, 'praesentium', 'sit', 'andreanne41@example.net', TO_DATE('2023-12-26', 'YYYY-MM-DD'), 'reiciendis', '9923eee991ab2121dbc21affe39e6a4ddb658a81');

INSERT INTO S24_S003_T7_PERSON (PID, FName, LName, Email, DOB, Region, Password)
VALUES (81, 'veniam', 'quibusdam', 'baumbach.anastacio@example.org', TO_DATE('1985-01-11', 'YYYY-MM-DD'), 'voluptas', '66430b2db18b5d10ded8119ab852e9406d0bfc53');

INSERT INTO S24_S003_T7_PERSON (PID, FName, LName, Email, DOB, Region, Password)
VALUES (82, 'repudiandae', 'id', 'kihn.cletus@example.net', TO_DATE('1999-05-13', 'YYYY-MM-DD'), 'libero', '76080ba19d2b5297b299390721f3d59630291c41');

INSERT INTO S24_S003_T7_PERSON (PID, FName, LName, Email, DOB, Region, Password)
VALUES (83, 'odio', 'voluptatum', 'jeanie05@example.net', TO_DATE('1992-07-28', 'YYYY-MM-DD'), 'perspiciatis', '8552e5a7a1be5f54a6a2ccc54ab1846fc1dab04f');

INSERT INTO S24_S003_T7_PERSON (PID, FName, LName, Email, DOB, Region, Password)
VALUES (84, 'cupiditate', 'consectetur', 'pjacobson@example.com', TO_DATE('1999-09-23', 'YYYY-MM-DD'), 'omnis', 'd5e594086872d327fa095bbb876aa701d8938e2b');

INSERT INTO S24_S003_T7_PERSON (PID, FName, LName, Email, DOB, Region, Password)
VALUES (85, 'sit', 'ipsa', 'ystokes@example.org', TO_DATE('2022-11-14', 'YYYY-MM-DD'), 'in', 'ab1f477d1c3ea99c61195c0a876e3cfd889a6bad');

INSERT INTO S24_S003_T7_PERSON (PID, FName, LName, Email, DOB, Region, Password)
VALUES (86, 'et', 'doloribus', 'nigel.gaylord@example.net', TO_DATE('1970-02-09', 'YYYY-MM-DD'), 'deleniti', 'f864037a6ffd2c42e545d2a066c02efa3c40cd92');

INSERT INTO S24_S003_T7_PERSON (PID, FName, LName, Email, DOB, Region, Password)
VALUES (87, 'exercitationem', 'perspiciatis', 'oglover@example.com', TO_DATE('1971-08-20', 'YYYY-MM-DD'), 'repudiandae', '773268a82f4c50fc7bb079b3e18e153267111d64');

INSERT INTO S24_S003_T7_PERSON (PID, FName, LName, Email, DOB, Region, Password)
VALUES (88, 'velit', 'sit', 'rolando.feeney@example.com', TO_DATE('2000-07-01', 'YYYY-MM-DD'), 'iure', '5da97a654d09a7a0f49352580aa900658b8806f8');

INSERT INTO S24_S003_T7_PERSON (PID, FName, LName, Email, DOB, Region, Password)
VALUES (89, 'totam', 'inventore', 'xcorwin@example.org', TO_DATE('2000-09-01', 'YYYY-MM-DD'), 'error', '23857a39d55ed9ecd607bc53a60f84d0fea937fb');

INSERT INTO S24_S003_T7_PERSON (PID, FName, LName, Email, DOB, Region, Password)
VALUES (90, 'enim', 'et', 'daugherty.tyrel@example.org', TO_DATE('2004-10-13', 'YYYY-MM-DD'), 'voluptas', 'a9bf01732b441af5e3be04d7989f3df8ff75ffae');

INSERT INTO S24_S003_T7_PERSON (PID, FName, LName, Email, DOB, Region, Password)
VALUES (91, 'laborum', 'placeat', 'lynch.mariane@example.com', TO_DATE('2011-04-15', 'YYYY-MM-DD'), 'rerum', 'ae5dd06a15eddfbe804a54740b955113e65d5071');

INSERT INTO S24_S003_T7_PERSON (PID, FName, LName, Email, DOB, Region, Password)
VALUES (92, 'odit', 'dolore', 'durgan.mekhi@example.net', TO_DATE('2012-02-23', 'YYYY-MM-DD'), 'voluptatem', 'b6c517e8c43e3478d6324239f411c29823f8900e');

INSERT INTO S24_S003_T7_PERSON (PID, FName, LName, Email, DOB, Region, Password)
VALUES (93, 'dolores', 'molestiae', 'qberge@example.com', TO_DATE('2001-01-18', 'YYYY-MM-DD'), 'qui', '67d5832eb892ac9e3273611551d2723219c77309');

INSERT INTO S24_S003_T7_PERSON (PID, FName, LName, Email, DOB, Region, Password)
VALUES (94, 'optio', 'et', 'laurianne67@example.com', TO_DATE('1997-01-12', 'YYYY-MM-DD'), 'vitae', 'f7fdb5857476b52b988a3a0b784d0c85b9a9c91e');

INSERT INTO S24_S003_T7_PERSON (PID, FName, LName, Email, DOB, Region, Password)
VALUES (95, 'molestias', 'reiciendis', 'christiansen.gilberto@example.com', TO_DATE('1998-05-26', 'YYYY-MM-DD'), 'in', 'b6f7870fe1b5d88c373d550f5cfd9c7846bf8969');

INSERT INTO S24_S003_T7_PERSON (PID, FName, LName, Email, DOB, Region, Password)
VALUES (96, 'reprehenderit', 'sunt', 'alisa.jakubowski@example.org', TO_DATE('1978-02-09', 'YYYY-MM-DD'), 'qui', '75e1ad5e6a17e11a49c732dedb5c4f0ae72a84b1');

INSERT INTO S24_S003_T7_PERSON (PID, FName, LName, Email, DOB, Region, Password)
VALUES (97, 'mollitia', 'amet', 'davis.norbert@example.org', TO_DATE('2018-08-16', 'YYYY-MM-DD'), 'et', '56ec2a3ccbc9ed86f58263167e517a66b97eb3a1');

INSERT INTO S24_S003_T7_PERSON (PID, FName, LName, Email, DOB, Region, Password)
VALUES (98, 'aut', 'quisquam', 'glowe@example.net', TO_DATE('2007-12-02', 'YYYY-MM-DD'), 'odit', 'd645b5d13e7c50064d092eb67c38e025a8dc1b6c');

INSERT INTO S24_S003_T7_PERSON (PID, FName, LName, Email, DOB, Region, Password)
VALUES (99, 'nemo', 'voluptatem', 'doyle.maymie@example.com', TO_DATE('1994-05-28', 'YYYY-MM-DD'), 'est', '41cde2be51f2a3a012ca51fee74c08f9e63b0f10');

INSERT INTO S24_S003_T7_PERSON (PID, FName, LName, Email, DOB, Region, Password)
VALUES (100, 'ut', 'cum', 'hershel.koelpin@example.com', TO_DATE('2016-07-28', 'YYYY-MM-DD'), 'sit', 'c04a1a8cf61b0447ae27801f1c881cdd5ac7e80e');

commit;

/*#
# TABLE STRUCTURE FOR: S24_S003_T7_PERSON_PHONE
#*/

INSERT INTO S24_S003_T7_PERSON_PHONE (PID, Phone) VALUES (1, '(495)733-8');

INSERT INTO S24_S003_T7_PERSON_PHONE (PID, Phone) VALUES (1, '865-917-89');

INSERT INTO S24_S003_T7_PERSON_PHONE (PID, Phone) VALUES (2, '1-070-410-');

INSERT INTO S24_S003_T7_PERSON_PHONE (PID, Phone) VALUES (2, '1-458-467-');

INSERT INTO S24_S003_T7_PERSON_PHONE (PID, Phone) VALUES (3, '348-035-91');

INSERT INTO S24_S003_T7_PERSON_PHONE (PID, Phone) VALUES (3, '836-497-77');

INSERT INTO S24_S003_T7_PERSON_PHONE (PID, Phone) VALUES (4, '(010)931-7');

INSERT INTO S24_S003_T7_PERSON_PHONE (PID, Phone) VALUES (4, '370-409-55');

INSERT INTO S24_S003_T7_PERSON_PHONE (PID, Phone) VALUES (5, '(558)063-3');

INSERT INTO S24_S003_T7_PERSON_PHONE (PID, Phone) VALUES (5, '707-242-16');

INSERT INTO S24_S003_T7_PERSON_PHONE (PID, Phone) VALUES (6, '1-163-847-');

INSERT INTO S24_S003_T7_PERSON_PHONE (PID, Phone) VALUES (6, '949.698.23');

INSERT INTO S24_S003_T7_PERSON_PHONE (PID, Phone) VALUES (7, '+17(5)3930');

INSERT INTO S24_S003_T7_PERSON_PHONE (PID, Phone) VALUES (7, '533-112-88');

INSERT INTO S24_S003_T7_PERSON_PHONE (PID, Phone) VALUES (8, '+42(7)1975');

INSERT INTO S24_S003_T7_PERSON_PHONE (PID, Phone) VALUES (8, '212-101-10');

INSERT INTO S24_S003_T7_PERSON_PHONE (PID, Phone) VALUES (9, '084.542.96');

INSERT INTO S24_S003_T7_PERSON_PHONE (PID, Phone) VALUES (9, '945.897.58');

INSERT INTO S24_S003_T7_PERSON_PHONE (PID, Phone) VALUES (10, '(964)665-4');

INSERT INTO S24_S003_T7_PERSON_PHONE (PID, Phone) VALUES (10, '0130862290');

INSERT INTO S24_S003_T7_PERSON_PHONE (PID, Phone) VALUES (11, '(292)120-5');

INSERT INTO S24_S003_T7_PERSON_PHONE (PID, Phone) VALUES (12, '974-863-01');

INSERT INTO S24_S003_T7_PERSON_PHONE (PID, Phone) VALUES (13, '035.970.75');

INSERT INTO S24_S003_T7_PERSON_PHONE (PID, Phone) VALUES (14, '0669696588');

INSERT INTO S24_S003_T7_PERSON_PHONE (PID, Phone) VALUES (15, '631.235.17');

INSERT INTO S24_S003_T7_PERSON_PHONE (PID, Phone) VALUES (16, '1-711-371-');

INSERT INTO S24_S003_T7_PERSON_PHONE (PID, Phone) VALUES (17, '566-237-53');

INSERT INTO S24_S003_T7_PERSON_PHONE (PID, Phone) VALUES (18, '1-530-671-');

INSERT INTO S24_S003_T7_PERSON_PHONE (PID, Phone) VALUES (19, '(865)201-8');

INSERT INTO S24_S003_T7_PERSON_PHONE (PID, Phone) VALUES (20, '1-468-632-');

INSERT INTO S24_S003_T7_PERSON_PHONE (PID, Phone) VALUES (21, '540.496.47');

INSERT INTO S24_S003_T7_PERSON_PHONE (PID, Phone) VALUES (22, '1-406-528-');

INSERT INTO S24_S003_T7_PERSON_PHONE (PID, Phone) VALUES (23, '0142629071');

INSERT INTO S24_S003_T7_PERSON_PHONE (PID, Phone) VALUES (24, '494-034-39');

INSERT INTO S24_S003_T7_PERSON_PHONE (PID, Phone) VALUES (25, '1-395-618-');

INSERT INTO S24_S003_T7_PERSON_PHONE (PID, Phone) VALUES (26, '1-976-394-');

INSERT INTO S24_S003_T7_PERSON_PHONE (PID, Phone) VALUES (27, '477-415-14');

INSERT INTO S24_S003_T7_PERSON_PHONE (PID, Phone) VALUES (28, '(213)272-5');

INSERT INTO S24_S003_T7_PERSON_PHONE (PID, Phone) VALUES (29, '1-439-526-');

INSERT INTO S24_S003_T7_PERSON_PHONE (PID, Phone) VALUES (30, '822.465.69');

INSERT INTO S24_S003_T7_PERSON_PHONE (PID, Phone) VALUES (31, '111-563-51');

INSERT INTO S24_S003_T7_PERSON_PHONE (PID, Phone) VALUES (32, '634-899-99');

INSERT INTO S24_S003_T7_PERSON_PHONE (PID, Phone) VALUES (33, '865-497-33');

INSERT INTO S24_S003_T7_PERSON_PHONE (PID, Phone) VALUES (34, '(387)257-3');

INSERT INTO S24_S003_T7_PERSON_PHONE (PID, Phone) VALUES (35, '(142)597-9');

INSERT INTO S24_S003_T7_PERSON_PHONE (PID, Phone) VALUES (36, '478.500.84');

INSERT INTO S24_S003_T7_PERSON_PHONE (PID, Phone) VALUES (37, '(532)952-9');

INSERT INTO S24_S003_T7_PERSON_PHONE (PID, Phone) VALUES (38, '079.081.13');

INSERT INTO S24_S003_T7_PERSON_PHONE (PID, Phone) VALUES (39, '(785)190-1');

INSERT INTO S24_S003_T7_PERSON_PHONE (PID, Phone) VALUES (40, '963-258-01');

INSERT INTO S24_S003_T7_PERSON_PHONE (PID, Phone) VALUES (41, '(321)353-4');

INSERT INTO S24_S003_T7_PERSON_PHONE (PID, Phone) VALUES (42, '191-105-57');

INSERT INTO S24_S003_T7_PERSON_PHONE (PID, Phone) VALUES (43, '(710)674-6');

INSERT INTO S24_S003_T7_PERSON_PHONE (PID, Phone) VALUES (44, '428.102.99');

INSERT INTO S24_S003_T7_PERSON_PHONE (PID, Phone) VALUES (45, '0489231545');

INSERT INTO S24_S003_T7_PERSON_PHONE (PID, Phone) VALUES (46, '917-227-32');

INSERT INTO S24_S003_T7_PERSON_PHONE (PID, Phone) VALUES (47, '0024128208');

INSERT INTO S24_S003_T7_PERSON_PHONE (PID, Phone) VALUES (48, '+93(5)9714');

INSERT INTO S24_S003_T7_PERSON_PHONE (PID, Phone) VALUES (49, '1-844-828-');

INSERT INTO S24_S003_T7_PERSON_PHONE (PID, Phone) VALUES (50, '(411)363-1');

INSERT INTO S24_S003_T7_PERSON_PHONE (PID, Phone) VALUES (51, '222.936.14');

INSERT INTO S24_S003_T7_PERSON_PHONE (PID, Phone) VALUES (52, '466-479-46');

INSERT INTO S24_S003_T7_PERSON_PHONE (PID, Phone) VALUES (53, '(042)761-0');

INSERT INTO S24_S003_T7_PERSON_PHONE (PID, Phone) VALUES (54, '0554482385');

INSERT INTO S24_S003_T7_PERSON_PHONE (PID, Phone) VALUES (55, '(852)935-4');

INSERT INTO S24_S003_T7_PERSON_PHONE (PID, Phone) VALUES (56, '+36(2)5192');

INSERT INTO S24_S003_T7_PERSON_PHONE (PID, Phone) VALUES (57, '(870)353-1');

INSERT INTO S24_S003_T7_PERSON_PHONE (PID, Phone) VALUES (58, '+04(3)4557');

INSERT INTO S24_S003_T7_PERSON_PHONE (PID, Phone) VALUES (59, '0135303844');

INSERT INTO S24_S003_T7_PERSON_PHONE (PID, Phone) VALUES (60, '234.537.08');

INSERT INTO S24_S003_T7_PERSON_PHONE (PID, Phone) VALUES (61, '(077)167-1');

INSERT INTO S24_S003_T7_PERSON_PHONE (PID, Phone) VALUES (62, '601-673-51');

INSERT INTO S24_S003_T7_PERSON_PHONE (PID, Phone) VALUES (63, '212-501-30');

INSERT INTO S24_S003_T7_PERSON_PHONE (PID, Phone) VALUES (64, '522-023-00');

INSERT INTO S24_S003_T7_PERSON_PHONE (PID, Phone) VALUES (65, '(365)843-1');

INSERT INTO S24_S003_T7_PERSON_PHONE (PID, Phone) VALUES (66, '166.454.37');

INSERT INTO S24_S003_T7_PERSON_PHONE (PID, Phone) VALUES (67, '922-517-48');

INSERT INTO S24_S003_T7_PERSON_PHONE (PID, Phone) VALUES (68, '932.987.35');

INSERT INTO S24_S003_T7_PERSON_PHONE (PID, Phone) VALUES (69, '1-161-551-');

INSERT INTO S24_S003_T7_PERSON_PHONE (PID, Phone) VALUES (70, '755.376.52');

INSERT INTO S24_S003_T7_PERSON_PHONE (PID, Phone) VALUES (71, '1-091-065-');

INSERT INTO S24_S003_T7_PERSON_PHONE (PID, Phone) VALUES (72, '1-912-490-');

INSERT INTO S24_S003_T7_PERSON_PHONE (PID, Phone) VALUES (73, '1-281-724-');

INSERT INTO S24_S003_T7_PERSON_PHONE (PID, Phone) VALUES (74, '0843579347');

INSERT INTO S24_S003_T7_PERSON_PHONE (PID, Phone) VALUES (75, '0265288002');

INSERT INTO S24_S003_T7_PERSON_PHONE (PID, Phone) VALUES (76, '630.888.21');

INSERT INTO S24_S003_T7_PERSON_PHONE (PID, Phone) VALUES (77, '(599)294-7');

INSERT INTO S24_S003_T7_PERSON_PHONE (PID, Phone) VALUES (78, '084-320-69');

INSERT INTO S24_S003_T7_PERSON_PHONE (PID, Phone) VALUES (79, '537.542.69');

INSERT INTO S24_S003_T7_PERSON_PHONE (PID, Phone) VALUES (80, '558-034-45');

INSERT INTO S24_S003_T7_PERSON_PHONE (PID, Phone) VALUES (81, '+55(8)8766');

INSERT INTO S24_S003_T7_PERSON_PHONE (PID, Phone) VALUES (82, '983-617-76');

INSERT INTO S24_S003_T7_PERSON_PHONE (PID, Phone) VALUES (83, '882.737.81');

INSERT INTO S24_S003_T7_PERSON_PHONE (PID, Phone) VALUES (84, '0724626540');

INSERT INTO S24_S003_T7_PERSON_PHONE (PID, Phone) VALUES (85, '(966)574-5');

INSERT INTO S24_S003_T7_PERSON_PHONE (PID, Phone) VALUES (86, '1-558-777-');

INSERT INTO S24_S003_T7_PERSON_PHONE (PID, Phone) VALUES (87, '101-392-48');

INSERT INTO S24_S003_T7_PERSON_PHONE (PID, Phone) VALUES (88, '1-423-285-');

INSERT INTO S24_S003_T7_PERSON_PHONE (PID, Phone) VALUES (89, '1-952-875-');

INSERT INTO S24_S003_T7_PERSON_PHONE (PID, Phone) VALUES (90, '1-184-489-');

INSERT INTO S24_S003_T7_PERSON_PHONE (PID, Phone) VALUES (91, '1-571-862-');

INSERT INTO S24_S003_T7_PERSON_PHONE (PID, Phone) VALUES (92, '540.541.65');

INSERT INTO S24_S003_T7_PERSON_PHONE (PID, Phone) VALUES (93, '954.850.72');

INSERT INTO S24_S003_T7_PERSON_PHONE (PID, Phone) VALUES (94, '429.637.98');

INSERT INTO S24_S003_T7_PERSON_PHONE (PID, Phone) VALUES (95, '(814)297-1');

INSERT INTO S24_S003_T7_PERSON_PHONE (PID, Phone) VALUES (96, '1-488-886-');

INSERT INTO S24_S003_T7_PERSON_PHONE (PID, Phone) VALUES (97, '379.131.65');

INSERT INTO S24_S003_T7_PERSON_PHONE (PID, Phone) VALUES (98, '(627)680-7');

INSERT INTO S24_S003_T7_PERSON_PHONE (PID, Phone) VALUES (99, '(362)708-1');

INSERT INTO S24_S003_T7_PERSON_PHONE (PID, Phone) VALUES (100, '(754)315-7');

commit;


-- TABLE STRUCTURE FOR: S24_S003_T7_USER

INSERT INTO S24_S003_T7_USER (UPID, Following, Timestamp) VALUES (1, 91, TO_TIMESTAMP('1997-07-16 06:47:23', 'YYYY-MM-DD HH24:MI:SS'));

INSERT INTO S24_S003_T7_USER (UPID, Following, Timestamp) VALUES (2, 36, TO_TIMESTAMP('1975-12-19 04:37:43', 'YYYY-MM-DD HH24:MI:SS'));

INSERT INTO S24_S003_T7_USER (UPID, Following, Timestamp) VALUES (3, 95, TO_TIMESTAMP('2020-03-17 01:29:26', 'YYYY-MM-DD HH24:MI:SS'));

INSERT INTO S24_S003_T7_USER (UPID, Following, Timestamp) VALUES (4, 78, TO_TIMESTAMP('2000-06-23 07:12:17', 'YYYY-MM-DD HH24:MI:SS'));

INSERT INTO S24_S003_T7_USER (UPID, Following, Timestamp) VALUES (5, 10, TO_TIMESTAMP('2012-09-03 10:41:19', 'YYYY-MM-DD HH24:MI:SS'));

INSERT INTO S24_S003_T7_USER (UPID, Following, Timestamp) VALUES (6, 83, TO_TIMESTAMP('1971-06-06 01:24:18', 'YYYY-MM-DD HH24:MI:SS'));

INSERT INTO S24_S003_T7_USER (UPID, Following, Timestamp) VALUES (7, 58, TO_TIMESTAMP('2014-02-07 06:38:23', 'YYYY-MM-DD HH24:MI:SS'));

INSERT INTO S24_S003_T7_USER (UPID, Following, Timestamp) VALUES (8, 27, TO_TIMESTAMP('1993-10-20 20:04:18', 'YYYY-MM-DD HH24:MI:SS'));

INSERT INTO S24_S003_T7_USER (UPID, Following, Timestamp) VALUES (9, 46, TO_TIMESTAMP('2000-02-09 00:02:01', 'YYYY-MM-DD HH24:MI:SS'));

INSERT INTO S24_S003_T7_USER (UPID, Following, Timestamp) VALUES (10, 21, TO_TIMESTAMP('1983-05-23 02:59:27', 'YYYY-MM-DD HH24:MI:SS'));

INSERT INTO S24_S003_T7_USER (UPID, Following, Timestamp) VALUES (11, 23, TO_TIMESTAMP('2006-12-07 19:22:42', 'YYYY-MM-DD HH24:MI:SS'));

INSERT INTO S24_S003_T7_USER (UPID, Following, Timestamp) VALUES (12, 44, TO_TIMESTAMP('2013-10-26 13:11:06', 'YYYY-MM-DD HH24:MI:SS'));

INSERT INTO S24_S003_T7_USER (UPID, Following, Timestamp) VALUES (13, 67, TO_TIMESTAMP('2009-10-21 05:12:21', 'YYYY-MM-DD HH24:MI:SS'));

INSERT INTO S24_S003_T7_USER (UPID, Following, Timestamp) VALUES (14, 38, TO_TIMESTAMP('1975-01-08 01:55:21', 'YYYY-MM-DD HH24:MI:SS'));

INSERT INTO S24_S003_T7_USER (UPID, Following, Timestamp) VALUES (15, 86, TO_TIMESTAMP('2000-12-25 06:53:05', 'YYYY-MM-DD HH24:MI:SS'));

INSERT INTO S24_S003_T7_USER (UPID, Following, Timestamp) VALUES (16, 28, TO_TIMESTAMP('1993-03-07 10:57:39', 'YYYY-MM-DD HH24:MI:SS'));

INSERT INTO S24_S003_T7_USER (UPID, Following, Timestamp) VALUES (17, 73, TO_TIMESTAMP('1997-04-24 04:54:14', 'YYYY-MM-DD HH24:MI:SS'));

INSERT INTO S24_S003_T7_USER (UPID, Following, Timestamp) VALUES (18, 32, TO_TIMESTAMP('2012-03-21 19:37:30', 'YYYY-MM-DD HH24:MI:SS'));

INSERT INTO S24_S003_T7_USER (UPID, Following, Timestamp) VALUES (19, 91, TO_TIMESTAMP('2009-11-30 08:19:20', 'YYYY-MM-DD HH24:MI:SS'));

INSERT INTO S24_S003_T7_USER (UPID, Following, Timestamp) VALUES (20, 60, TO_TIMESTAMP('2003-10-13 11:54:08', 'YYYY-MM-DD HH24:MI:SS'));

INSERT INTO S24_S003_T7_USER (UPID, Following, Timestamp) VALUES (21, 93, TO_TIMESTAMP('1977-01-03 19:14:37', 'YYYY-MM-DD HH24:MI:SS'));

INSERT INTO S24_S003_T7_USER (UPID, Following, Timestamp) VALUES (22, 17, TO_TIMESTAMP('1996-07-25 09:25:03', 'YYYY-MM-DD HH24:MI:SS'));

INSERT INTO S24_S003_T7_USER (UPID, Following, Timestamp) VALUES (23, 82, TO_TIMESTAMP('1989-06-26 20:49:53', 'YYYY-MM-DD HH24:MI:SS'));

INSERT INTO S24_S003_T7_USER (UPID, Following, Timestamp) VALUES (24, 90, TO_TIMESTAMP('1996-12-10 02:50:12', 'YYYY-MM-DD HH24:MI:SS'));

INSERT INTO S24_S003_T7_USER (UPID, Following, Timestamp) VALUES (25, 66, TO_TIMESTAMP('2019-11-13 07:23:23', 'YYYY-MM-DD HH24:MI:SS'));

INSERT INTO S24_S003_T7_USER (UPID, Following, Timestamp) VALUES (26, 70, TO_TIMESTAMP('1985-03-13 04:09:04', 'YYYY-MM-DD HH24:MI:SS'));

INSERT INTO S24_S003_T7_USER (UPID, Following, Timestamp) VALUES (27, 90, TO_TIMESTAMP('2019-05-18 23:05:58', 'YYYY-MM-DD HH24:MI:SS'));

INSERT INTO S24_S003_T7_USER (UPID, Following, Timestamp) VALUES (28, 68, TO_TIMESTAMP('1993-09-09 06:42:40', 'YYYY-MM-DD HH24:MI:SS'));

INSERT INTO S24_S003_T7_USER (UPID, Following, Timestamp) VALUES (29, 79, TO_TIMESTAMP('2005-06-04 08:29:01', 'YYYY-MM-DD HH24:MI:SS'));

INSERT INTO S24_S003_T7_USER (UPID, Following, Timestamp) VALUES (30, 40, TO_TIMESTAMP('1979-05-23 07:39:30', 'YYYY-MM-DD HH24:MI:SS'));

INSERT INTO S24_S003_T7_USER (UPID, Following, Timestamp) VALUES (31, 34, TO_TIMESTAMP('2022-06-05 16:12:57', 'YYYY-MM-DD HH24:MI:SS'));

INSERT INTO S24_S003_T7_USER (UPID, Following, Timestamp) VALUES (32, 65, TO_TIMESTAMP('1997-01-01 17:36:49', 'YYYY-MM-DD HH24:MI:SS'));

INSERT INTO S24_S003_T7_USER (UPID, Following, Timestamp) VALUES (33, 58, TO_TIMESTAMP('1992-05-24 19:17:03', 'YYYY-MM-DD HH24:MI:SS'));

INSERT INTO S24_S003_T7_USER (UPID, Following, Timestamp) VALUES (34, 21, TO_TIMESTAMP('1988-04-16 21:12:46', 'YYYY-MM-DD HH24:MI:SS'));

INSERT INTO S24_S003_T7_USER (UPID, Following, Timestamp) VALUES (35, 6, TO_TIMESTAMP('2022-06-11 16:30:51', 'YYYY-MM-DD HH24:MI:SS'));

INSERT INTO S24_S003_T7_USER (UPID, Following, Timestamp) VALUES (36, 14, TO_TIMESTAMP('1992-01-31 17:13:40', 'YYYY-MM-DD HH24:MI:SS'));

INSERT INTO S24_S003_T7_USER (UPID, Following, Timestamp) VALUES (37, 16, TO_TIMESTAMP('2000-12-23 19:45:54', 'YYYY-MM-DD HH24:MI:SS'));

INSERT INTO S24_S003_T7_USER (UPID, Following, Timestamp) VALUES (38, 54, TO_TIMESTAMP('1989-06-19 04:15:23', 'YYYY-MM-DD HH24:MI:SS'));

INSERT INTO S24_S003_T7_USER (UPID, Following, Timestamp) VALUES (39, 19, TO_TIMESTAMP('1998-09-20 14:23:13', 'YYYY-MM-DD HH24:MI:SS'));

INSERT INTO S24_S003_T7_USER (UPID, Following, Timestamp) VALUES (40, 2, TO_TIMESTAMP('2012-02-08 07:15:30', 'YYYY-MM-DD HH24:MI:SS'));

INSERT INTO S24_S003_T7_USER (UPID, Following, Timestamp) VALUES (41, 28, TO_TIMESTAMP('2018-02-28 22:25:31', 'YYYY-MM-DD HH24:MI:SS'));

INSERT INTO S24_S003_T7_USER (UPID, Following, Timestamp) VALUES (42, 55, TO_TIMESTAMP('1975-01-06 13:52:30', 'YYYY-MM-DD HH24:MI:SS'));

INSERT INTO S24_S003_T7_USER (UPID, Following, Timestamp) VALUES (43, 21, TO_TIMESTAMP('1980-08-26 18:13:43', 'YYYY-MM-DD HH24:MI:SS'));

INSERT INTO S24_S003_T7_USER (UPID, Following, Timestamp) VALUES (44, 7, TO_TIMESTAMP('1995-04-21 15:14:49', 'YYYY-MM-DD HH24:MI:SS'));

INSERT INTO S24_S003_T7_USER (UPID, Following, Timestamp) VALUES (45, 2, TO_TIMESTAMP('1983-07-29 19:54:17', 'YYYY-MM-DD HH24:MI:SS'));

INSERT INTO S24_S003_T7_USER (UPID, Following, Timestamp) VALUES (46, 29, TO_TIMESTAMP('1993-06-13 09:34:30', 'YYYY-MM-DD HH24:MI:SS'));

INSERT INTO S24_S003_T7_USER (UPID, Following, Timestamp) VALUES (47, 51, TO_TIMESTAMP('2002-10-16 15:13:45', 'YYYY-MM-DD HH24:MI:SS'));

INSERT INTO S24_S003_T7_USER (UPID, Following, Timestamp) VALUES (48, 77, TO_TIMESTAMP('2009-12-24 07:36:15', 'YYYY-MM-DD HH24:MI:SS'));

INSERT INTO S24_S003_T7_USER (UPID, Following, Timestamp) VALUES (49, 6, TO_TIMESTAMP('1983-12-24 03:01:43', 'YYYY-MM-DD HH24:MI:SS'));

INSERT INTO S24_S003_T7_USER (UPID, Following, Timestamp) VALUES (50, 14, TO_TIMESTAMP('2015-04-26 22:29:56', 'YYYY-MM-DD HH24:MI:SS'));

INSERT INTO S24_S003_T7_USER (UPID, Following, Timestamp) VALUES (51, 91, TO_TIMESTAMP('2005-12-09 01:55:26', 'YYYY-MM-DD HH24:MI:SS'));

INSERT INTO S24_S003_T7_USER (UPID, Following, Timestamp) VALUES (52, 67, TO_TIMESTAMP('1975-02-10 21:35:07', 'YYYY-MM-DD HH24:MI:SS'));

INSERT INTO S24_S003_T7_USER (UPID, Following, Timestamp) VALUES (53, 71, TO_TIMESTAMP('1984-02-14 22:34:43', 'YYYY-MM-DD HH24:MI:SS'));

INSERT INTO S24_S003_T7_USER (UPID, Following, Timestamp) VALUES (54, 37, TO_TIMESTAMP('1987-10-12 23:42:46', 'YYYY-MM-DD HH24:MI:SS'));

INSERT INTO S24_S003_T7_USER (UPID, Following, Timestamp) VALUES (55, 1, TO_TIMESTAMP('1994-06-01 07:20:21', 'YYYY-MM-DD HH24:MI:SS'));

INSERT INTO S24_S003_T7_USER (UPID, Following, Timestamp) VALUES (56, 70, TO_TIMESTAMP('1975-06-28 07:51:25', 'YYYY-MM-DD HH24:MI:SS'));

INSERT INTO S24_S003_T7_USER (UPID, Following, Timestamp) VALUES (57, 66, TO_TIMESTAMP('1990-12-10 15:27:04', 'YYYY-MM-DD HH24:MI:SS'));

INSERT INTO S24_S003_T7_USER (UPID, Following, Timestamp) VALUES (58, 39, TO_TIMESTAMP('2016-04-28 15:46:38', 'YYYY-MM-DD HH24:MI:SS'));

INSERT INTO S24_S003_T7_USER (UPID, Following, Timestamp) VALUES (59, 49, TO_TIMESTAMP('1996-06-24 19:16:31', 'YYYY-MM-DD HH24:MI:SS'));

INSERT INTO S24_S003_T7_USER (UPID, Following, Timestamp) VALUES (60, 76, TO_TIMESTAMP('2003-11-24 05:46:05', 'YYYY-MM-DD HH24:MI:SS'));

INSERT INTO S24_S003_T7_USER (UPID, Following, Timestamp) VALUES (61, 62, TO_TIMESTAMP('1987-07-07 08:24:23', 'YYYY-MM-DD HH24:MI:SS'));

INSERT INTO S24_S003_T7_USER (UPID, Following, Timestamp) VALUES (62, 92, TO_TIMESTAMP('1984-02-23 02:45:44', 'YYYY-MM-DD HH24:MI:SS'));

INSERT INTO S24_S003_T7_USER (UPID, Following, Timestamp) VALUES (63, 41, TO_TIMESTAMP('1997-02-07 22:44:32', 'YYYY-MM-DD HH24:MI:SS'));

INSERT INTO S24_S003_T7_USER (UPID, Following, Timestamp) VALUES (64, 95, TO_TIMESTAMP('1988-04-23 04:39:24', 'YYYY-MM-DD HH24:MI:SS'));

INSERT INTO S24_S003_T7_USER (UPID, Following, Timestamp) VALUES (65, 55, TO_TIMESTAMP('1974-10-11 05:34:21', 'YYYY-MM-DD HH24:MI:SS'));

INSERT INTO S24_S003_T7_USER (UPID, Following, Timestamp) VALUES (66, 17, TO_TIMESTAMP('2008-11-20 08:30:05', 'YYYY-MM-DD HH24:MI:SS'));

INSERT INTO S24_S003_T7_USER (UPID, Following, Timestamp) VALUES (67, 6, TO_TIMESTAMP('2017-10-28 05:12:04', 'YYYY-MM-DD HH24:MI:SS'));

INSERT INTO S24_S003_T7_USER (UPID, Following, Timestamp) VALUES (68, 59, TO_TIMESTAMP('1992-03-26 03:22:35', 'YYYY-MM-DD HH24:MI:SS'));

INSERT INTO S24_S003_T7_USER (UPID, Following, Timestamp) VALUES (69, 7, TO_TIMESTAMP('2020-06-28 23:42:33', 'YYYY-MM-DD HH24:MI:SS'));

INSERT INTO S24_S003_T7_USER (UPID, Following, Timestamp) VALUES (70, 36, TO_TIMESTAMP('1993-03-14 01:10:35', 'YYYY-MM-DD HH24:MI:SS'));

INSERT INTO S24_S003_T7_USER (UPID, Following, Timestamp) VALUES (71, 33, TO_TIMESTAMP('1993-04-23 09:24:04', 'YYYY-MM-DD HH24:MI:SS'));

INSERT INTO S24_S003_T7_USER (UPID, Following, Timestamp) VALUES (72, 39, TO_TIMESTAMP('2020-05-07 20:03:21', 'YYYY-MM-DD HH24:MI:SS'));

INSERT INTO S24_S003_T7_USER (UPID, Following, Timestamp) VALUES (73, 34, TO_TIMESTAMP('1986-02-23 18:09:02', 'YYYY-MM-DD HH24:MI:SS'));

INSERT INTO S24_S003_T7_USER (UPID, Following, Timestamp) VALUES (74, 17, TO_TIMESTAMP('1988-01-08 00:34:48', 'YYYY-MM-DD HH24:MI:SS'));

INSERT INTO S24_S003_T7_USER (UPID, Following, Timestamp) VALUES (75, 95, TO_TIMESTAMP('1986-12-18 10:21:51', 'YYYY-MM-DD HH24:MI:SS'));

INSERT INTO S24_S003_T7_USER (UPID, Following, Timestamp) VALUES (76, 38, TO_TIMESTAMP('2014-12-01 23:55:16', 'YYYY-MM-DD HH24:MI:SS'));

INSERT INTO S24_S003_T7_USER (UPID, Following, Timestamp) VALUES (77, 38, TO_TIMESTAMP('1987-07-28 08:34:33', 'YYYY-MM-DD HH24:MI:SS'));

INSERT INTO S24_S003_T7_USER (UPID, Following, Timestamp) VALUES (78, 10, TO_TIMESTAMP('2022-12-30 20:56:29', 'YYYY-MM-DD HH24:MI:SS'));

INSERT INTO S24_S003_T7_USER (UPID, Following, Timestamp) VALUES (79, 14, TO_TIMESTAMP('2021-05-05 20:54:24', 'YYYY-MM-DD HH24:MI:SS'));

INSERT INTO S24_S003_T7_USER (UPID, Following, Timestamp) VALUES (80, 53, TO_TIMESTAMP('2009-09-03 17:54:53', 'YYYY-MM-DD HH24:MI:SS'));

INSERT INTO S24_S003_T7_USER (UPID, Following, Timestamp) VALUES (81, 89, TO_TIMESTAMP('1974-04-12 19:25:46', 'YYYY-MM-DD HH24:MI:SS'));

INSERT INTO S24_S003_T7_USER (UPID, Following, Timestamp) VALUES (82, 84, TO_TIMESTAMP('1976-02-29 14:17:23', 'YYYY-MM-DD HH24:MI:SS'));

INSERT INTO S24_S003_T7_USER (UPID, Following, Timestamp) VALUES (83, 48, TO_TIMESTAMP('1994-04-01 17:30:04', 'YYYY-MM-DD HH24:MI:SS'));

INSERT INTO S24_S003_T7_USER (UPID, Following, Timestamp) VALUES (84, 26, TO_TIMESTAMP('1989-03-26 19:16:50', 'YYYY-MM-DD HH24:MI:SS'));

INSERT INTO S24_S003_T7_USER (UPID, Following, Timestamp) VALUES (85, 40, TO_TIMESTAMP('2004-03-30 14:34:18', 'YYYY-MM-DD HH24:MI:SS'));

INSERT INTO S24_S003_T7_USER (UPID, Following, Timestamp) VALUES (86, 46, TO_TIMESTAMP('1976-02-08 19:40:58', 'YYYY-MM-DD HH24:MI:SS'));

INSERT INTO S24_S003_T7_USER (UPID, Following, Timestamp) VALUES (87, 25, TO_TIMESTAMP('1976-08-25 13:29:04', 'YYYY-MM-DD HH24:MI:SS'));

INSERT INTO S24_S003_T7_USER (UPID, Following, Timestamp) VALUES (88, 47, TO_TIMESTAMP('1994-04-01 08:37:25', 'YYYY-MM-DD HH24:MI:SS'));

INSERT INTO S24_S003_T7_USER (UPID, Following, Timestamp) VALUES (89, 56, TO_TIMESTAMP('1989-10-20 18:06:19', 'YYYY-MM-DD HH24:MI:SS'));

INSERT INTO S24_S003_T7_USER (UPID, Following, Timestamp) VALUES (90, 61, TO_TIMESTAMP('1978-11-09 14:36:21', 'YYYY-MM-DD HH24:MI:SS'));

INSERT INTO S24_S003_T7_USER (UPID, Following, Timestamp) VALUES (91, 37, TO_TIMESTAMP('2018-09-27 01:08:41', 'YYYY-MM-DD HH24:MI:SS'));

INSERT INTO S24_S003_T7_USER (UPID, Following, Timestamp) VALUES (92, 14, TO_TIMESTAMP('1978-12-02 01:06:27', 'YYYY-MM-DD HH24:MI:SS'));

INSERT INTO S24_S003_T7_USER (UPID, Following, Timestamp) VALUES (93, 46, TO_TIMESTAMP('2013-07-31 11:28:40', 'YYYY-MM-DD HH24:MI:SS'));

INSERT INTO S24_S003_T7_USER (UPID, Following, Timestamp) VALUES (94, 98, TO_TIMESTAMP('2021-03-14 21:15:42', 'YYYY-MM-DD HH24:MI:SS'));

INSERT INTO S24_S003_T7_USER (UPID, Following, Timestamp) VALUES (95, 53, TO_TIMESTAMP('2002-08-05 15:32:25', 'YYYY-MM-DD HH24:MI:SS'));

INSERT INTO S24_S003_T7_USER (UPID, Following, Timestamp) VALUES (96, 46, TO_TIMESTAMP('2012-11-10 11:02:37', 'YYYY-MM-DD HH24:MI:SS'));

INSERT INTO S24_S003_T7_USER (UPID, Following, Timestamp) VALUES (97, 82, TO_TIMESTAMP('1971-12-31 12:43:23', 'YYYY-MM-DD HH24:MI:SS'));

INSERT INTO S24_S003_T7_USER (UPID, Following, Timestamp) VALUES (98, 56, TO_TIMESTAMP('2009-03-31 15:03:34', 'YYYY-MM-DD HH24:MI:SS'));

INSERT INTO S24_S003_T7_USER (UPID, Following, Timestamp) VALUES (99, 80, TO_TIMESTAMP('2003-11-13 21:47:10', 'YYYY-MM-DD HH24:MI:SS'));

INSERT INTO S24_S003_T7_USER (UPID, Following, Timestamp) VALUES (100, 72, TO_TIMESTAMP('1976-06-05 21:11:06', 'YYYY-MM-DD HH24:MI:SS'));

commit;

/*#
# TABLE STRUCTURE FOR: S24_S003_T7_ARTIST
#*/

INSERT INTO S24_S003_T7_ARTIST (APID, Followers) VALUES (1, 24);
INSERT INTO S24_S003_T7_ARTIST (APID, Followers) VALUES (2, 33);
INSERT INTO S24_S003_T7_ARTIST (APID, Followers) VALUES (3, 93);
INSERT INTO S24_S003_T7_ARTIST (APID, Followers) VALUES (4, 56);
INSERT INTO S24_S003_T7_ARTIST (APID, Followers) VALUES (5, 44);
INSERT INTO S24_S003_T7_ARTIST (APID, Followers) VALUES (6, 42);
INSERT INTO S24_S003_T7_ARTIST (APID, Followers) VALUES (7, 16);
INSERT INTO S24_S003_T7_ARTIST (APID, Followers) VALUES (8, 91);
INSERT INTO S24_S003_T7_ARTIST (APID, Followers) VALUES (9, 17);
INSERT INTO S24_S003_T7_ARTIST (APID, Followers) VALUES (10, 24);
INSERT INTO S24_S003_T7_ARTIST (APID, Followers) VALUES (11, 31);
INSERT INTO S24_S003_T7_ARTIST (APID, Followers) VALUES (12, 44);
INSERT INTO S24_S003_T7_ARTIST (APID, Followers) VALUES (13, 86);
INSERT INTO S24_S003_T7_ARTIST (APID, Followers) VALUES (14, 42);
INSERT INTO S24_S003_T7_ARTIST (APID, Followers) VALUES (15, 80);
INSERT INTO S24_S003_T7_ARTIST (APID, Followers) VALUES (16, 94);
INSERT INTO S24_S003_T7_ARTIST (APID, Followers) VALUES (17, 40);
INSERT INTO S24_S003_T7_ARTIST (APID, Followers) VALUES (18, 88);
INSERT INTO S24_S003_T7_ARTIST (APID, Followers) VALUES (19, 47);
INSERT INTO S24_S003_T7_ARTIST (APID, Followers) VALUES (20, 79);
INSERT INTO S24_S003_T7_ARTIST (APID, Followers) VALUES (21, 42);
INSERT INTO S24_S003_T7_ARTIST (APID, Followers) VALUES (22, 6);
INSERT INTO S24_S003_T7_ARTIST (APID, Followers) VALUES (23, 63);
INSERT INTO S24_S003_T7_ARTIST (APID, Followers) VALUES (24, 51);
INSERT INTO S24_S003_T7_ARTIST (APID, Followers) VALUES (25, 9);
INSERT INTO S24_S003_T7_ARTIST (APID, Followers) VALUES (26, 34);
INSERT INTO S24_S003_T7_ARTIST (APID, Followers) VALUES (27, 52);
INSERT INTO S24_S003_T7_ARTIST (APID, Followers) VALUES (28, 4);
INSERT INTO S24_S003_T7_ARTIST (APID, Followers) VALUES (29, 61);
INSERT INTO S24_S003_T7_ARTIST (APID, Followers) VALUES (30, 36);
INSERT INTO S24_S003_T7_ARTIST (APID, Followers) VALUES (31, 37);
INSERT INTO S24_S003_T7_ARTIST (APID, Followers) VALUES (32, 25);
INSERT INTO S24_S003_T7_ARTIST (APID, Followers) VALUES (33, 37);
INSERT INTO S24_S003_T7_ARTIST (APID, Followers) VALUES (34, 72);
INSERT INTO S24_S003_T7_ARTIST (APID, Followers) VALUES (35, 83);
INSERT INTO S24_S003_T7_ARTIST (APID, Followers) VALUES (36, 63);
INSERT INTO S24_S003_T7_ARTIST (APID, Followers) VALUES (37, 87);
INSERT INTO S24_S003_T7_ARTIST (APID, Followers) VALUES (38, 7);
INSERT INTO S24_S003_T7_ARTIST (APID, Followers) VALUES (39, 45);
INSERT INTO S24_S003_T7_ARTIST (APID, Followers) VALUES (40, 90);
INSERT INTO S24_S003_T7_ARTIST (APID, Followers) VALUES (41, 63);
INSERT INTO S24_S003_T7_ARTIST (APID, Followers) VALUES (42, 66);
INSERT INTO S24_S003_T7_ARTIST (APID, Followers) VALUES (43, 96);
INSERT INTO S24_S003_T7_ARTIST (APID, Followers) VALUES (44, 14);
INSERT INTO S24_S003_T7_ARTIST (APID, Followers) VALUES (45, 63);
INSERT INTO S24_S003_T7_ARTIST (APID, Followers) VALUES (46, 76);
INSERT INTO S24_S003_T7_ARTIST (APID, Followers) VALUES (47, 74);
INSERT INTO S24_S003_T7_ARTIST (APID, Followers) VALUES (48, 41);
INSERT INTO S24_S003_T7_ARTIST (APID, Followers) VALUES (49, 63);
INSERT INTO S24_S003_T7_ARTIST (APID, Followers) VALUES (50, 23);

commit;


/*#
# TABLE STRUCTURE FOR: S24_S003_T7_PODCAST
#*/

INSERT INTO S24_S003_T7_PODCAST (PodcastID, Subscribers, Name, Timestamp, APID, GID) VALUES (1, NULL, 'debitis', TO_TIMESTAMP('2007-04-20 09:27:24', 'YYYY-MM-DD HH24:MI:SS'), 40, 5);

INSERT INTO S24_S003_T7_PODCAST (PodcastID, Subscribers, Name, Timestamp, APID, GID) VALUES (2, NULL, 'consequuntur', TO_TIMESTAMP('2003-02-25 19:58:37', 'YYYY-MM-DD HH24:MI:SS'), 10, 5);

INSERT INTO S24_S003_T7_PODCAST (PodcastID, Subscribers, Name, Timestamp, APID, GID) VALUES (3, NULL, 'tempora', TO_TIMESTAMP('1982-09-03 17:41:20', 'YYYY-MM-DD HH24:MI:SS'), 7, 2);

INSERT INTO S24_S003_T7_PODCAST (PodcastID, Subscribers, Name, Timestamp, APID, GID) VALUES (4, NULL, 'blanditiis', TO_TIMESTAMP('1985-09-29 20:45:48', 'YYYY-MM-DD HH24:MI:SS'), 3, 3);

INSERT INTO S24_S003_T7_PODCAST (PodcastID, Subscribers, Name, Timestamp, APID, GID) VALUES (5, NULL, 'sit', TO_TIMESTAMP('1992-06-01 15:53:24', 'YYYY-MM-DD HH24:MI:SS'), 18, 3);

INSERT INTO S24_S003_T7_PODCAST (PodcastID, Subscribers, Name, Timestamp, APID, GID) VALUES (6, NULL, 'perferendis', TO_TIMESTAMP('1972-08-21 18:46:08', 'YYYY-MM-DD HH24:MI:SS'), 5, 5);

INSERT INTO S24_S003_T7_PODCAST (PodcastID, Subscribers, Name, Timestamp, APID, GID) VALUES (7, NULL, 'qui', TO_TIMESTAMP('1997-08-30 14:20:21', 'YYYY-MM-DD HH24:MI:SS'), 3, 3);

INSERT INTO S24_S003_T7_PODCAST (PodcastID, Subscribers, Name, Timestamp, APID, GID) VALUES (8, NULL, 'numquam', TO_TIMESTAMP('1976-03-04 21:17:38', 'YYYY-MM-DD HH24:MI:SS'), 33, 3);

INSERT INTO S24_S003_T7_PODCAST (PodcastID, Subscribers, Name, Timestamp, APID, GID) VALUES (9, NULL, 'tempore', TO_TIMESTAMP('2001-10-01 02:10:30', 'YYYY-MM-DD HH24:MI:SS'), 1, 1);

INSERT INTO S24_S003_T7_PODCAST (PodcastID, Subscribers, Name, Timestamp, APID, GID) VALUES (10, NULL, 'error', TO_TIMESTAMP('2016-01-30 06:23:34', 'YYYY-MM-DD HH24:MI:SS'), 22, 2);

INSERT INTO S24_S003_T7_PODCAST (PodcastID, Subscribers, Name, Timestamp, APID, GID) VALUES (11, NULL, 'ullam', TO_TIMESTAMP('1998-04-16 20:37:31', 'YYYY-MM-DD HH24:MI:SS'), 34, 4);

INSERT INTO S24_S003_T7_PODCAST (PodcastID, Subscribers, Name, Timestamp, APID, GID) VALUES (12, NULL, 'aut', TO_TIMESTAMP('2006-02-17 17:43:58', 'YYYY-MM-DD HH24:MI:SS'), 36, 1);

INSERT INTO S24_S003_T7_PODCAST (PodcastID, Subscribers, Name, Timestamp, APID, GID) VALUES (13, NULL, 'ipsa', TO_TIMESTAMP('1981-11-21 11:36:45', 'YYYY-MM-DD HH24:MI:SS'), 6, 1);

INSERT INTO S24_S003_T7_PODCAST (PodcastID, Subscribers, Name, Timestamp, APID, GID) VALUES (14, NULL, 'veritatis', TO_TIMESTAMP('1999-11-22 13:26:39', 'YYYY-MM-DD HH24:MI:SS'), 4, 4);

INSERT INTO S24_S003_T7_PODCAST (PodcastID, Subscribers, Name, Timestamp, APID, GID) VALUES (15, NULL, 'adipisci', TO_TIMESTAMP('2000-02-24 03:13:54', 'YYYY-MM-DD HH24:MI:SS'), 24, 4);

INSERT INTO S24_S003_T7_PODCAST (PodcastID, Subscribers, Name, Timestamp, APID, GID) VALUES (16, NULL, 'earum', TO_TIMESTAMP('2015-10-27 21:04:27', 'YYYY-MM-DD HH24:MI:SS'), 29, 4);

INSERT INTO S24_S003_T7_PODCAST (PodcastID, Subscribers, Name, Timestamp, APID, GID) VALUES (17, NULL, 'hic', TO_TIMESTAMP('1988-03-25 18:23:06', 'YYYY-MM-DD HH24:MI:SS'), 50, 5);

INSERT INTO S24_S003_T7_PODCAST (PodcastID, Subscribers, Name, Timestamp, APID, GID) VALUES (18, NULL, 'enim', TO_TIMESTAMP('1982-05-29 07:57:36', 'YYYY-MM-DD HH24:MI:SS'), 49, 4);

INSERT INTO S24_S003_T7_PODCAST (PodcastID, Subscribers, Name, Timestamp, APID, GID) VALUES (19, NULL, 'quia', TO_TIMESTAMP('1993-04-30 01:15:14', 'YYYY-MM-DD HH24:MI:SS'), 42, 2);

INSERT INTO S24_S003_T7_PODCAST (PodcastID, Subscribers, Name, Timestamp, APID, GID) VALUES (20, NULL, 'voluptatem', TO_TIMESTAMP('2021-12-10 00:25:41', 'YYYY-MM-DD HH24:MI:SS'), 48, 3);

INSERT INTO S24_S003_T7_PODCAST (PodcastID, Subscribers, Name, Timestamp, APID, GID) VALUES (21, NULL, 'mollitia', TO_TIMESTAMP('1988-06-18 10:22:17', 'YYYY-MM-DD HH24:MI:SS'), 1, 1);

INSERT INTO S24_S003_T7_PODCAST (PodcastID, Subscribers, Name, Timestamp, APID, GID) VALUES (22, NULL, 'harum', TO_TIMESTAMP('1976-06-10 00:09:00', 'YYYY-MM-DD HH24:MI:SS'), 41, 1);

INSERT INTO S24_S003_T7_PODCAST (PodcastID, Subscribers, Name, Timestamp, APID, GID) VALUES (23, NULL, 'inventore', TO_TIMESTAMP('2007-01-19 05:08:18', 'YYYY-MM-DD HH24:MI:SS'), 30, 5);

INSERT INTO S24_S003_T7_PODCAST (PodcastID, Subscribers, Name, Timestamp, APID, GID) VALUES (24, NULL, 'officiis', TO_TIMESTAMP('1971-08-19 10:04:33', 'YYYY-MM-DD HH24:MI:SS'), 12, 2);

INSERT INTO S24_S003_T7_PODCAST (PodcastID, Subscribers, Name, Timestamp, APID, GID) VALUES (25, NULL, 'minus', TO_TIMESTAMP('2021-10-05 05:08:05', 'YYYY-MM-DD HH24:MI:SS'), 17, 2);

INSERT INTO S24_S003_T7_PODCAST (PodcastID, Subscribers, Name, Timestamp, APID, GID) VALUES (26, NULL, 'doloremque', TO_TIMESTAMP('2021-05-16 23:24:29', 'YYYY-MM-DD HH24:MI:SS'), 23, 3);

INSERT INTO S24_S003_T7_PODCAST (PodcastID, Subscribers, Name, Timestamp, APID, GID) VALUES (27, NULL, 'magni', TO_TIMESTAMP('1970-09-16 15:53:52', 'YYYY-MM-DD HH24:MI:SS'), 9, 4);

INSERT INTO S24_S003_T7_PODCAST (PodcastID, Subscribers, Name, Timestamp, APID, GID) VALUES (28, NULL, 'sequi', TO_TIMESTAMP('2000-01-03 07:04:52', 'YYYY-MM-DD HH24:MI:SS'), 20, 5);

INSERT INTO S24_S003_T7_PODCAST (PodcastID, Subscribers, Name, Timestamp, APID, GID) VALUES (29, NULL, 'porro', TO_TIMESTAMP('2011-09-03 22:47:32', 'YYYY-MM-DD HH24:MI:SS'), 28, 3);

INSERT INTO S24_S003_T7_PODCAST (PodcastID, Subscribers, Name, Timestamp, APID, GID) VALUES (30, NULL, 'cumque', TO_TIMESTAMP('2012-12-06 01:07:41', 'YYYY-MM-DD HH24:MI:SS'), 11, 1);

INSERT INTO S24_S003_T7_PODCAST (PodcastID, Subscribers, Name, Timestamp, APID, GID) VALUES (31, NULL, 'cupiditate', TO_TIMESTAMP('2012-03-17 10:19:46', 'YYYY-MM-DD HH24:MI:SS'), 8, 3);

INSERT INTO S24_S003_T7_PODCAST (PodcastID, Subscribers, Name, Timestamp, APID, GID) VALUES (32, NULL, 'molestiae', TO_TIMESTAMP('2018-12-21 12:14:22', 'YYYY-MM-DD HH24:MI:SS'), 38, 3);

INSERT INTO S24_S003_T7_PODCAST (PodcastID, Subscribers, Name, Timestamp, APID, GID) VALUES (33, NULL, 'voluptatibus', TO_TIMESTAMP('2008-12-27 00:14:11', 'YYYY-MM-DD HH24:MI:SS'), 7, 2);

INSERT INTO S24_S003_T7_PODCAST (PodcastID, Subscribers, Name, Timestamp, APID, GID) VALUES (34, NULL, 'velit', TO_TIMESTAMP('1993-03-03 05:25:50', 'YYYY-MM-DD HH24:MI:SS'), 43, 3);

INSERT INTO S24_S003_T7_PODCAST (PodcastID, Subscribers, Name, Timestamp, APID, GID) VALUES (35, NULL, 'quas', TO_TIMESTAMP('1986-05-28 16:11:43', 'YYYY-MM-DD HH24:MI:SS'), 13, 3);

INSERT INTO S24_S003_T7_PODCAST (PodcastID, Subscribers, Name, Timestamp, APID, GID) VALUES (36, NULL, 'eveniet', TO_TIMESTAMP('1975-11-19 03:42:01', 'YYYY-MM-DD HH24:MI:SS'), 14, 4);

INSERT INTO S24_S003_T7_PODCAST (PodcastID, Subscribers, Name, Timestamp, APID, GID) VALUES (37, NULL, 'commodi', TO_TIMESTAMP('2023-09-20 09:01:05', 'YYYY-MM-DD HH24:MI:SS'), 35, 5);

INSERT INTO S24_S003_T7_PODCAST (PodcastID, Subscribers, Name, Timestamp, APID, GID) VALUES (38, NULL, 'dolorem', TO_TIMESTAMP('1975-07-19 15:54:09', 'YYYY-MM-DD HH24:MI:SS'), 47, 2);

INSERT INTO S24_S003_T7_PODCAST (PodcastID, Subscribers, Name, Timestamp, APID, GID) VALUES (39, NULL, 'officia', TO_TIMESTAMP('1991-08-12 17:48:37', 'YYYY-MM-DD HH24:MI:SS'), 8, 3);

INSERT INTO S24_S003_T7_PODCAST (PodcastID, Subscribers, Name, Timestamp, APID, GID) VALUES (40, NULL, 'quidem', TO_TIMESTAMP('1983-05-02 13:55:29', 'YYYY-MM-DD HH24:MI:SS'), 45, 5);

INSERT INTO S24_S003_T7_PODCAST (PodcastID, Subscribers, Name, Timestamp, APID, GID) VALUES (41, NULL, 'eligendi', TO_TIMESTAMP('2011-07-31 17:39:04', 'YYYY-MM-DD HH24:MI:SS'), 6, 1);

INSERT INTO S24_S003_T7_PODCAST (PodcastID, Subscribers, Name, Timestamp, APID, GID) VALUES (42, NULL, 'sed', TO_TIMESTAMP('2006-03-22 23:31:08', 'YYYY-MM-DD HH24:MI:SS'), 4, 4);

INSERT INTO S24_S003_T7_PODCAST (PodcastID, Subscribers, Name, Timestamp, APID, GID) VALUES (43, NULL, 'aliquam', TO_TIMESTAMP('1971-09-02 20:36:29', 'YYYY-MM-DD HH24:MI:SS'), 27, 2);

INSERT INTO S24_S003_T7_PODCAST (PodcastID, Subscribers, Name, Timestamp, APID, GID) VALUES (44, NULL, 'est', TO_TIMESTAMP('1993-05-27 04:08:22', 'YYYY-MM-DD HH24:MI:SS'), 21, 1);

INSERT INTO S24_S003_T7_PODCAST (PodcastID, Subscribers, Name, Timestamp, APID, GID) VALUES (45, NULL, 'distinctio', TO_TIMESTAMP('2013-05-11 03:09:40', 'YYYY-MM-DD HH24:MI:SS'), 9, 4);

INSERT INTO S24_S003_T7_PODCAST (PodcastID, Subscribers, Name, Timestamp, APID, GID) VALUES (46, NULL, 'autem', TO_TIMESTAMP('2022-11-13 23:08:29', 'YYYY-MM-DD HH24:MI:SS'), 31, 1);

INSERT INTO S24_S003_T7_PODCAST (PodcastID, Subscribers, Name, Timestamp, APID, GID) VALUES (47, NULL, 'sint', TO_TIMESTAMP('2014-02-15 12:18:56', 'YYYY-MM-DD HH24:MI:SS'), 46, 1);

INSERT INTO S24_S003_T7_PODCAST (PodcastID, Subscribers, Name, Timestamp, APID, GID) VALUES (48, NULL, 'recusandae', TO_TIMESTAMP('2001-11-20 18:52:14', 'YYYY-MM-DD HH24:MI:SS'), 39, 4);

INSERT INTO S24_S003_T7_PODCAST (PodcastID, Subscribers, Name, Timestamp, APID, GID) VALUES (49, NULL, 'odit', TO_TIMESTAMP('1986-09-25 09:15:59', 'YYYY-MM-DD HH24:MI:SS'), 10, 5);

INSERT INTO S24_S003_T7_PODCAST (PodcastID, Subscribers, Name, Timestamp, APID, GID) VALUES (50, NULL, 'quis', TO_TIMESTAMP('1984-07-25 14:05:37', 'YYYY-MM-DD HH24:MI:SS'), 16, 1);

INSERT INTO S24_S003_T7_PODCAST (PodcastID, Subscribers, Name, Timestamp, APID, GID) VALUES (51, NULL, 'rem', TO_TIMESTAMP('1983-02-02 21:36:25', 'YYYY-MM-DD HH24:MI:SS'), 25, 5);

INSERT INTO S24_S003_T7_PODCAST (PodcastID, Subscribers, Name, Timestamp, APID, GID) VALUES (52, NULL, 'deleniti', TO_TIMESTAMP('1974-09-06 02:40:53', 'YYYY-MM-DD HH24:MI:SS'), 44, 4);

INSERT INTO S24_S003_T7_PODCAST (PodcastID, Subscribers, Name, Timestamp, APID, GID) VALUES (53, NULL, 'minima', TO_TIMESTAMP('2020-10-18 01:13:43', 'YYYY-MM-DD HH24:MI:SS'), 2, 2);

INSERT INTO S24_S003_T7_PODCAST (PodcastID, Subscribers, Name, Timestamp, APID, GID) VALUES (54, NULL, 'unde', TO_TIMESTAMP('2013-12-29 16:52:36', 'YYYY-MM-DD HH24:MI:SS'), 5, 5);

INSERT INTO S24_S003_T7_PODCAST (PodcastID, Subscribers, Name, Timestamp, APID, GID) VALUES (55, NULL, 'nihil', TO_TIMESTAMP('2009-03-09 09:57:37', 'YYYY-MM-DD HH24:MI:SS'), 19, 4);

INSERT INTO S24_S003_T7_PODCAST (PodcastID, Subscribers, Name, Timestamp, APID, GID) VALUES (56, NULL, 'et', TO_TIMESTAMP('1980-12-23 05:52:15', 'YYYY-MM-DD HH24:MI:SS'), 15, 5);

INSERT INTO S24_S003_T7_PODCAST (PodcastID, Subscribers, Name, Timestamp, APID, GID) VALUES (57, NULL, 'voluptas', TO_TIMESTAMP('2014-04-08 04:34:24', 'YYYY-MM-DD HH24:MI:SS'), 26, 1);

INSERT INTO S24_S003_T7_PODCAST (PodcastID, Subscribers, Name, Timestamp, APID, GID) VALUES (58, NULL, 'ea', TO_TIMESTAMP('1980-01-21 04:50:21', 'YYYY-MM-DD HH24:MI:SS'), 37, 2);

INSERT INTO S24_S003_T7_PODCAST (PodcastID, Subscribers, Name, Timestamp, APID, GID) VALUES (59, NULL, 'perspiciatis', TO_TIMESTAMP('2009-08-11 04:34:52', 'YYYY-MM-DD HH24:MI:SS'), 32, 2);

INSERT INTO S24_S003_T7_PODCAST (PodcastID, Subscribers, Name, Timestamp, APID, GID) VALUES (60, NULL, 'ut', TO_TIMESTAMP('1999-03-17 08:56:37', 'YYYY-MM-DD HH24:MI:SS'), 2, 2);

commit;


/*#
# TABLE STRUCTURE FOR: S24_S003_T7_EPISODE
#*/


INSERT INTO S24_S003_T7_EPISODE (EpisodeID, PodcastID, Episode_format, Link, Timestamp, Views, Likes, Dislikes, Duration, APID)
VALUES (1, 24, 'VIDEO', 'http://www.adams.com/', TO_TIMESTAMP('1991-04-01 23:27:20', 'YYYY-MM-DD HH24:MI:SS'), 89, 11, 47, 2147, 24);

INSERT INTO S24_S003_T7_EPISODE (EpisodeID, PodcastID, Episode_format, Link, Timestamp, Views, Likes, Dislikes, Duration, APID)
VALUES (2, 44, 'VIDEO', 'http://www.aufderhar.com/', TO_TIMESTAMP('2004-02-13 23:33:56', 'YYYY-MM-DD HH24:MI:SS'), 76, 23, 3, 3178, 44);

INSERT INTO S24_S003_T7_EPISODE (EpisodeID, PodcastID, Episode_format, Link, Timestamp, Views, Likes, Dislikes, Duration, APID)
VALUES (3, 41, 'AUDIO', 'http://beer.com/', TO_TIMESTAMP('2001-11-26 05:49:46', 'YYYY-MM-DD HH24:MI:SS'), 97, 69, 47, 3187, 1);

INSERT INTO S24_S003_T7_EPISODE (EpisodeID, PodcastID, Episode_format, Link, Timestamp, Views, Likes, Dislikes, Duration, APID)
VALUES (4, 7, 'VIDEO', 'http://www.renner.net/', TO_TIMESTAMP('1994-06-07 21:21:52', 'YYYY-MM-DD HH24:MI:SS'), 99, 0, 15, 1358, 7);

INSERT INTO S24_S003_T7_EPISODE (EpisodeID, PodcastID, Episode_format, Link, Timestamp, Views, Likes, Dislikes, Duration, APID)
VALUES (5, 46, 'VIDEO', 'http://www.okon.com/', TO_TIMESTAMP('1978-11-07 00:48:58', 'YYYY-MM-DD HH24:MI:SS'), 83, 10, 5, 3423, 6);

INSERT INTO S24_S003_T7_EPISODE (EpisodeID, PodcastID, Episode_format, Link, Timestamp, Views, Likes, Dislikes, Duration, APID)
VALUES (6, 26, 'VIDEO', 'http://www.dibbert.info/', TO_TIMESTAMP('2005-12-23 14:40:16', 'YYYY-MM-DD HH24:MI:SS'), 72, 46, 60, 2717, 36);

INSERT INTO S24_S003_T7_EPISODE (EpisodeID, PodcastID, Episode_format, Link, Timestamp, Views, Likes, Dislikes, Duration, APID)
VALUES (7, 33, 'AUDIO', 'http://www.turcotteschmidt.org/', TO_TIMESTAMP('2013-09-01 12:50:10', 'YYYY-MM-DD HH24:MI:SS'), 100, 3, 44, 2961, 33);

INSERT INTO S24_S003_T7_EPISODE (EpisodeID, PodcastID, Episode_format, Link, Timestamp, Views, Likes, Dislikes, Duration, APID)
VALUES (8, 20, 'VIDEO', 'http://www.parker.org/', TO_TIMESTAMP('1989-04-24 21:39:56', 'YYYY-MM-DD HH24:MI:SS'), 97, 21, 5, 3575, 30);

INSERT INTO S24_S003_T7_EPISODE (EpisodeID, PodcastID, Episode_format, Link, Timestamp, Views, Likes, Dislikes, Duration, APID)
VALUES (9, 52, 'AUDIO', 'http://ullrich.com/', TO_TIMESTAMP('1974-11-14 13:44:32', 'YYYY-MM-DD HH24:MI:SS'), 97, 1, 70, 2590, 2);

INSERT INTO S24_S003_T7_EPISODE (EpisodeID, PodcastID, Episode_format, Link, Timestamp, Views, Likes, Dislikes, Duration, APID)
VALUES (10, 45, 'AUDIO', 'http://wolff.biz/', TO_TIMESTAMP('2017-03-11 23:07:32', 'YYYY-MM-DD HH24:MI:SS'), 96, 13, 56, 779, 45);

INSERT INTO S24_S003_T7_EPISODE (EpisodeID, PodcastID, Episode_format, Link, Timestamp, Views, Likes, Dislikes, Duration, APID)
VALUES (11, 23, 'AUDIO', 'http://blanda.biz/', TO_TIMESTAMP('1994-03-30 06:38:04', 'YYYY-MM-DD HH24:MI:SS'), 98, 66, 70, 970, 23);

INSERT INTO S24_S003_T7_EPISODE (EpisodeID, PodcastID, Episode_format, Link, Timestamp, Views, Likes, Dislikes, Duration, APID)
VALUES (12, 30, 'VIDEO', 'http://www.weimann.net/', TO_TIMESTAMP('2007-06-24 10:00:59', 'YYYY-MM-DD HH24:MI:SS'), 92, 25, 57, 2911, 40);

INSERT INTO S24_S003_T7_EPISODE (EpisodeID, PodcastID, Episode_format, Link, Timestamp, Views, Likes, Dislikes, Duration, APID)
VALUES (13, 4, 'VIDEO', 'http://gutkowski.com/', TO_TIMESTAMP('2012-12-12 12:16:45', 'YYYY-MM-DD HH24:MI:SS'), 76, 35, 54, 1600, 4);

INSERT INTO S24_S003_T7_EPISODE (EpisodeID, PodcastID, Episode_format, Link, Timestamp, Views, Likes, Dislikes, Duration, APID)
VALUES (14, 50, 'VIDEO', 'http://padberg.biz/', TO_TIMESTAMP('1972-11-02 16:53:08', 'YYYY-MM-DD HH24:MI:SS'), 77, 15, 28, 2015, 10);

INSERT INTO S24_S003_T7_EPISODE (EpisodeID, PodcastID, Episode_format, Link, Timestamp, Views, Likes, Dislikes, Duration, APID)
VALUES (15, 30, 'AUDIO', 'http://www.strosindach.com/', TO_TIMESTAMP('1977-09-14 09:55:52', 'YYYY-MM-DD HH24:MI:SS'), 75, 35, 23, 1316, 30);

INSERT INTO S24_S003_T7_EPISODE (EpisodeID, PodcastID, Episode_format, Link, Timestamp, Views, Likes, Dislikes, Duration, APID)
VALUES (16, 11, 'AUDIO', 'http://runolfsdottir.com/', TO_TIMESTAMP('1978-02-22 06:05:20', 'YYYY-MM-DD HH24:MI:SS'), 76, 3, 21, 2587, 21);

INSERT INTO S24_S003_T7_EPISODE (EpisodeID, PodcastID, Episode_format, Link, Timestamp, Views, Likes, Dislikes, Duration, APID)
VALUES (17, 29, 'VIDEO', 'http://www.champlin.com/', TO_TIMESTAMP('2014-07-04 10:23:36', 'YYYY-MM-DD HH24:MI:SS'), 100, 0, 25, 3315, 39);

INSERT INTO S24_S003_T7_EPISODE (EpisodeID, PodcastID, Episode_format, Link, Timestamp, Views, Likes, Dislikes, Duration, APID)
VALUES (18, 27, 'AUDIO', 'http://mosciski.com/', TO_TIMESTAMP('1996-06-27 02:19:25', 'YYYY-MM-DD HH24:MI:SS'), 76, 67, 42, 789, 27);

INSERT INTO S24_S003_T7_EPISODE (EpisodeID, PodcastID, Episode_format, Link, Timestamp, Views, Likes, Dislikes, Duration, APID)
VALUES (19, 25, 'AUDIO', 'http://www.legros.org/', TO_TIMESTAMP('1975-01-18 15:56:28', 'YYYY-MM-DD HH24:MI:SS'), 94, 38, 44, 3561, 35);

INSERT INTO S24_S003_T7_EPISODE (EpisodeID, PodcastID, Episode_format, Link, Timestamp, Views, Likes, Dislikes, Duration, APID)
VALUES (20, 54, 'AUDIO', 'http://www.jenkinslynch.com/', TO_TIMESTAMP('2014-04-19 18:32:05', 'YYYY-MM-DD HH24:MI:SS'), 91, 37, 11, 2808, 14);

INSERT INTO S24_S003_T7_EPISODE (EpisodeID, PodcastID, Episode_format, Link, Timestamp, Views, Likes, Dislikes, Duration, APID)
VALUES (21, 9, 'AUDIO', 'http://rennergleichner.com/', TO_TIMESTAMP('2018-07-25 22:30:24', 'YYYY-MM-DD HH24:MI:SS'), 81, 30, 31, 2901, 9);

INSERT INTO S24_S003_T7_EPISODE (EpisodeID, PodcastID, Episode_format, Link, Timestamp, Views, Likes, Dislikes, Duration, APID)
VALUES (22, 37, 'VIDEO', 'http://www.kozey.biz/', TO_TIMESTAMP('2021-01-03 22:08:25', 'YYYY-MM-DD HH24:MI:SS'), 100, 1, 68, 3269, 47);

INSERT INTO S24_S003_T7_EPISODE (EpisodeID, PodcastID, Episode_format, Link, Timestamp, Views, Likes, Dislikes, Duration, APID)
VALUES (23, 33, 'VIDEO', 'http://www.lueilwitzbosco.com/', TO_TIMESTAMP('1996-03-02 15:05:34', 'YYYY-MM-DD HH24:MI:SS'), 83, 47, 70, 1817, 43);

INSERT INTO S24_S003_T7_EPISODE (EpisodeID, PodcastID, Episode_format, Link, Timestamp, Views, Likes, Dislikes, Duration, APID)
VALUES (24, 18, 'VIDEO', 'http://www.dibbert.com/', TO_TIMESTAMP('2010-02-25 01:41:29', 'YYYY-MM-DD HH24:MI:SS'), 77, 28, 32, 3521, 28);

INSERT INTO S24_S003_T7_EPISODE (EpisodeID, PodcastID, Episode_format, Link, Timestamp, Views, Likes, Dislikes, Duration, APID)
VALUES (25, 13, 'AUDIO', 'http://zieme.org/', TO_TIMESTAMP('1995-10-01 02:18:42', 'YYYY-MM-DD HH24:MI:SS'), 72, 31, 24, 690, 23);

INSERT INTO S24_S003_T7_EPISODE (EpisodeID, PodcastID, Episode_format, Link, Timestamp, Views, Likes, Dislikes, Duration, APID)
VALUES (26, 59, 'VIDEO', 'http://sporer.com/', TO_TIMESTAMP('2007-04-13 12:18:56', 'YYYY-MM-DD HH24:MI:SS'), 72, 20, 44, 2265, 9);

INSERT INTO S24_S003_T7_EPISODE (EpisodeID, PodcastID, Episode_format, Link, Timestamp, Views, Likes, Dislikes, Duration, APID)
VALUES (27, 15, 'VIDEO', 'http://www.yost.com/', TO_TIMESTAMP('2013-06-08 08:04:41', 'YYYY-MM-DD HH24:MI:SS'), 91, 69, 11, 1620, 15);

INSERT INTO S24_S003_T7_EPISODE (EpisodeID, PodcastID, Episode_format, Link, Timestamp, Views, Likes, Dislikes, Duration, APID)
VALUES (28, 55, 'AUDIO', 'http://starkmann.org/', TO_TIMESTAMP('2015-09-28 02:36:11', 'YYYY-MM-DD HH24:MI:SS'), 99, 10, 20, 2027, 15);

INSERT INTO S24_S003_T7_EPISODE (EpisodeID, PodcastID, Episode_format, Link, Timestamp, Views, Likes, Dislikes, Duration, APID)
VALUES (29, 2, 'VIDEO', 'http://www.emmerichlittle.net/', TO_TIMESTAMP('1973-11-25 15:36:36', 'YYYY-MM-DD HH24:MI:SS'), 79, 14, 70, 3404, 12);

INSERT INTO S24_S003_T7_EPISODE (EpisodeID, PodcastID, Episode_format, Link, Timestamp, Views, Likes, Dislikes, Duration, APID)
VALUES (30, 37, 'AUDIO', 'http://stiedemann.com/', TO_TIMESTAMP('2005-05-04 06:15:00', 'YYYY-MM-DD HH24:MI:SS'), 81, 7, 29, 2848, 37);

INSERT INTO S24_S003_T7_EPISODE (EpisodeID, PodcastID, Episode_format, Link, Timestamp, Views, Likes, Dislikes, Duration, APID) VALUES (31, 31, 'AUDIO', 'http://anderson.com/', TO_TIMESTAMP('2013-08-29 16:18:20', 'YYYY-MM-DD HH24:MI:SS'), 85, 41, 33, 2646, 41);

INSERT INTO S24_S003_T7_EPISODE (EpisodeID, PodcastID, Episode_format, Link, Timestamp, Views, Likes, Dislikes, Duration, APID) VALUES (32, 13, 'AUDIO', 'http://www.wehnergraham.com/', TO_TIMESTAMP('2020-02-27 13:30:44', 'YYYY-MM-DD HH24:MI:SS'), 98, 24, 42, 905, 13);

INSERT INTO S24_S003_T7_EPISODE (EpisodeID, PodcastID, Episode_format, Link, Timestamp, Views, Likes, Dislikes, Duration, APID) VALUES (33, 7, 'AUDIO', 'http://www.greenbernhard.net/', TO_TIMESTAMP('1973-07-21 04:18:22', 'YYYY-MM-DD HH24:MI:SS'), 91, 10, 48, 1094, 17);

INSERT INTO S24_S003_T7_EPISODE (EpisodeID, PodcastID, Episode_format, Link, Timestamp, Views, Likes, Dislikes, Duration, APID) VALUES (34, 17, 'VIDEO', 'http://www.hirthe.com/', TO_TIMESTAMP('2005-09-03 23:12:56', 'YYYY-MM-DD HH24:MI:SS'), 99, 27, 55, 3503, 17);

INSERT INTO S24_S003_T7_EPISODE (EpisodeID, PodcastID, Episode_format, Link, Timestamp, Views, Likes, Dislikes, Duration, APID) VALUES (35, 8, 'AUDIO', 'http://quigley.info/', TO_TIMESTAMP('1987-06-22 19:02:31', 'YYYY-MM-DD HH24:MI:SS'), 72, 63, 11, 2842, 8);

INSERT INTO S24_S003_T7_EPISODE (EpisodeID, PodcastID, Episode_format, Link, Timestamp, Views, Likes, Dislikes, Duration, APID) VALUES (36, 25, 'VIDEO', 'http://www.turnerarmstrong.org/', TO_TIMESTAMP('2023-06-01 20:50:31', 'YYYY-MM-DD HH24:MI:SS'), 79, 12, 26, 773, 25);

INSERT INTO S24_S003_T7_EPISODE (EpisodeID, PodcastID, Episode_format, Link, Timestamp, Views, Likes, Dislikes, Duration, APID) VALUES (37, 5, 'AUDIO', 'http://www.keelingzboncak.com/', TO_TIMESTAMP('2014-08-18 23:38:03', 'YYYY-MM-DD HH24:MI:SS'), 100, 59, 53, 1511, 5);

INSERT INTO S24_S003_T7_EPISODE (EpisodeID, PodcastID, Episode_format, Link, Timestamp, Views, Likes, Dislikes, Duration, APID) VALUES (38, 6, 'VIDEO', 'http://www.daugherty.org/', TO_TIMESTAMP('2002-07-06 03:09:16', 'YYYY-MM-DD HH24:MI:SS'), 96, 1, 15, 2215, 16);

INSERT INTO S24_S003_T7_EPISODE (EpisodeID, PodcastID, Episode_format, Link, Timestamp, Views, Likes, Dislikes, Duration, APID) VALUES (39, 42, 'AUDIO', 'http://www.wilderman.com/', TO_TIMESTAMP('2019-02-12 14:38:00', 'YYYY-MM-DD HH24:MI:SS'), 76, 39, 52, 2417, 42);

INSERT INTO S24_S003_T7_EPISODE (EpisodeID, PodcastID, Episode_format, Link, Timestamp, Views, Likes, Dislikes, Duration, APID) VALUES (40, 36, 'VIDEO', 'http://stiedemann.com/', TO_TIMESTAMP('2023-03-27 06:50:44', 'YYYY-MM-DD HH24:MI:SS'), 96, 69, 23, 856, 36);

INSERT INTO S24_S003_T7_EPISODE (EpisodeID, PodcastID, Episode_format, Link, Timestamp, Views, Likes, Dislikes, Duration, APID) VALUES (41, 60, 'AUDIO', 'http://www.krissporer.biz/', TO_TIMESTAMP('2000-07-22 15:45:52', 'YYYY-MM-DD HH24:MI:SS'), 86, 0, 20, 2485, 20);

INSERT INTO S24_S003_T7_EPISODE (EpisodeID, PodcastID, Episode_format, Link, Timestamp, Views, Likes, Dislikes, Duration, APID) VALUES (42, 52, 'AUDIO', 'http://heaney.net/', TO_TIMESTAMP('2011-03-28 11:20:17', 'YYYY-MM-DD HH24:MI:SS'), 86, 43, 59, 3190, 12);

INSERT INTO S24_S003_T7_EPISODE (EpisodeID, PodcastID, Episode_format, Link, Timestamp, Views, Likes, Dislikes, Duration, APID) VALUES (43, 57, 'VIDEO', 'http://beer.com/', TO_TIMESTAMP('2023-05-09 13:29:24', 'YYYY-MM-DD HH24:MI:SS'), 85, 23, 25, 1736, 17);

INSERT INTO S24_S003_T7_EPISODE (EpisodeID, PodcastID, Episode_format, Link, Timestamp, Views, Likes, Dislikes, Duration, APID) VALUES (44, 41, 'VIDEO', 'http://www.macejkovic.com/', TO_TIMESTAMP('2019-12-13 22:18:05', 'YYYY-MM-DD HH24:MI:SS'), 91, 18, 35, 1530, 41);

INSERT INTO S24_S003_T7_EPISODE (EpisodeID, PodcastID, Episode_format, Link, Timestamp, Views, Likes, Dislikes, Duration, APID) VALUES (45, 1, 'VIDEO', 'http://www.padbergmueller.com/', TO_TIMESTAMP('2003-08-28 08:43:55', 'YYYY-MM-DD HH24:MI:SS'), 92, 9, 65, 1277, 11);

INSERT INTO S24_S003_T7_EPISODE (EpisodeID, PodcastID, Episode_format, Link, Timestamp, Views, Likes, Dislikes, Duration, APID) VALUES (46, 18, 'VIDEO', 'http://nikolausrolfson.biz/', TO_TIMESTAMP('1974-07-14 06:33:55', 'YYYY-MM-DD HH24:MI:SS'), 94, 23, 6, 3012, 18);

INSERT INTO S24_S003_T7_EPISODE (EpisodeID, PodcastID, Episode_format, Link, Timestamp, Views, Likes, Dislikes, Duration, APID) VALUES (47, 10, 'AUDIO', 'http://www.lebsack.com/', TO_TIMESTAMP('1998-10-03 03:33:05', 'YYYY-MM-DD HH24:MI:SS'), 99, 5, 58, 3227, 10);

INSERT INTO S24_S003_T7_EPISODE (EpisodeID, PodcastID, Episode_format, Link, Timestamp, Views, Likes, Dislikes, Duration, APID) VALUES (48, 47, 'VIDEO', 'http://kessler.biz/', TO_TIMESTAMP('1999-11-09 04:48:18', 'YYYY-MM-DD HH24:MI:SS'), 74, 66, 24, 1997, 47);

INSERT INTO S24_S003_T7_EPISODE (EpisodeID, PodcastID, Episode_format, Link, Timestamp, Views, Likes, Dislikes, Duration, APID) VALUES (49, 12, 'AUDIO', 'http://johns.com/', TO_TIMESTAMP('1989-02-08 22:50:31', 'YYYY-MM-DD HH24:MI:SS'), 87, 3, 32, 3092, 12);

INSERT INTO S24_S003_T7_EPISODE (EpisodeID, PodcastID, Episode_format, Link, Timestamp, Views, Likes, Dislikes, Duration, APID) VALUES (50, 50, 'VIDEO', 'http://champlin.com/', TO_TIMESTAMP('1981-08-02 00:14:47', 'YYYY-MM-DD HH24:MI:SS'), 78, 68, 11, 3151, 50);

INSERT INTO S24_S003_T7_EPISODE (EpisodeID, PodcastID, Episode_format, Link, Timestamp, Views, Likes, Dislikes, Duration, APID) VALUES (51, 49, 'AUDIO', 'http://turcottejerde.com/', TO_TIMESTAMP('2005-05-05 19:08:54', 'YYYY-MM-DD HH24:MI:SS'), 87, 57, 6, 3575, 49);

INSERT INTO S24_S003_T7_EPISODE (EpisodeID, PodcastID, Episode_format, Link, Timestamp, Views, Likes, Dislikes, Duration, APID) VALUES (52, 34, 'VIDEO', 'http://www.ebert.com/', TO_TIMESTAMP('2021-08-27 23:41:23', 'YYYY-MM-DD HH24:MI:SS'), 87, 0, 39, 2074, 44);

INSERT INTO S24_S003_T7_EPISODE (EpisodeID, PodcastID, Episode_format, Link, Timestamp, Views, Likes, Dislikes, Duration, APID) VALUES (53, 28, 'AUDIO', 'http://shields.com/', TO_TIMESTAMP('2008-04-04 16:42:53', 'YYYY-MM-DD HH24:MI:SS'), 99, 49, 55, 3092, 28);

INSERT INTO S24_S003_T7_EPISODE (EpisodeID, PodcastID, Episode_format, Link, Timestamp, Views, Likes, Dislikes, Duration, APID) VALUES (54, 44, 'VIDEO', 'http://www.braun.com/', TO_TIMESTAMP('2001-01-12 03:02:39', 'YYYY-MM-DD HH24:MI:SS'), 70, 68, 13, 3028, 4);

INSERT INTO S24_S003_T7_EPISODE (EpisodeID, PodcastID, Episode_format, Link, Timestamp, Views, Likes, Dislikes, Duration, APID) VALUES (55, 4, 'VIDEO', 'http://www.greenfelder.biz/', TO_TIMESTAMP('1973-06-24 06:18:01', 'YYYY-MM-DD HH24:MI:SS'), 88, 19, 52, 803, 14);

INSERT INTO S24_S003_T7_EPISODE (EpisodeID, PodcastID, Episode_format, Link, Timestamp, Views, Likes, Dislikes, Duration, APID) VALUES (56, 58, 'VIDEO', 'http://www.wilkinsonkassulke.com/', TO_TIMESTAMP('1986-03-13 10:47:10', 'YYYY-MM-DD HH24:MI:SS'), 75, 12, 36, 2296, 18);

INSERT INTO S24_S003_T7_EPISODE (EpisodeID, PodcastID, Episode_format, Link, Timestamp, Views, Likes, Dislikes, Duration, APID) VALUES (57, 55, 'VIDEO', 'http://wiegand.info/', TO_TIMESTAMP('1970-01-01 03:51:33', 'YYYY-MM-DD HH24:MI:SS'), 96, 57, 37, 792, 5);

INSERT INTO S24_S003_T7_EPISODE (EpisodeID, PodcastID, Episode_format, Link, Timestamp, Views, Likes, Dislikes, Duration, APID) VALUES (58, 8, 'AUDIO', 'http://schiller.org/', TO_TIMESTAMP('2013-06-24 12:26:16', 'YYYY-MM-DD HH24:MI:SS'), 80, 24, 2, 841, 18);

INSERT INTO S24_S003_T7_EPISODE (EpisodeID, PodcastID, Episode_format, Link, Timestamp, Views, Likes, Dislikes, Duration, APID) VALUES (59, 46, 'VIDEO', 'http://hickleharber.com/', TO_TIMESTAMP('1996-10-11 01:48:44', 'YYYY-MM-DD HH24:MI:SS'), 85, 27, 16, 1395, 46);

INSERT INTO S24_S003_T7_EPISODE (EpisodeID, PodcastID, Episode_format, Link, Timestamp, Views, Likes, Dislikes, Duration, APID) VALUES (60, 21, 'VIDEO', 'http://moensauer.com/', TO_TIMESTAMP('2005-06-04 18:16:55', 'YYYY-MM-DD HH24:MI:SS'), 77, 48, 4, 1245, 21);

INSERT INTO S24_S003_T7_EPISODE (EpisodeID, PodcastID, Episode_format, Link, Timestamp, Views, Likes, Dislikes, Duration, APID)
VALUES (61, 44, 'VIDEO', 'http://www.sadam.com/', TO_TIMESTAMP('1991-04-01 23:27:20', 'YYYY-MM-DD HH24:MI:SS'), 98, 47, 11, 2747, 21);

commit;

/*#
# TABLE STRUCTURE FOR: S24_S003_T7_LISTENS_TO
#*/

-- TABLE STRUCTURE FOR: S24_S003_T7_SUBSCRIBES_TO

INSERT INTO S24_S003_T7_SUBSCRIBES_TO (UPID, PodcastID) VALUES (1, 1);

INSERT INTO S24_S003_T7_SUBSCRIBES_TO (UPID, PodcastID) VALUES (1, 41);

INSERT INTO S24_S003_T7_SUBSCRIBES_TO (UPID, PodcastID) VALUES (2, 2);

INSERT INTO S24_S003_T7_SUBSCRIBES_TO (UPID, PodcastID) VALUES (2, 42);

INSERT INTO S24_S003_T7_SUBSCRIBES_TO (UPID, PodcastID) VALUES (3, 3);

INSERT INTO S24_S003_T7_SUBSCRIBES_TO (UPID, PodcastID) VALUES (3, 43);

INSERT INTO S24_S003_T7_SUBSCRIBES_TO (UPID, PodcastID) VALUES (4, 4);

INSERT INTO S24_S003_T7_SUBSCRIBES_TO (UPID, PodcastID) VALUES (4, 44);

INSERT INTO S24_S003_T7_SUBSCRIBES_TO (UPID, PodcastID) VALUES (5, 5);

INSERT INTO S24_S003_T7_SUBSCRIBES_TO (UPID, PodcastID) VALUES (5, 45);

INSERT INTO S24_S003_T7_SUBSCRIBES_TO (UPID, PodcastID) VALUES (6, 6);

INSERT INTO S24_S003_T7_SUBSCRIBES_TO (UPID, PodcastID) VALUES (6, 46);

INSERT INTO S24_S003_T7_SUBSCRIBES_TO (UPID, PodcastID) VALUES (7, 7);

INSERT INTO S24_S003_T7_SUBSCRIBES_TO (UPID, PodcastID) VALUES (7, 47);

INSERT INTO S24_S003_T7_SUBSCRIBES_TO (UPID, PodcastID) VALUES (8, 8);

INSERT INTO S24_S003_T7_SUBSCRIBES_TO (UPID, PodcastID) VALUES (8, 48);

INSERT INTO S24_S003_T7_SUBSCRIBES_TO (UPID, PodcastID) VALUES (9, 9);

INSERT INTO S24_S003_T7_SUBSCRIBES_TO (UPID, PodcastID) VALUES (9, 49);

INSERT INTO S24_S003_T7_SUBSCRIBES_TO (UPID, PodcastID) VALUES (10, 10);

INSERT INTO S24_S003_T7_SUBSCRIBES_TO (UPID, PodcastID) VALUES (10, 50);

INSERT INTO S24_S003_T7_SUBSCRIBES_TO (UPID, PodcastID) VALUES (11, 11);

INSERT INTO S24_S003_T7_SUBSCRIBES_TO (UPID, PodcastID) VALUES (11, 51);

INSERT INTO S24_S003_T7_SUBSCRIBES_TO (UPID, PodcastID) VALUES (12, 12);

INSERT INTO S24_S003_T7_SUBSCRIBES_TO (UPID, PodcastID) VALUES (12, 52);

INSERT INTO S24_S003_T7_SUBSCRIBES_TO (UPID, PodcastID) VALUES (13, 13);

INSERT INTO S24_S003_T7_SUBSCRIBES_TO (UPID, PodcastID) VALUES (13, 53);

INSERT INTO S24_S003_T7_SUBSCRIBES_TO (UPID, PodcastID) VALUES (14, 14);

INSERT INTO S24_S003_T7_SUBSCRIBES_TO (UPID, PodcastID) VALUES (14, 54);

INSERT INTO S24_S003_T7_SUBSCRIBES_TO (UPID, PodcastID) VALUES (15, 15);

INSERT INTO S24_S003_T7_SUBSCRIBES_TO (UPID, PodcastID) VALUES (15, 55);

INSERT INTO S24_S003_T7_SUBSCRIBES_TO (UPID, PodcastID) VALUES (16, 16);

INSERT INTO S24_S003_T7_SUBSCRIBES_TO (UPID, PodcastID) VALUES (16, 56);

INSERT INTO S24_S003_T7_SUBSCRIBES_TO (UPID, PodcastID) VALUES (17, 17);

INSERT INTO S24_S003_T7_SUBSCRIBES_TO (UPID, PodcastID) VALUES (17, 57);

INSERT INTO S24_S003_T7_SUBSCRIBES_TO (UPID, PodcastID) VALUES (18, 18);

INSERT INTO S24_S003_T7_SUBSCRIBES_TO (UPID, PodcastID) VALUES (18, 58);

INSERT INTO S24_S003_T7_SUBSCRIBES_TO (UPID, PodcastID) VALUES (19, 19);

INSERT INTO S24_S003_T7_SUBSCRIBES_TO (UPID, PodcastID) VALUES (19, 59);

INSERT INTO S24_S003_T7_SUBSCRIBES_TO (UPID, PodcastID) VALUES (20, 20);

INSERT INTO S24_S003_T7_SUBSCRIBES_TO (UPID, PodcastID) VALUES (20, 60);

INSERT INTO S24_S003_T7_SUBSCRIBES_TO (UPID, PodcastID) VALUES (21, 1);

INSERT INTO S24_S003_T7_SUBSCRIBES_TO (UPID, PodcastID) VALUES (21, 21);

INSERT INTO S24_S003_T7_SUBSCRIBES_TO (UPID, PodcastID) VALUES (22, 2);

INSERT INTO S24_S003_T7_SUBSCRIBES_TO (UPID, PodcastID) VALUES (22, 22);

INSERT INTO S24_S003_T7_SUBSCRIBES_TO (UPID, PodcastID) VALUES (23, 3);

INSERT INTO S24_S003_T7_SUBSCRIBES_TO (UPID, PodcastID) VALUES (23, 23);

INSERT INTO S24_S003_T7_SUBSCRIBES_TO (UPID, PodcastID) VALUES (24, 4);

INSERT INTO S24_S003_T7_SUBSCRIBES_TO (UPID, PodcastID) VALUES (24, 24);

INSERT INTO S24_S003_T7_SUBSCRIBES_TO (UPID, PodcastID) VALUES (25, 5);

INSERT INTO S24_S003_T7_SUBSCRIBES_TO (UPID, PodcastID) VALUES (25, 25);

INSERT INTO S24_S003_T7_SUBSCRIBES_TO (UPID, PodcastID) VALUES (26, 6);

INSERT INTO S24_S003_T7_SUBSCRIBES_TO (UPID, PodcastID) VALUES (26, 26);

INSERT INTO S24_S003_T7_SUBSCRIBES_TO (UPID, PodcastID) VALUES (27, 7);

INSERT INTO S24_S003_T7_SUBSCRIBES_TO (UPID, PodcastID) VALUES (27, 27);

INSERT INTO S24_S003_T7_SUBSCRIBES_TO (UPID, PodcastID) VALUES (28, 8);

INSERT INTO S24_S003_T7_SUBSCRIBES_TO (UPID, PodcastID) VALUES (28, 28);

INSERT INTO S24_S003_T7_SUBSCRIBES_TO (UPID, PodcastID) VALUES (29, 9);

INSERT INTO S24_S003_T7_SUBSCRIBES_TO (UPID, PodcastID) VALUES (29, 29);

INSERT INTO S24_S003_T7_SUBSCRIBES_TO (UPID, PodcastID) VALUES (30, 10);

INSERT INTO S24_S003_T7_SUBSCRIBES_TO (UPID, PodcastID) VALUES (30, 30);

INSERT INTO S24_S003_T7_SUBSCRIBES_TO (UPID, PodcastID) VALUES (31, 31);

INSERT INTO S24_S003_T7_SUBSCRIBES_TO (UPID, PodcastID) VALUES (32, 32);

INSERT INTO S24_S003_T7_SUBSCRIBES_TO (UPID, PodcastID) VALUES (33, 33);

INSERT INTO S24_S003_T7_SUBSCRIBES_TO (UPID, PodcastID) VALUES (34, 34);

INSERT INTO S24_S003_T7_SUBSCRIBES_TO (UPID, PodcastID) VALUES (35, 35);

INSERT INTO S24_S003_T7_SUBSCRIBES_TO (UPID, PodcastID) VALUES (36, 36);

INSERT INTO S24_S003_T7_SUBSCRIBES_TO (UPID, PodcastID) VALUES (37, 37);

INSERT INTO S24_S003_T7_SUBSCRIBES_TO (UPID, PodcastID) VALUES (38, 38);

INSERT INTO S24_S003_T7_SUBSCRIBES_TO (UPID, PodcastID) VALUES (39, 39);

INSERT INTO S24_S003_T7_SUBSCRIBES_TO (UPID, PodcastID) VALUES (40, 40);

INSERT INTO S24_S003_T7_SUBSCRIBES_TO (UPID, PodcastID) VALUES (41, 41);

INSERT INTO S24_S003_T7_SUBSCRIBES_TO (UPID, PodcastID) VALUES (42, 42);

INSERT INTO S24_S003_T7_SUBSCRIBES_TO (UPID, PodcastID) VALUES (43, 43);

INSERT INTO S24_S003_T7_SUBSCRIBES_TO (UPID, PodcastID) VALUES (44, 44);

INSERT INTO S24_S003_T7_SUBSCRIBES_TO (UPID, PodcastID) VALUES (45, 45);

INSERT INTO S24_S003_T7_SUBSCRIBES_TO (UPID, PodcastID) VALUES (46, 46);

INSERT INTO S24_S003_T7_SUBSCRIBES_TO (UPID, PodcastID) VALUES (47, 47);

INSERT INTO S24_S003_T7_SUBSCRIBES_TO (UPID, PodcastID) VALUES (48, 48);

INSERT INTO S24_S003_T7_SUBSCRIBES_TO (UPID, PodcastID) VALUES (49, 49);

INSERT INTO S24_S003_T7_SUBSCRIBES_TO (UPID, PodcastID) VALUES (50, 50);

INSERT INTO S24_S003_T7_SUBSCRIBES_TO (UPID, PodcastID) VALUES (51, 51);

INSERT INTO S24_S003_T7_SUBSCRIBES_TO (UPID, PodcastID) VALUES (52, 52);

INSERT INTO S24_S003_T7_SUBSCRIBES_TO (UPID, PodcastID) VALUES (53, 53);

INSERT INTO S24_S003_T7_SUBSCRIBES_TO (UPID, PodcastID) VALUES (54, 54);

INSERT INTO S24_S003_T7_SUBSCRIBES_TO (UPID, PodcastID) VALUES (55, 55);

INSERT INTO S24_S003_T7_SUBSCRIBES_TO (UPID, PodcastID) VALUES (56, 56);

INSERT INTO S24_S003_T7_SUBSCRIBES_TO (UPID, PodcastID) VALUES (57, 57);

INSERT INTO S24_S003_T7_SUBSCRIBES_TO (UPID, PodcastID) VALUES (58, 58);

INSERT INTO S24_S003_T7_SUBSCRIBES_TO (UPID, PodcastID) VALUES (59, 59);

INSERT INTO S24_S003_T7_SUBSCRIBES_TO (UPID, PodcastID) VALUES (60, 60);

INSERT INTO S24_S003_T7_SUBSCRIBES_TO (UPID, PodcastID) VALUES (61, 1);

INSERT INTO S24_S003_T7_SUBSCRIBES_TO (UPID, PodcastID) VALUES (62, 2);

INSERT INTO S24_S003_T7_SUBSCRIBES_TO (UPID, PodcastID) VALUES (63, 3);

INSERT INTO S24_S003_T7_SUBSCRIBES_TO (UPID, PodcastID) VALUES (64, 4);

INSERT INTO S24_S003_T7_SUBSCRIBES_TO (UPID, PodcastID) VALUES (65, 5);

INSERT INTO S24_S003_T7_SUBSCRIBES_TO (UPID, PodcastID) VALUES (66, 6);

INSERT INTO S24_S003_T7_SUBSCRIBES_TO (UPID, PodcastID) VALUES (67, 7);

INSERT INTO S24_S003_T7_SUBSCRIBES_TO (UPID, PodcastID) VALUES (68, 8);

INSERT INTO S24_S003_T7_SUBSCRIBES_TO (UPID, PodcastID) VALUES (69, 9);

INSERT INTO S24_S003_T7_SUBSCRIBES_TO (UPID, PodcastID) VALUES (70, 10);

INSERT INTO S24_S003_T7_SUBSCRIBES_TO (UPID, PodcastID) VALUES (71, 11);

INSERT INTO S24_S003_T7_SUBSCRIBES_TO (UPID, PodcastID) VALUES (72, 12);

INSERT INTO S24_S003_T7_SUBSCRIBES_TO (UPID, PodcastID) VALUES (73, 13);

INSERT INTO S24_S003_T7_SUBSCRIBES_TO (UPID, PodcastID) VALUES (74, 14);

INSERT INTO S24_S003_T7_SUBSCRIBES_TO (UPID, PodcastID) VALUES (75, 15);

INSERT INTO S24_S003_T7_SUBSCRIBES_TO (UPID, PodcastID) VALUES (76, 16);

INSERT INTO S24_S003_T7_SUBSCRIBES_TO (UPID, PodcastID) VALUES (77, 17);

INSERT INTO S24_S003_T7_SUBSCRIBES_TO (UPID, PodcastID) VALUES (78, 18);

INSERT INTO S24_S003_T7_SUBSCRIBES_TO (UPID, PodcastID) VALUES (79, 19);

INSERT INTO S24_S003_T7_SUBSCRIBES_TO (UPID, PodcastID) VALUES (80, 20);

INSERT INTO S24_S003_T7_SUBSCRIBES_TO (UPID, PodcastID) VALUES (81, 21);

INSERT INTO S24_S003_T7_SUBSCRIBES_TO (UPID, PodcastID) VALUES (82, 22);

INSERT INTO S24_S003_T7_SUBSCRIBES_TO (UPID, PodcastID) VALUES (83, 23);

INSERT INTO S24_S003_T7_SUBSCRIBES_TO (UPID, PodcastID) VALUES (84, 24);

INSERT INTO S24_S003_T7_SUBSCRIBES_TO (UPID, PodcastID) VALUES (85, 25);

INSERT INTO S24_S003_T7_SUBSCRIBES_TO (UPID, PodcastID) VALUES (86, 26);

INSERT INTO S24_S003_T7_SUBSCRIBES_TO (UPID, PodcastID) VALUES (87, 27);

INSERT INTO S24_S003_T7_SUBSCRIBES_TO (UPID, PodcastID) VALUES (88, 28);

INSERT INTO S24_S003_T7_SUBSCRIBES_TO (UPID, PodcastID) VALUES (89, 29);

INSERT INTO S24_S003_T7_SUBSCRIBES_TO (UPID, PodcastID) VALUES (90, 30);

INSERT INTO S24_S003_T7_SUBSCRIBES_TO (UPID, PodcastID) VALUES (91, 31);

INSERT INTO S24_S003_T7_SUBSCRIBES_TO (UPID, PodcastID) VALUES (92, 32);

INSERT INTO S24_S003_T7_SUBSCRIBES_TO (UPID, PodcastID) VALUES (93, 33);

INSERT INTO S24_S003_T7_SUBSCRIBES_TO (UPID, PodcastID) VALUES (94, 34);

INSERT INTO S24_S003_T7_SUBSCRIBES_TO (UPID, PodcastID) VALUES (95, 35);

INSERT INTO S24_S003_T7_SUBSCRIBES_TO (UPID, PodcastID) VALUES (96, 36);

INSERT INTO S24_S003_T7_SUBSCRIBES_TO (UPID, PodcastID) VALUES (97, 37);

INSERT INTO S24_S003_T7_SUBSCRIBES_TO (UPID, PodcastID) VALUES (98, 38);

INSERT INTO S24_S003_T7_SUBSCRIBES_TO (UPID, PodcastID) VALUES (99, 39);

INSERT INTO S24_S003_T7_SUBSCRIBES_TO (UPID, PodcastID) VALUES (100, 40);

commit;


/*#
# TABLE STRUCTURE FOR: S24_S003_T7_DISPLAYS
#*/

Insert into S24_S003_T7_DISPLAYS (EPISODEID,PODCASTID,ADID,ADVERTISERID) values (1,24,33,1);
Insert into S24_S003_T7_DISPLAYS (EPISODEID,PODCASTID,ADID,ADVERTISERID) values (2,44,33,1);
Insert into S24_S003_T7_DISPLAYS (EPISODEID,PODCASTID,ADID,ADVERTISERID) values (3,41,33,1);
Insert into S24_S003_T7_DISPLAYS (EPISODEID,PODCASTID,ADID,ADVERTISERID) values (4,7,33,1);
Insert into S24_S003_T7_DISPLAYS (EPISODEID,PODCASTID,ADID,ADVERTISERID) values (5,46,33,1);
Insert into S24_S003_T7_DISPLAYS (EPISODEID,PODCASTID,ADID,ADVERTISERID) values (6,26,33,1);
Insert into S24_S003_T7_DISPLAYS (EPISODEID,PODCASTID,ADID,ADVERTISERID) values (7,33,33,1);
Insert into S24_S003_T7_DISPLAYS (EPISODEID,PODCASTID,ADID,ADVERTISERID) values (8,20,33,1);
Insert into S24_S003_T7_DISPLAYS (EPISODEID,PODCASTID,ADID,ADVERTISERID) values (9,52,33,1);
Insert into S24_S003_T7_DISPLAYS (EPISODEID,PODCASTID,ADID,ADVERTISERID) values (10,45,33,1);
Insert into S24_S003_T7_DISPLAYS (EPISODEID,PODCASTID,ADID,ADVERTISERID) values (11,23,33,1);
Insert into S24_S003_T7_DISPLAYS (EPISODEID,PODCASTID,ADID,ADVERTISERID) values (12,30,33,1);
Insert into S24_S003_T7_DISPLAYS (EPISODEID,PODCASTID,ADID,ADVERTISERID) values (13,4,33,1);
Insert into S24_S003_T7_DISPLAYS (EPISODEID,PODCASTID,ADID,ADVERTISERID) values (14,50,33,1);
Insert into S24_S003_T7_DISPLAYS (EPISODEID,PODCASTID,ADID,ADVERTISERID) values (15,30,33,1);
Insert into S24_S003_T7_DISPLAYS (EPISODEID,PODCASTID,ADID,ADVERTISERID) values (16,11,33,1);
Insert into S24_S003_T7_DISPLAYS (EPISODEID,PODCASTID,ADID,ADVERTISERID) values (17,29,33,1);
Insert into S24_S003_T7_DISPLAYS (EPISODEID,PODCASTID,ADID,ADVERTISERID) values (18,27,33,1);
Insert into S24_S003_T7_DISPLAYS (EPISODEID,PODCASTID,ADID,ADVERTISERID) values (19,25,33,1);
Insert into S24_S003_T7_DISPLAYS (EPISODEID,PODCASTID,ADID,ADVERTISERID) values (20,54,33,1);
Insert into S24_S003_T7_DISPLAYS (EPISODEID,PODCASTID,ADID,ADVERTISERID) values (21,9,33,1);
Insert into S24_S003_T7_DISPLAYS (EPISODEID,PODCASTID,ADID,ADVERTISERID) values (22,37,33,1);
Insert into S24_S003_T7_DISPLAYS (EPISODEID,PODCASTID,ADID,ADVERTISERID) values (23,33,33,1);
Insert into S24_S003_T7_DISPLAYS (EPISODEID,PODCASTID,ADID,ADVERTISERID) values (24,18,33,1);
Insert into S24_S003_T7_DISPLAYS (EPISODEID,PODCASTID,ADID,ADVERTISERID) values (25,13,33,1);
Insert into S24_S003_T7_DISPLAYS (EPISODEID,PODCASTID,ADID,ADVERTISERID) values (26,59,33,1);
Insert into S24_S003_T7_DISPLAYS (EPISODEID,PODCASTID,ADID,ADVERTISERID) values (27,15,33,1);
Insert into S24_S003_T7_DISPLAYS (EPISODEID,PODCASTID,ADID,ADVERTISERID) values (28,55,33,1);
Insert into S24_S003_T7_DISPLAYS (EPISODEID,PODCASTID,ADID,ADVERTISERID) values (29,2,33,1);
Insert into S24_S003_T7_DISPLAYS (EPISODEID,PODCASTID,ADID,ADVERTISERID) values (30,37,33,1);
Insert into S24_S003_T7_DISPLAYS (EPISODEID,PODCASTID,ADID,ADVERTISERID) values (31,31,33,1);
Insert into S24_S003_T7_DISPLAYS (EPISODEID,PODCASTID,ADID,ADVERTISERID) values (32,13,33,1);
Insert into S24_S003_T7_DISPLAYS (EPISODEID,PODCASTID,ADID,ADVERTISERID) values (33,7,33,1);
Insert into S24_S003_T7_DISPLAYS (EPISODEID,PODCASTID,ADID,ADVERTISERID) values (34,17,33,1);
Insert into S24_S003_T7_DISPLAYS (EPISODEID,PODCASTID,ADID,ADVERTISERID) values (35,8,33,1);
Insert into S24_S003_T7_DISPLAYS (EPISODEID,PODCASTID,ADID,ADVERTISERID) values (36,25,33,1);
Insert into S24_S003_T7_DISPLAYS (EPISODEID,PODCASTID,ADID,ADVERTISERID) values (37,5,33,1);
Insert into S24_S003_T7_DISPLAYS (EPISODEID,PODCASTID,ADID,ADVERTISERID) values (38,6,33,1);
Insert into S24_S003_T7_DISPLAYS (EPISODEID,PODCASTID,ADID,ADVERTISERID) values (39,42,33,1);
Insert into S24_S003_T7_DISPLAYS (EPISODEID,PODCASTID,ADID,ADVERTISERID) values (40,36,33,1);
Insert into S24_S003_T7_DISPLAYS (EPISODEID,PODCASTID,ADID,ADVERTISERID) values (41,60,33,1);
Insert into S24_S003_T7_DISPLAYS (EPISODEID,PODCASTID,ADID,ADVERTISERID) values (42,52,33,1);
Insert into S24_S003_T7_DISPLAYS (EPISODEID,PODCASTID,ADID,ADVERTISERID) values (43,57,33,1);
Insert into S24_S003_T7_DISPLAYS (EPISODEID,PODCASTID,ADID,ADVERTISERID) values (44,41,33,1);
Insert into S24_S003_T7_DISPLAYS (EPISODEID,PODCASTID,ADID,ADVERTISERID) values (45,1,33,1);
Insert into S24_S003_T7_DISPLAYS (EPISODEID,PODCASTID,ADID,ADVERTISERID) values (46,18,33,1);
Insert into S24_S003_T7_DISPLAYS (EPISODEID,PODCASTID,ADID,ADVERTISERID) values (47,10,33,1);
Insert into S24_S003_T7_DISPLAYS (EPISODEID,PODCASTID,ADID,ADVERTISERID) values (48,47,33,1);
Insert into S24_S003_T7_DISPLAYS (EPISODEID,PODCASTID,ADID,ADVERTISERID) values (49,12,33,1);
Insert into S24_S003_T7_DISPLAYS (EPISODEID,PODCASTID,ADID,ADVERTISERID) values (50,50,33,1);
Insert into S24_S003_T7_DISPLAYS (EPISODEID,PODCASTID,ADID,ADVERTISERID) values (51,49,33,1);
Insert into S24_S003_T7_DISPLAYS (EPISODEID,PODCASTID,ADID,ADVERTISERID) values (52,34,33,1);
Insert into S24_S003_T7_DISPLAYS (EPISODEID,PODCASTID,ADID,ADVERTISERID) values (53,28,33,1);
Insert into S24_S003_T7_DISPLAYS (EPISODEID,PODCASTID,ADID,ADVERTISERID) values (54,44,33,1);
Insert into S24_S003_T7_DISPLAYS (EPISODEID,PODCASTID,ADID,ADVERTISERID) values (55,4,33,1);
Insert into S24_S003_T7_DISPLAYS (EPISODEID,PODCASTID,ADID,ADVERTISERID) values (56,58,33,1);
Insert into S24_S003_T7_DISPLAYS (EPISODEID,PODCASTID,ADID,ADVERTISERID) values (57,55,33,1);
Insert into S24_S003_T7_DISPLAYS (EPISODEID,PODCASTID,ADID,ADVERTISERID) values (58,8,33,1);
Insert into S24_S003_T7_DISPLAYS (EPISODEID,PODCASTID,ADID,ADVERTISERID) values (59,46,33,1);
Insert into S24_S003_T7_DISPLAYS (EPISODEID,PODCASTID,ADID,ADVERTISERID) values (60,21,33,1);
Insert into S24_S003_T7_DISPLAYS (EPISODEID,PODCASTID,ADID,ADVERTISERID) values (61,44,37,1);

Insert into S24_S003_T7_DISPLAYS (EPISODEID,PODCASTID,ADID,ADVERTISERID) values (60,21,20,2);
Insert into S24_S003_T7_DISPLAYS (EPISODEID,PODCASTID,ADID,ADVERTISERID) values (60,21,21,2);
Insert into S24_S003_T7_DISPLAYS (EPISODEID,PODCASTID,ADID,ADVERTISERID) values (60,21,25,3);
Insert into S24_S003_T7_DISPLAYS (EPISODEID,PODCASTID,ADID,ADVERTISERID) values (60,21,39,3);
Insert into S24_S003_T7_DISPLAYS (EPISODEID,PODCASTID,ADID,ADVERTISERID) values (60,21,44,5);
Insert into S24_S003_T7_DISPLAYS (EPISODEID,PODCASTID,ADID,ADVERTISERID) values (60,21,56,5);

commit;
