--Person--
INSERT INTO S24_S003_T7_PERSON (PID, FName, LName, Email, DOB, Region, Password) VALUES (1, 'John', 'Doe', 'john.doe01@example.com', TO_DATE('1990-01-01', 'YYYY-MM-DD'), 'USA', '01c75773e4eaff9aacc63bebdbc9764d2eee2f9208da16ce74336a0511315d00');
INSERT INTO S24_S003_T7_PERSON (PID, FName, LName, Email, DOB, Region, Password) VALUES (2, 'Jane', 'Smith', 'jane.smith02@example.com', TO_DATE('1991-02-01', 'YYYY-MM-DD'), 'Canada', '8215f8967eed0ebaad798894a24b35acb70af73f45fc25554833675c8af4ee60');
INSERT INTO S24_S003_T7_PERSON (PID, FName, LName, Email, DOB, Region, Password) VALUES (3, 'Alice', 'Johnson', 'alice.johnson03@example.com', TO_DATE('1992-03-01', 'YYYY-MM-DD'), 'Australia', '52a9384869d089f7fdaeea8f2650cacbae76738e8f703fbb4a72e6f95399b849');
INSERT INTO S24_S003_T7_PERSON (PID, FName, LName, Email, DOB, Region, Password) VALUES (4, 'Michael', 'Williams', 'michael.williams04@example.com', TO_DATE('1993-04-01', 'YYYY-MM-DD'), 'Germany', '6199956e5e17a7ef0241419fbd6b901b9eb9034b35e1b8437d4506d29ebc8269');
INSERT INTO S24_S003_T7_PERSON (PID, FName, LName, Email, DOB, Region, Password) VALUES (5, 'Emily', 'Brown', 'emily.brown05@example.com', TO_DATE('1994-05-01', 'YYYY-MM-DD'), 'Spain', '8043ef8e24393b20f464acdb219f7013247afff925cd82c2b4e8a3c6f4096e08');
INSERT INTO S24_S003_T7_PERSON (PID, FName, LName, Email, DOB, Region, Password) VALUES (6, 'Matthew', 'Davis', 'matthew.davis06@example.com', TO_DATE('1995-06-01', 'YYYY-MM-DD'), 'USA', '99e3e019d6ff1d50b420bba9b3b0f36a54e7d402a3d58d75113b8f4a83834d03');
INSERT INTO S24_S003_T7_PERSON (PID, FName, LName, Email, DOB, Region, Password) VALUES (7, 'Ashley', 'Miller', 'ashley.miller07@example.com', TO_DATE('1996-07-01', 'YYYY-MM-DD'), 'Canada', '20e6fcf27428d2f8bb419033e573f57795c5d3b9db1627c14c0b19ad5d65a738');
INSERT INTO S24_S003_T7_PERSON (PID, FName, LName, Email, DOB, Region, Password) VALUES (8, 'Joshua', 'Wilson', 'joshua.wilson08@example.com', TO_DATE('1997-08-01', 'YYYY-MM-DD'), 'Australia', '78004ae5e2c5880f24bfca3a9800b73b2026a89168ed1ff3a1fbf0199dcf3cb4');
INSERT INTO S24_S003_T7_PERSON (PID, FName, LName, Email, DOB, Region, Password) VALUES (9, 'Sophia', 'Moore', 'sophia.moore09@example.com', TO_DATE('1998-09-01', 'YYYY-MM-DD'), 'Germany', '2d3dfcddccb1d51a4182265b63c04b548f5d89a8d93c52815a1a9da004b1890f');
INSERT INTO S24_S003_T7_PERSON (PID, FName, LName, Email, DOB, Region, Password) VALUES (10, 'Ethan', 'Taylor', 'ethan.taylor10@example.com', TO_DATE('1999-10-01', 'YYYY-MM-DD'), 'Spain', 'db5cf758dd40bffe81823a72b8f56c41e07cb058ba8ad216b22d63b422c09784');
INSERT INTO S24_S003_T7_PERSON (PID, FName, LName, Email, DOB, Region, Password) VALUES (11, 'Madison', 'Anderson', 'madison.anderson11@example.com', TO_DATE('2000-11-01', 'YYYY-MM-DD'), 'USA', '8d964e09b50e7b33cbeb1cbf2b73fcd3c180289104f1500391e4a11dbcae5f89');
INSERT INTO S24_S003_T7_PERSON (PID, FName, LName, Email, DOB, Region, Password) VALUES (12, 'Oliver', 'Thomas', 'oliver.thomas12@example.com', TO_DATE('2001-12-01', 'YYYY-MM-DD'), 'Canada', 'ae0148fe668ba8ad6ad654a9ad982dbfc491e2cf82f53c9db1576a227a07f814');
INSERT INTO S24_S003_T7_PERSON (PID, FName, LName, Email, DOB, Region, Password) VALUES (13, 'Isabella', 'Jackson', 'isabella.jackson13@example.com', TO_DATE('2002-01-15', 'YYYY-MM-DD'), 'Australia', 'b7e69b295bf3b44a26f3f78eb9fc3f84a97d8dc6e820cb8d45d5a53f3c1fda01');
INSERT INTO S24_S003_T7_PERSON (PID, FName, LName, Email, DOB, Region, Password) VALUES (14, 'Jacob', 'White', 'jacob.white14@example.com', TO_DATE('2003-02-15', 'YYYY-MM-DD'), 'Germany', '78e72a7f37f2d8c5591b872ef98f8b7f61de34ac6622f15e61e9f5bcf872a3a9');
INSERT INTO S24_S003_T7_PERSON (PID, FName, LName, Email, DOB, Region, Password) VALUES (15, 'Ava', 'Harris', 'ava.harris15@example.com', TO_DATE('2004-03-15', 'YYYY-MM-DD'), 'Spain', '36872515b3224d6222d3bbad04e6850f86c614c5b6245c19d8625549b3f689a1');
INSERT INTO S24_S003_T7_PERSON (PID, FName, LName, Email, DOB, Region, Password) VALUES (16, 'William', 'Martin', 'william.martin16@example.com', TO_DATE('2005-04-15', 'YYYY-MM-DD'), 'USA', '1ae0a1c1b406480c6e2f89e92b2e8279c0d3a9fb2dfe8c63f15011feca8efdcf');
INSERT INTO S24_S003_T7_PERSON (PID, FName, LName, Email, DOB, Region, Password) VALUES (17, 'Mia', 'Thompson', 'mia.thompson17@example.com', TO_DATE('2006-05-15', 'YYYY-MM-DD'), 'Canada', 'a3c25f6a2ea190c8cc12ba78bc9b90b4a29d236f4772abae4f2333efc4a8b25c');
INSERT INTO S24_S003_T7_PERSON (PID, FName, LName, Email, DOB, Region, Password) VALUES (18, 'Noah', 'Garcia', 'noah.garcia18@example.com', TO_DATE('2007-06-15', 'YYYY-MM-DD'), 'Australia', 'f53b3b76f01b9d51634c7768b2f5aeccb62256deabb4d8f15a0de5978568d7a2');
INSERT INTO S24_S003_T7_PERSON (PID, FName, LName, Email, DOB, Region, Password) VALUES (19, 'Lily', 'Martinez', 'lily.martinez19@example.com', TO_DATE('2008-07-15', 'YYYY-MM-DD'), 'Germany', '9b6e679e555e36b6c570a6cdf1a8b3f8dfb0a6d0c708207c8f22a6d8a0e441b4');
INSERT INTO S24_S003_T7_PERSON (PID, FName, LName, Email, DOB, Region, Password) VALUES (20, 'James', 'Robinson', 'james.robinson20@example.com', TO_DATE('2009-08-15', 'YYYY-MM-DD'), 'Spain', '7ebd8b3d0b5c6c3a7f408c4f1819d1bf8b948cdd6c40a6040e9e3758805feab9');
INSERT INTO S24_S003_T7_PERSON (PID, FName, LName, Email, DOB, Region, Password) VALUES (21, 'Sophie', 'Clark', 'sophie.clark21@example.com', TO_DATE('1990-09-15', 'YYYY-MM-DD'), 'USA', '430fe087a23cf2892e99ed9312e11daf576b727b115541c2d6a4c5c1e19e0fc7');
INSERT INTO S24_S003_T7_PERSON (PID, FName, LName, Email, DOB, Region, Password) VALUES (22, 'Liam', 'Rodriguez', 'liam.rodriguez22@example.com', TO_DATE('1991-10-15', 'YYYY-MM-DD'), 'Canada', '067185b8ab5af7b3a0b5f5e0b9a37e5e16631b4cc1b6a4d9f9b4a25b2b27e00c');
INSERT INTO S24_S003_T7_PERSON (PID, FName, LName, Email, DOB, Region, Password) VALUES (23, 'Charlotte', 'Lewis', 'charlotte.lewis23@example.com', TO_DATE('1992-11-15', 'YYYY-MM-DD'), 'Australia', '51f5323ad641a5e2ee5a3443a92387f573911c3b6859d6781d567ceba40211e0');
INSERT INTO S24_S003_T7_PERSON (PID, FName, LName, Email, DOB, Region, Password) VALUES (24, 'Benjamin', 'Lee', 'benjamin.lee24@example.com', TO_DATE('1993-12-15', 'YYYY-MM-DD'), 'Germany', '4db03b0340554db2a7d07b60a1d475b3f4ee1236d90feaf251ae9f9a8770f843');
INSERT INTO S24_S003_T7_PERSON (PID, FName, LName, Email, DOB, Region, Password) VALUES (25, 'Amelia', 'Walker', 'amelia.walker25@example.com', TO_DATE('1994-01-25', 'YYYY-MM-DD'), 'Spain', '23e2338f163a371e0a9f2b7aed1b611fd7761a023b2f6243b678b1ead9b918fa');
INSERT INTO S24_S003_T7_PERSON (PID, FName, LName, Email, DOB, Region, Password) VALUES (26, 'Lucas', 'Hall', 'lucas.hall26@example.com', TO_DATE('1995-02-25', 'YYYY-MM-DD'), 'USA', '9715b3a92125f0daddb8fb7f670a47c7f4f9e2e312962379b652aeb49cad8b11');
INSERT INTO S24_S003_T7_PERSON (PID, FName, LName, Email, DOB, Region, Password) VALUES (27, 'Emma', 'Allen', 'emma.allen27@example.com', TO_DATE('1996-03-25', 'YYYY-MM-DD'), 'Canada', '0a7f342989233647307c8b620060754afbdea3476b991a8569aaf8e335e5b5fe');
INSERT INTO S24_S003_T7_PERSON (PID, FName, LName, Email, DOB, Region, Password) VALUES (28, 'Mason', 'Young', 'mason.young28@example.com', TO_DATE('1997-04-25', 'YYYY-MM-DD'), 'Australia', '0205d9bee58fcedaf3fb2c2f0b93c0d02a0f6b9ac37a8d62e8b8c0fb79d00f64');
INSERT INTO S24_S003_T7_PERSON (PID, FName, LName, Email, DOB, Region, Password) VALUES (29, 'Ella', 'Hernandez', 'ella.hernandez29@example.com', TO_DATE('1998-05-25', 'YYYY-MM-DD'), 'Germany', '775ea4b0a77535549f99a4619e011e08b05a6c4f90ce2079b2d3195b5f245824');
INSERT INTO S24_S003_T7_PERSON (PID, FName, LName, Email, DOB, Region, Password) VALUES (30, 'Logan', 'King', 'logan.king30@example.com', TO_DATE('1999-06-25', 'YYYY-MM-DD'), 'Spain', 'f62b1659a4a3981d1d01c2b0e3e8ac4c11df7dbb6e5a4397a7d69f5c4bf293f0');
INSERT INTO S24_S003_T7_PERSON (PID, FName, LName, Email, DOB, Region, Password) VALUES (31, 'Olivia', 'Wright', 'olivia.wright31@example.com', TO_DATE('2000-07-25', 'YYYY-MM-DD'), 'USA', 'd8a2905d1293e98bb2097c01608b193efd6be4fd7ba9e5a911c4dfb8f01a3a35');
INSERT INTO S24_S003_T7_PERSON (PID, FName, LName, Email, DOB, Region, Password) VALUES (32, 'Alexander', 'Lopez', 'alexander.lopez32@example.com', TO_DATE('2001-08-25', 'YYYY-MM-DD'), 'Canada', '5c8fd90ecc94923bbc92bcf56ede0575b0b2311cd7d8f53e9f8830b5e4da0b10');
INSERT INTO S24_S003_T7_PERSON (PID, FName, LName, Email, DOB, Region, Password) VALUES (33, 'Mila', 'Hill', 'mila.hill33@example.com', TO_DATE('2002-09-25', 'YYYY-MM-DD'), 'Australia', '13e0f9b65a529da8ddf1ee5b83f1ec19d73f499e3f3447517a8bd6c8abfdefc3');
INSERT INTO S24_S003_T7_PERSON (PID, FName, LName, Email, DOB, Region, Password) VALUES (34, 'Jack', 'Scott', 'jack.scott34@example.com', TO_DATE('2003-10-25', 'YYYY-MM-DD'), 'Germany', '9593d60158aefe62ec3a5998a9a1029baecec0dfe4f5ed339f8be772c04f5e90');
INSERT INTO S24_S003_T7_PERSON (PID, FName, LName, Email, DOB, Region, Password) VALUES (35, 'Isabelle', 'Green', 'isabelle.green35@example.com', TO_DATE('2004-11-25', 'YYYY-MM-DD'), 'Spain', '14a5bbf78b097a8a8f9819e2abd43ad2e0c786f2e56f37b977ffe5c1ab3ad8ed');
INSERT INTO S24_S003_T7_PERSON (PID, FName, LName, Email, DOB, Region, Password) VALUES (36, 'Henry', 'Adams', 'henry.adams36@example.com', TO_DATE('2005-12-25', 'YYYY-MM-DD'), 'USA', 'af11b165b020a1b9c9911b6348e8684f603c2971d7db23d9e33cc9bfb39ee6b9');
INSERT INTO S24_S003_T7_PERSON (PID, FName, LName, Email, DOB, Region, Password) VALUES (37, 'Zoe', 'Baker', 'zoe.baker37@example.com', TO_DATE('2006-01-25', 'YYYY-MM-DD'), 'Canada', '22e0a1f7690723bef68fcfdbabd7b43f1c1baf1ae1e44f7b8e4d380b4c0885e2');
INSERT INTO S24_S003_T7_PERSON (PID, FName, LName, Email, DOB, Region, Password) VALUES (38, 'Aiden', 'Gonzalez', 'aiden.gonzalez38@example.com', TO_DATE('2007-02-25', 'YYYY-MM-DD'), 'Australia', '0cb4c7c6d6ec15cb0f00a0a84219d6752df6885ca069c7b1a51f3b22b28a2042');
INSERT INTO S24_S003_T7_PERSON (PID, FName, LName, Email, DOB, Region, Password) VALUES (39, 'Layla', 'Nelson', 'layla.nelson39@example.com', TO_DATE('2008-03-25', 'YYYY-MM-DD'), 'Germany', '8270147ddfa2469f9fd06f38f7a935b51f0f31c3c1b6e2eadf5f96c08ad6f2bd');
INSERT INTO S24_S003_T7_PERSON (PID, FName, LName, Email, DOB, Region, Password) VALUES (40, 'Samuel', 'Carter', 'samuel.carter40@example.com', TO_DATE('2009-04-25', 'YYYY-MM-DD'), 'Spain', 'b32e4d11d031fd03e2d1e21bb4dfce0a9a7485fd500f22767c2b71297322f8ef');
INSERT INTO S24_S003_T7_PERSON (PID, FName, LName, Email, DOB, Region, Password) VALUES (41, 'Grace', 'Mitchell', 'grace.mitchell41@example.com', TO_DATE('1990-05-25', 'YYYY-MM-DD'), 'USA', 'fa7281d9a84293bd70e4c37ca845e0bc94a30c06d2fe76f9ec0c7f1f4d1c4d5c');
INSERT INTO S24_S003_T7_PERSON (PID, FName, LName, Email, DOB, Region, Password) VALUES (42, 'Dylan', 'Perez', 'dylan.perez42@example.com', TO_DATE('1991-06-25', 'YYYY-MM-DD'), 'Canada', '95d28f3c5660ff45d8f2b7b9f6fb9550ec63fc76e34bb5e8780cb61bc5d5462f');
INSERT INTO S24_S003_T7_PERSON (PID, FName, LName, Email, DOB, Region, Password) VALUES (43, 'Anna', 'Roberts', 'anna.roberts43@example.com', TO_DATE('1992-07-25', 'YYYY-MM-DD'), 'Australia', 'bea6ec26ddd0b97e4a3d6f94d1c54f3fa7b5f2fa9a5f08a65cfa475c2e5b9f83');
INSERT INTO S24_S003_T7_PERSON (PID, FName, LName, Email, DOB, Region, Password) VALUES (44, 'Owen', 'Turner', 'owen.turner44@example.com', TO_DATE('1993-08-25', 'YYYY-MM-DD'), 'Germany', '1546748d7282b3ae4d4e8372423c4663cb7a2a678cfb3d786316927641f8b076');
INSERT INTO S24_S003_T7_PERSON (PID, FName, LName, Email, DOB, Region, Password) VALUES (45, 'Eva', 'Phillips', 'eva.phillips45@example.com', TO_DATE('1994-09-25', 'YYYY-MM-DD'), 'Spain', '35b8b3ec521e8cfbbc212cc7b6d68b2e1ac9d8f33f52adfe4816afbc3c1a4e92');
INSERT INTO S24_S003_T7_PERSON (PID, FName, LName, Email, DOB, Region, Password) VALUES (46, 'Carter', 'Campbell', 'carter.campbell46@example.com', TO_DATE('1995-10-25', 'YYYY-MM-DD'), 'USA', 'c07d1fb2ebdb0f2b5a5ebc42f43ed34d8d0c65f7be5ec11000f0b5c6c99e60a3');
INSERT INTO S24_S003_T7_PERSON (PID, FName, LName, Email, DOB, Region, Password) VALUES (47, 'Riley', 'Parker', 'riley.parker47@example.com', TO_DATE('1996-11-25', 'YYYY-MM-DD'), 'Canada', 'fb423b25ee4dce14522e3c3b790975b729cd6e93e5a1a7e4c8f2d5ad1649fe1a');
INSERT INTO S24_S003_T7_PERSON (PID, FName, LName, Email, DOB, Region, Password) VALUES (48, 'Julia', 'Edwards', 'julia.edwards48@example.com', TO_DATE('1997-12-25', 'YYYY-MM-DD'), 'Australia', 'd65df8a8e8db7464a7b2c7ff297500c2920d2c3aecd4be0cb6db13d6d88a9ffd');
INSERT INTO S24_S003_T7_PERSON (PID, FName, LName, Email, DOB, Region, Password) VALUES (49, 'Luke', 'Collins', 'luke.collins49@example.com', TO_DATE('1998-01-25', 'YYYY-MM-DD'), 'Germany', '8f21675b4c0c58e8dae23b7e766f3b5f0f44e5d416b1b1a3851ae32be68b0178');
INSERT INTO S24_S003_T7_PERSON (PID, FName, LName, Email, DOB, Region, Password) VALUES (50, 'Luna', 'Stewart', 'luna.stewart50@example.com', TO_DATE('1999-02-25', 'YYYY-MM-DD'), 'Spain', '0e09db8f12a3a99322a6f4f7f4deecb2ed25a2f776748fd4e6e28068bfe7e3c8');
INSERT INTO S24_S003_T7_PERSON (PID, FName, LName, Email, DOB, Region, Password) VALUES (51, 'Mark', 'Bennett', 'mark.bennett51@example.com', TO_DATE('1991-01-02', 'YYYY-MM-DD'), 'USA', 'b799be36e0059d7867f1379a24171b2b09d91be5d2cac0a12d97c0302a6b07ce');
INSERT INTO S24_S003_T7_PERSON (PID, FName, LName, Email, DOB, Region, Password) VALUES (52, 'Lucy', 'Graham', 'lucy.graham52@example.com', TO_DATE('1992-02-03', 'YYYY-MM-DD'), 'Canada', '9626a29ac1d7006741337f6ebc6a5a41cfdc3aa65d2b10ff9cda937c6a7fd35b');
INSERT INTO S24_S003_T7_PERSON (PID, FName, LName, Email, DOB, Region, Password) VALUES (53, 'Oscar', 'Foster', 'oscar.foster53@example.com', TO_DATE('1993-03-04', 'YYYY-MM-DD'), 'Australia', 'a60f6d009343ab015ee59fa2ff29e5aa12dd69aa7a7285f15e1fdec6ce7407d7');
INSERT INTO S24_S003_T7_PERSON (PID, FName, LName, Email, DOB, Region, Password) VALUES (54, 'Tina', 'Morris', 'tina.morris54@example.com', TO_DATE('1994-04-05', 'YYYY-MM-DD'), 'Germany', '49a9b3d96db1310ff79b9ae1cdb1e148b4d5995b7f889e5ad2b611f452fecf71');
INSERT INTO S24_S003_T7_PERSON (PID, FName, LName, Email, DOB, Region, Password) VALUES (55, 'Carlos', 'Jenkins', 'carlos.jenkins55@example.com', TO_DATE('1995-05-06', 'YYYY-MM-DD'), 'Spain', '92b32cbd4cc1b06d83ec4c305c52d651b9c125a7b12dbb7c6a1cf796f6e389e5');
INSERT INTO S24_S003_T7_PERSON (PID, FName, LName, Email, DOB, Region, Password) VALUES (56, 'Ruby', 'Perry', 'ruby.perry56@example.com', TO_DATE('1996-06-07', 'YYYY-MM-DD'), 'USA', 'd9ae4b26b0fc8585177a59d6c9392d725fa4f49a6387cfb8f3dbd6d8512e68ee');
INSERT INTO S24_S003_T7_PERSON (PID, FName, LName, Email, DOB, Region, Password) VALUES (57, 'Evan', 'Brooks', 'evan.brooks57@example.com', TO_DATE('1997-07-08', 'YYYY-MM-DD'), 'Canada', '07f2b98a564a9e93d95d2f1b6ee1c2c367d30115116b216dea826c25fe97a061');
INSERT INTO S24_S003_T7_PERSON (PID, FName, LName, Email, DOB, Region, Password) VALUES (58, 'Nora', 'Gilbert', 'nora.gilbert58@example.com', TO_DATE('1998-08-09', 'YYYY-MM-DD'), 'Australia', '44ae53b56307ee6c504d325d78558e49b3238dbd3fd74ab9d10a7d5d6c9cd609');
INSERT INTO S24_S003_T7_PERSON (PID, FName, LName, Email, DOB, Region, Password) VALUES (59, 'Ian', 'Reed', 'ian.reed59@example.com', TO_DATE('1999-09-10', 'YYYY-MM-DD'), 'Germany', '6bcb1f7d519bdf7283c58f6c7081e418709bbf2b38ab7e67b7cf7f86f0d8ff57');
INSERT INTO S24_S003_T7_PERSON (PID, FName, LName, Email, DOB, Region, Password) VALUES (60, 'Julie', 'Webb', 'julie.webb60@example.com', TO_DATE('2000-10-11', 'YYYY-MM-DD'), 'Spain', 'baaf2af07ff8f5974b34334d6574f1d1d6dcdb277c0e4ae6fdde99923a42d15e');
INSERT INTO S24_S003_T7_PERSON (PID, FName, LName, Email, DOB, Region, Password) VALUES (61, 'Leo', 'Simpson', 'leo.simpson61@example.com', TO_DATE('1991-11-12', 'YYYY-MM-DD'), 'USA', '7ab8a5462f7f8544a433a6825c48583957fd5ee2f9729b9bece2a69c9bba6f5e');
INSERT INTO S24_S003_T7_PERSON (PID, FName, LName, Email, DOB, Region, Password) VALUES (62, 'Maya', 'Stevens', 'maya.stevens62@example.com', TO_DATE('1992-12-13', 'YYYY-MM-DD'), 'Canada', '2a20d3affb48b842aa308c44e5f066bbdd9fba9b0df7e14a6f9bae4abf484e1e');
INSERT INTO S24_S003_T7_PERSON (PID, FName, LName, Email, DOB, Region, Password) VALUES (63, 'Peter', 'Tucker', 'peter.tucker63@example.com', TO_DATE('1993-01-14', 'YYYY-MM-DD'), 'Australia', '8ef6f0f93e3033d9f9b5e7a2b1d6e8f6a1c7d2bf8ec857db63d073ae207a606f');
INSERT INTO S24_S003_T7_PERSON (PID, FName, LName, Email, DOB, Region, Password) VALUES (64, 'Zoe', 'Porter', 'zoe.porter64@example.com', TO_DATE('1994-02-15', 'YYYY-MM-DD'), 'Germany', '64ad333c0634dce829e376b1893f5d242aed1d202b184484de072ba131c3a797');
INSERT INTO S24_S003_T7_PERSON (PID, FName, LName, Email, DOB, Region, Password) VALUES (65, 'Arthur', 'Hunter', 'arthur.hunter65@example.com', TO_DATE('1995-03-16', 'YYYY-MM-DD'), 'Spain', '87b39f5f500ffef6f7175363c2f5f9fa4d4fdae68c6b902a8b74efbfe9f183a2');
INSERT INTO S24_S003_T7_PERSON (PID, FName, LName, Email, DOB, Region, Password) VALUES (66, 'Natalie', 'Boyd', 'natalie.boyd66@example.com', TO_DATE('1996-04-17', 'YYYY-MM-DD'), 'USA', 'd9ae4b26b0fc8585177a59d6c9392d725fa4f49a6387cfb8f3dbd6d8512e68ee');
INSERT INTO S24_S003_T7_PERSON (PID, FName, LName, Email, DOB, Region, Password) VALUES (67, 'Connor', 'Mason', 'connor.mason67@example.com', TO_DATE('1997-05-18', 'YYYY-MM-DD'), 'Canada', '07f2b98a564a9e93d95d2f1b6ee1c2c367d30115116b216dea826c25fe97a061');
INSERT INTO S24_S003_T7_PERSON (PID, FName, LName, Email, DOB, Region, Password) VALUES (68, 'Stephanie', 'Hawkins', 'stephanie.hawkins68@example.com', TO_DATE('1998-06-19', 'YYYY-MM-DD'), 'Australia', '44ae53b56307ee6c504d325d78558e49b3238dbd3fd74ab9d10a7d5d6c9cd609');
INSERT INTO S24_S003_T7_PERSON (PID, FName, LName, Email, DOB, Region, Password) VALUES (69, 'Douglas', 'Sullivan', 'douglas.sullivan69@example.com', TO_DATE('1999-07-20', 'YYYY-MM-DD'), 'Germany', '6bcb1f7d519bdf7283c58f6c7081e418709bbf2b38ab7e67b7cf7f86f0d8ff57');
INSERT INTO S24_S003_T7_PERSON (PID, FName, LName, Email, DOB, Region, Password) VALUES (70, 'Monica', 'Rogers', 'monica.rogers70@example.com', TO_DATE('2000-08-21', 'YYYY-MM-DD'), 'Spain', 'baaf2af07ff8f5974b34334d6574f1d1d6dcdb277c0e4ae6fdde99923a42d15e');
INSERT INTO S24_S003_T7_PERSON (PID, FName, LName, Email, DOB, Region, Password) VALUES (71, 'Fred', 'Warren', 'fred.warren71@example.com', TO_DATE('1991-09-22', 'YYYY-MM-DD'), 'USA', '7ab8a5462f7f8544a433a6825c48583957fd5ee2f9729b9bece2a69c9bba6f5e');
INSERT INTO S24_S003_T7_PERSON (PID, FName, LName, Email, DOB, Region, Password) VALUES (72, 'Heather', 'Bishop', 'heather.bishop72@example.com', TO_DATE('1992-10-23', 'YYYY-MM-DD'), 'Canada', '2a20d3affb48b842aa308c44e5f066bbdd9fba9b0df7e14a6f9bae4abf484e1e');
INSERT INTO S24_S003_T7_PERSON (PID, FName, LName, Email, DOB, Region, Password) VALUES (73, 'Raymond', 'Montgomery', 'raymond.montgomery73@example.com', TO_DATE('1993-11-24', 'YYYY-MM-DD'), 'Australia', '8ef6f0f93e3033d9f9b5e7a2b1d6e8f6a1c7d2bf8ec857db63d073ae207a606f');
INSERT INTO S24_S003_T7_PERSON (PID, FName, LName, Email, DOB, Region, Password) VALUES (74, 'Linda', 'Fields', 'linda.fields74@example.com', TO_DATE('1994-12-25', 'YYYY-MM-DD'), 'Germany', '64ad333c0634dce829e376b1893f5d242aed1d202b184484de072ba131c3a797');
INSERT INTO S24_S003_T7_PERSON (PID, FName, LName, Email, DOB, Region, Password) VALUES (75, 'Shane', 'Hart', 'shane.hart75@example.com', TO_DATE('1995-01-26', 'YYYY-MM-DD'), 'Spain', '87b39f5f500ffef6f7175363c2f5f9fa4d4fdae68c6b902a8b74efbfe9f183a2');
INSERT INTO S24_S003_T7_PERSON (PID, FName, LName, Email, DOB, Region, Password) VALUES (76, 'Julia', 'Newman', 'julia.newman76@example.com', TO_DATE('1996-02-27', 'YYYY-MM-DD'), 'USA', 'f7e34a19cb4cf8e279da12ae15c21c6b1b88e9087d7615bea6dbfdd99f41c5c6');
INSERT INTO S24_S003_T7_PERSON (PID, FName, LName, Email, DOB, Region, Password) VALUES (77, 'Bryan', 'Curtis', 'bryan.curtis77@example.com', TO_DATE('1997-03-28', 'YYYY-MM-DD'), 'Canada', '0c55f0451c9b244649b034b25f4a8f094d10c2f5ce0766d5dbf1493b378a89b1');
INSERT INTO S24_S003_T7_PERSON (PID, FName, LName, Email, DOB, Region, Password) VALUES (78, 'Tamara', 'Rhodes', 'tamara.rhodes78@example.com', TO_DATE('1998-04-29', 'YYYY-MM-DD'), 'Australia', 'e074de2b168b364a627a1b7c7cabc8d1fefe65f60a58a416f0e8b2ce00a1debc');
INSERT INTO S24_S003_T7_PERSON (PID, FName, LName, Email, DOB, Region, Password) VALUES (79, 'Allan', 'Daniel', 'allan.daniel79@example.com', TO_DATE('1999-05-30', 'YYYY-MM-DD'), 'Germany', 'a287fced314c6162d3428f1eb346b7e6cf4d2d8efb45df1b74a1b70d0c3abf89');
INSERT INTO S24_S003_T7_PERSON (PID, FName, LName, Email, DOB, Region, Password) VALUES (80, 'Samantha', 'Barrett', 'samantha.barrett80@example.com', TO_DATE('2000-06-30', 'YYYY-MM-DD'), 'Spain', 'ed434d3a7f97ad08013c023b37b6f0c76488c68eacea2035f9d9c52c2a3a8bab');
INSERT INTO S24_S003_T7_PERSON (PID, FName, LName, Email, DOB, Region, Password) VALUES (81, 'Derek', 'Gibson', 'derek.gibson81@example.com', TO_DATE('1991-07-31', 'YYYY-MM-DD'), 'USA', 'facdf7fcd98f9edd4b49b608a24591e6d64db2e67cfc5495cf27b6a8f583c5e7');
INSERT INTO S24_S003_T7_PERSON (PID, FName, LName, Email, DOB, Region, Password) VALUES (82, 'Christina', 'Hudson', 'christina.hudson82@example.com', TO_DATE('1992-08-01', 'YYYY-MM-DD'), 'Canada', '2889a7d1b3af86e1b74a45e0edc50e9f8125fe80a6f5f92f8e0f8070f0a50a77');
INSERT INTO S24_S003_T7_PERSON (PID, FName, LName, Email, DOB, Region, Password) VALUES (83, 'Terry', 'Nichols', 'terry.nichols83@example.com', TO_DATE('1993-09-02', 'YYYY-MM-DD'), 'Australia', '93d400ef9f28acfd2f9858c4b9e1fe9e1f53605dc0d0cf3abf56e1a07bec9e7c');
INSERT INTO S24_S003_T7_PERSON (PID, FName, LName, Email, DOB, Region, Password) VALUES (84, 'Diana', 'Grant', 'diana.grant84@example.com', TO_DATE('1994-10-03', 'YYYY-MM-DD'), 'Germany', '1c8e5ae02765a8dbedc834f9f47485cbb3f8aacf7611b39680aeeec5f1d2c7ae');
INSERT INTO S24_S003_T7_PERSON (PID, FName, LName, Email, DOB, Region, Password) VALUES (85, 'Russell', 'Wheeler', 'russell.wheeler85@example.com', TO_DATE('1995-11-04', 'YYYY-MM-DD'), 'Spain', '3e58e838db7fe3c12397b2ae7bf3cdd6c7ed22f997f394b71f09344d9d812c10');
INSERT INTO S24_S003_T7_PERSON (PID, FName, LName, Email, DOB, Region, Password) VALUES (86, 'Megan', 'Pearson', 'megan.pearson86@example.com', TO_DATE('1996-12-05', 'YYYY-MM-DD'), 'USA', '2cb76bfc6c9f7fa1dd9e90f501b81b2bedff073ffe2fbf9111c5e8a4fcd86aef');
INSERT INTO S24_S003_T7_PERSON (PID, FName, LName, Email, DOB, Region, Password) VALUES (87, 'Wayne', 'Anderson', 'wayne.anderson87@example.com', TO_DATE('1997-01-06', 'YYYY-MM-DD'), 'Canada', '0d60c8c2052852b8be0e6e32c5dfa3659848e5462874b6f2f64ec2922078b67b');
INSERT INTO S24_S003_T7_PERSON (PID, FName, LName, Email, DOB, Region, Password) VALUES (88, 'Vanessa', 'West', 'vanessa.west88@example.com', TO_DATE('1998-02-07', 'YYYY-MM-DD'), 'Australia', '9db72c7a687a57a5b560cfae8f243fdb7099d3a77e2c9ed7b129fbbd17b9fcec');
INSERT INTO S24_S003_T7_PERSON (PID, FName, LName, Email, DOB, Region, Password) VALUES (89, 'Mitchell', 'Coleman', 'mitchell.coleman89@example.com', TO_DATE('1999-03-08', 'YYYY-MM-DD'), 'Germany', '6d26bdbb265d809f6e8c1a5d23402b9ab9c54ed85ca2335ecc6894b125c8ae59');
INSERT INTO S24_S003_T7_PERSON (PID, FName, LName, Email, DOB, Region, Password) VALUES (90, 'Sylvia', 'Powell', 'sylvia.powell90@example.com', TO_DATE('2000-04-09', 'YYYY-MM-DD'), 'Spain', '0a9fa04484acdee96c0975de3fff6bbaae7a18b4d6ab71e4d3d414faa207d7bf');
INSERT INTO S24_S003_T7_PERSON (PID, FName, LName, Email, DOB, Region, Password) VALUES (91, 'Eugene', 'Russell', 'eugene.russell91@example.com', TO_DATE('1991-05-10', 'YYYY-MM-DD'), 'USA', '31b7605cc462b82cf5d7c6f1aad7fbfa2091fb5e55f9482cacd8b1a7b2b3a0ef');
INSERT INTO S24_S003_T7_PERSON (PID, FName, LName, Email, DOB, Region, Password) VALUES (92, 'Maria', 'Pearson', 'maria.pearson92@example.com', TO_DATE('1992-06-11', 'YYYY-MM-DD'), 'Canada', '61f2481da9782cf60e74f964f49ec2ca291c8e2c4681168cec6b6deb12ff7d64');
INSERT INTO S24_S003_T7_PERSON (PID, FName, LName, Email, DOB, Region, Password) VALUES (93, 'Jeffery', 'Armstrong', 'jeffery.armstrong93@example.com', TO_DATE('1993-07-12', 'YYYY-MM-DD'), 'Australia', '1e62bfa03c9a9931dd5a217f6e44d9602bcbce71f2132baa5c7e6b6734ec2236');
INSERT INTO S24_S003_T7_PERSON (PID, FName, LName, Email, DOB, Region, Password) VALUES (94, 'Kathleen', 'Murphy', 'kathleen.murphy94@example.com', TO_DATE('1994-08-13', 'YYYY-MM-DD'), 'Germany', '707f3a40131b73fa8f11b9a867c207e5f16f90fa6ab0e367aa0f5f8bd8db6028');
INSERT INTO S24_S003_T7_PERSON (PID, FName, LName, Email, DOB, Region, Password) VALUES (95, 'Roger', 'Barnes', 'roger.barnes95@example.com', TO_DATE('1995-09-14', 'YYYY-MM-DD'), 'Spain', 'ba1d083db92d8c49774fb4c164f9d4c9f57a0a5bfad80776d17653e3a40d9b5b');
INSERT INTO S24_S003_T7_PERSON (PID, FName, LName, Email, DOB, Region, Password) VALUES (96, 'Patricia', 'Willis', 'patricia.willis96@example.com', TO_DATE('1996-10-15', 'YYYY-MM-DD'), 'USA', '3c2873d2f5c6b7b04560d6dae8330b4fe1b4c9f60c5cf6e9c1a6e53058b3ef8e');
INSERT INTO S24_S003_T7_PERSON (PID, FName, LName, Email, DOB, Region, Password) VALUES (97, 'Lawrence', 'Butler', 'lawrence.butler97@example.com', TO_DATE('1997-11-16', 'YYYY-MM-DD'), 'Canada', '2d3f1e43a67d0a7f53b77a6d26bbb1eefd418b9abd4a8bf886b7d2e8d052686b');
INSERT INTO S24_S003_T7_PERSON (PID, FName, LName, Email, DOB, Region, Password) VALUES (98, 'Amy', 'Anderson', 'amy.anderson98@example.com', TO_DATE('1998-12-17', 'YYYY-MM-DD'), 'Australia', '622de9abb39a0a58d1db5ab7d48f3b3e6377c935ba5773e1643d3b685dbabc4f');
INSERT INTO S24_S003_T7_PERSON (PID, FName, LName, Email, DOB, Region, Password) VALUES (99, 'Kenny', 'Reed', 'kenny.reed99@example.com', TO_DATE('1999-01-18', 'YYYY-MM-DD'), 'Germany', 'f83c1acafd05a3bf3f1e9cb9e1041a8273031b6505c6f0efbfafea9958343665');
INSERT INTO S24_S003_T7_PERSON (PID, FName, LName, Email, DOB, Region, Password) VALUES (100, 'Teresa', 'Chapman', 'teresa.chapman100@example.com', TO_DATE('2000-02-19', 'YYYY-MM-DD'), 'Spain', '5e9110d5f6a8c5d2dd998d62f6829a19ab316aa5f0e4acc6b5fef6f222f7d2cf');

--PERSON PHONE--
INSERT INTO S24_S003_T7_PERSON_PHONE (PID, Phone) VALUES (1, '2025550101');
INSERT INTO S24_S003_T7_PERSON_PHONE (PID, Phone) VALUES (1, '2025550102');
INSERT INTO S24_S003_T7_PERSON_PHONE (PID, Phone) VALUES (2, '2025550201');
INSERT INTO S24_S003_T7_PERSON_PHONE (PID, Phone) VALUES (3, '2025550301');
INSERT INTO S24_S003_T7_PERSON_PHONE (PID, Phone) VALUES (4, '2025550401');
INSERT INTO S24_S003_T7_PERSON_PHONE (PID, Phone) VALUES (4, '2025550402');
INSERT INTO S24_S003_T7_PERSON_PHONE (PID, Phone) VALUES (5, '2025550501');
INSERT INTO S24_S003_T7_PERSON_PHONE (PID, Phone) VALUES (6, '2025550601');
INSERT INTO S24_S003_T7_PERSON_PHONE (PID, Phone) VALUES (7, '2025550701');
INSERT INTO S24_S003_T7_PERSON_PHONE (PID, Phone) VALUES (8, '2025550801');
INSERT INTO S24_S003_T7_PERSON_PHONE (PID, Phone) VALUES (8, '2025550802');
INSERT INTO S24_S003_T7_PERSON_PHONE (PID, Phone) VALUES (9, '2025550901');
INSERT INTO S24_S003_T7_PERSON_PHONE (PID, Phone) VALUES (10, '2025551001');
INSERT INTO S24_S003_T7_PERSON_PHONE (PID, Phone) VALUES (11, '2025551101');
INSERT INTO S24_S003_T7_PERSON_PHONE (PID, Phone) VALUES (12, '2025551201');
INSERT INTO S24_S003_T7_PERSON_PHONE (PID, Phone) VALUES (13, '2025551301');
INSERT INTO S24_S003_T7_PERSON_PHONE (PID, Phone) VALUES (14, '2025551401');
INSERT INTO S24_S003_T7_PERSON_PHONE (PID, Phone) VALUES (15, '2025551501');
INSERT INTO S24_S003_T7_PERSON_PHONE (PID, Phone) VALUES (16, '2025551601');
INSERT INTO S24_S003_T7_PERSON_PHONE (PID, Phone) VALUES (17, '2025551701');
INSERT INTO S24_S003_T7_PERSON_PHONE (PID, Phone) VALUES (18, '2025551801');
INSERT INTO S24_S003_T7_PERSON_PHONE (PID, Phone) VALUES (19, '2025551901');
INSERT INTO S24_S003_T7_PERSON_PHONE (PID, Phone) VALUES (20, '2025552001');
INSERT INTO S24_S003_T7_PERSON_PHONE (PID, Phone) VALUES (21, '2025552101');
INSERT INTO S24_S003_T7_PERSON_PHONE (PID, Phone) VALUES (22, '2025552201');
INSERT INTO S24_S003_T7_PERSON_PHONE (PID, Phone) VALUES (23, '2025552301');
INSERT INTO S24_S003_T7_PERSON_PHONE (PID, Phone) VALUES (24, '2025552401');
INSERT INTO S24_S003_T7_PERSON_PHONE (PID, Phone) VALUES (25, '2025552501');
INSERT INTO S24_S003_T7_PERSON_PHONE (PID, Phone) VALUES (26, '2025552601');
INSERT INTO S24_S003_T7_PERSON_PHONE (PID, Phone) VALUES (27, '2025552701');
INSERT INTO S24_S003_T7_PERSON_PHONE (PID, Phone) VALUES (28, '2025552801');
INSERT INTO S24_S003_T7_PERSON_PHONE (PID, Phone) VALUES (29, '2025552901');
INSERT INTO S24_S003_T7_PERSON_PHONE (PID, Phone) VALUES (30, '2025553001');
INSERT INTO S24_S003_T7_PERSON_PHONE (PID, Phone) VALUES (31, '2025553101');
INSERT INTO S24_S003_T7_PERSON_PHONE (PID, Phone) VALUES (32, '2025553201');
INSERT INTO S24_S003_T7_PERSON_PHONE (PID, Phone) VALUES (33, '2025553301');
INSERT INTO S24_S003_T7_PERSON_PHONE (PID, Phone) VALUES (34, '2025553401');
INSERT INTO S24_S003_T7_PERSON_PHONE (PID, Phone) VALUES (35, '2025553501');
INSERT INTO S24_S003_T7_PERSON_PHONE (PID, Phone) VALUES (36, '2025553601');
INSERT INTO S24_S003_T7_PERSON_PHONE (PID, Phone) VALUES (37, '2025553701');
INSERT INTO S24_S003_T7_PERSON_PHONE (PID, Phone) VALUES (38, '2025553801');
INSERT INTO S24_S003_T7_PERSON_PHONE (PID, Phone) VALUES (39, '2025553901');
INSERT INTO S24_S003_T7_PERSON_PHONE (PID, Phone) VALUES (40, '2025554001');
INSERT INTO S24_S003_T7_PERSON_PHONE (PID, Phone) VALUES (41, '2025554101');
INSERT INTO S24_S003_T7_PERSON_PHONE (PID, Phone) VALUES (42, '2025554201');
INSERT INTO S24_S003_T7_PERSON_PHONE (PID, Phone) VALUES (43, '2025554301');
INSERT INTO S24_S003_T7_PERSON_PHONE (PID, Phone) VALUES (44, '2025554401');
INSERT INTO S24_S003_T7_PERSON_PHONE (PID, Phone) VALUES (45, '2025554501');
INSERT INTO S24_S003_T7_PERSON_PHONE (PID, Phone) VALUES (46, '2025554601');
INSERT INTO S24_S003_T7_PERSON_PHONE (PID, Phone) VALUES (47, '2025554701');
INSERT INTO S24_S003_T7_PERSON_PHONE (PID, Phone) VALUES (48, '2025554801');
INSERT INTO S24_S003_T7_PERSON_PHONE (PID, Phone) VALUES (49, '2025554901');
INSERT INTO S24_S003_T7_PERSON_PHONE (PID, Phone) VALUES (50, '2025555001');
INSERT INTO S24_S003_T7_PERSON_PHONE (PID, Phone) VALUES (50, '2025555002');
INSERT INTO S24_S003_T7_PERSON_PHONE (PID, Phone) VALUES (51, '3035555101');
INSERT INTO S24_S003_T7_PERSON_PHONE (PID, Phone) VALUES (51, '3035555102');
INSERT INTO S24_S003_T7_PERSON_PHONE (PID, Phone) VALUES (52, '3035555201');
INSERT INTO S24_S003_T7_PERSON_PHONE (PID, Phone) VALUES (53, '3035555301');
INSERT INTO S24_S003_T7_PERSON_PHONE (PID, Phone) VALUES (54, '3035555401');
INSERT INTO S24_S003_T7_PERSON_PHONE (PID, Phone) VALUES (54, '3035555402');
INSERT INTO S24_S003_T7_PERSON_PHONE (PID, Phone) VALUES (55, '3035555501');
INSERT INTO S24_S003_T7_PERSON_PHONE (PID, Phone) VALUES (56, '3035555601');
INSERT INTO S24_S003_T7_PERSON_PHONE (PID, Phone) VALUES (57, '3035555701');
INSERT INTO S24_S003_T7_PERSON_PHONE (PID, Phone) VALUES (58, '3035555801');
INSERT INTO S24_S003_T7_PERSON_PHONE (PID, Phone) VALUES (59, '3035555901');
INSERT INTO S24_S003_T7_PERSON_PHONE (PID, Phone) VALUES (60, '3035556001');
INSERT INTO S24_S003_T7_PERSON_PHONE (PID, Phone) VALUES (60, '3035556002');
INSERT INTO S24_S003_T7_PERSON_PHONE (PID, Phone) VALUES (61, '3035556101');
INSERT INTO S24_S003_T7_PERSON_PHONE (PID, Phone) VALUES (62, '3035556201');
INSERT INTO S24_S003_T7_PERSON_PHONE (PID, Phone) VALUES (63, '3035556301');
INSERT INTO S24_S003_T7_PERSON_PHONE (PID, Phone) VALUES (64, '3035556401');
INSERT INTO S24_S003_T7_PERSON_PHONE (PID, Phone) VALUES (65, '3035556501');
INSERT INTO S24_S003_T7_PERSON_PHONE (PID, Phone) VALUES (66, '3035556601');
INSERT INTO S24_S003_T7_PERSON_PHONE (PID, Phone) VALUES (67, '3035556701');
INSERT INTO S24_S003_T7_PERSON_PHONE (PID, Phone) VALUES (68, '3035556801');
INSERT INTO S24_S003_T7_PERSON_PHONE (PID, Phone) VALUES (68, '3035556802');
INSERT INTO S24_S003_T7_PERSON_PHONE (PID, Phone) VALUES (69, '3035556901');
INSERT INTO S24_S003_T7_PERSON_PHONE (PID, Phone) VALUES (70, '3035557001');
INSERT INTO S24_S003_T7_PERSON_PHONE (PID, Phone) VALUES (71, '3035557101');
INSERT INTO S24_S003_T7_PERSON_PHONE (PID, Phone) VALUES (72, '3035557201');
INSERT INTO S24_S003_T7_PERSON_PHONE (PID, Phone) VALUES (73, '3035557301');
INSERT INTO S24_S003_T7_PERSON_PHONE (PID, Phone) VALUES (74, '3035557401');
INSERT INTO S24_S003_T7_PERSON_PHONE (PID, Phone) VALUES (75, '3035557501');
INSERT INTO S24_S003_T7_PERSON_PHONE (PID, Phone) VALUES (76, '3035557601');
INSERT INTO S24_S003_T7_PERSON_PHONE (PID, Phone) VALUES (77, '3035557701');
INSERT INTO S24_S003_T7_PERSON_PHONE (PID, Phone) VALUES (78, '3035557801');
INSERT INTO S24_S003_T7_PERSON_PHONE (PID, Phone) VALUES (79, '3035557901');
INSERT INTO S24_S003_T7_PERSON_PHONE (PID, Phone) VALUES (80, '3035558001');
INSERT INTO S24_S003_T7_PERSON_PHONE (PID, Phone) VALUES (81, '3035558101');
INSERT INTO S24_S003_T7_PERSON_PHONE (PID, Phone) VALUES (82, '3035558201');
INSERT INTO S24_S003_T7_PERSON_PHONE (PID, Phone) VALUES (83, '3035558301');
INSERT INTO S24_S003_T7_PERSON_PHONE (PID, Phone) VALUES (84, '3035558401');
INSERT INTO S24_S003_T7_PERSON_PHONE (PID, Phone) VALUES (85, '3035558501');
INSERT INTO S24_S003_T7_PERSON_PHONE (PID, Phone) VALUES (86, '3035558601');
INSERT INTO S24_S003_T7_PERSON_PHONE (PID, Phone) VALUES (87, '3035558701');
INSERT INTO S24_S003_T7_PERSON_PHONE (PID, Phone) VALUES (88, '3035558801');
INSERT INTO S24_S003_T7_PERSON_PHONE (PID, Phone) VALUES (89, '3035558901');
INSERT INTO S24_S003_T7_PERSON_PHONE (PID, Phone) VALUES (90, '3035559001');
INSERT INTO S24_S003_T7_PERSON_PHONE (PID, Phone) VALUES (91, '3035559101');
INSERT INTO S24_S003_T7_PERSON_PHONE (PID, Phone) VALUES (92, '3035559201');
INSERT INTO S24_S003_T7_PERSON_PHONE (PID, Phone) VALUES (93, '3035559301');
INSERT INTO S24_S003_T7_PERSON_PHONE (PID, Phone) VALUES (94, '3035559401');
INSERT INTO S24_S003_T7_PERSON_PHONE (PID, Phone) VALUES (95, '3035559501');
INSERT INTO S24_S003_T7_PERSON_PHONE (PID, Phone) VALUES (96, '3035559601');
INSERT INTO S24_S003_T7_PERSON_PHONE (PID, Phone) VALUES (97, '3035559701');
INSERT INTO S24_S003_T7_PERSON_PHONE (PID, Phone) VALUES (98, '3035559801');
INSERT INTO S24_S003_T7_PERSON_PHONE (PID, Phone) VALUES (99, '3035559901');
INSERT INTO S24_S003_T7_PERSON_PHONE (PID, Phone) VALUES (100, '30355510001');
INSERT INTO S24_S003_T7_PERSON_PHONE (PID, Phone) VALUES (100, '30355510002');

--Genre--
INSERT INTO S24_S003_T7_GENRE(GID, Name) VALUES (1, 'Technology'); 
INSERT INTO S24_S003_T7_GENRE(GID, Name) VALUES (2, 'Entertainment');
INSERT INTO S24_S003_T7_GENRE(GID, Name) VALUES (3, 'Romance');
INSERT INTO S24_S003_T7_GENRE(GID, Name) VALUES (4, 'Horror');
INSERT INTO S24_S003_T7_GENRE(GID, Name) VALUES (5, 'Comedy');


--USER--
INSERT INTO S24_S003_T7_USER (UPID, Following, Timestamp) VALUES (1, 42, TO_TIMESTAMP('2022-03-15 08:15:30', 'YYYY-MM-DD HH24:MI:SS'));
INSERT INTO S24_S003_T7_USER (UPID, Following, Timestamp) VALUES (2, 17, TO_TIMESTAMP('2022-06-22 12:30:45', 'YYYY-MM-DD HH24:MI:SS'));
INSERT INTO S24_S003_T7_USER (UPID, Following, Timestamp) VALUES (3, 36, TO_TIMESTAMP('2022-09-10 16:45:00', 'YYYY-MM-DD HH24:MI:SS'));
INSERT INTO S24_S003_T7_USER (UPID, Following, Timestamp) VALUES (4, 4, TO_TIMESTAMP('2022-01-05 10:05:15', 'YYYY-MM-DD HH24:MI:SS'));
INSERT INTO S24_S003_T7_USER (UPID, Following, Timestamp) VALUES (5, 21, TO_TIMESTAMP('2023-02-20 20:20:20', 'YYYY-MM-DD HH24:MI:SS'));
INSERT INTO S24_S003_T7_USER (UPID, Following, Timestamp) VALUES (6, 50, TO_TIMESTAMP('2023-05-18 14:35:55', 'YYYY-MM-DD HH24:MI:SS'));
INSERT INTO S24_S003_T7_USER (UPID, Following, Timestamp) VALUES (7, 32, TO_TIMESTAMP('2023-08-25 22:10:10', 'YYYY-MM-DD HH24:MI:SS'));
INSERT INTO S24_S003_T7_USER (UPID, Following, Timestamp) VALUES (8, 23, TO_TIMESTAMP('2022-04-30 23:59:59', 'YYYY-MM-DD HH24:MI:SS'));
INSERT INTO S24_S003_T7_USER (UPID, Following, Timestamp) VALUES (9, 38, TO_TIMESTAMP('2022-11-12 12:12:12', 'YYYY-MM-DD HH24:MI:SS'));
INSERT INTO S24_S003_T7_USER (UPID, Following, Timestamp) VALUES (10, 15, TO_TIMESTAMP('2023-01-01 00:00:00', 'YYYY-MM-DD HH24:MI:SS'));
INSERT INTO S24_S003_T7_USER (UPID, Following, Timestamp) VALUES (11, 9, TO_TIMESTAMP('2022-02-28 09:30:00', 'YYYY-MM-DD HH24:MI:SS'));
INSERT INTO S24_S003_T7_USER (UPID, Following, Timestamp) VALUES (12, 8, TO_TIMESTAMP('2022-12-31 15:45:15', 'YYYY-MM-DD HH24:MI:SS'));
INSERT INTO S24_S003_T7_USER (UPID, Following, Timestamp) VALUES (13, 24, TO_TIMESTAMP('2023-03-15 18:00:00', 'YYYY-MM-DD HH24:MI:SS'));
INSERT INTO S24_S003_T7_USER (UPID, Following, Timestamp) VALUES (14, 31, TO_TIMESTAMP('2023-07-20 21:15:00', 'YYYY-MM-DD HH24:MI:SS'));
INSERT INTO S24_S003_T7_USER (UPID, Following, Timestamp) VALUES (15, 47, TO_TIMESTAMP('2022-05-25 13:20:20', 'YYYY-MM-DD HH24:MI:SS'));
INSERT INTO S24_S003_T7_USER (UPID, Following, Timestamp) VALUES (16, 26, TO_TIMESTAMP('2023-09-10 07:25:25', 'YYYY-MM-DD HH24:MI:SS'));
INSERT INTO S24_S003_T7_USER (UPID, Following, Timestamp) VALUES (17, 29, TO_TIMESTAMP('2022-07-30 19:50:50', 'YYYY-MM-DD HH24:MI:SS'));
INSERT INTO S24_S003_T7_USER (UPID, Following, Timestamp) VALUES (18, 34, TO_TIMESTAMP('2023-06-14 12:00:00', 'YYYY-MM-DD HH24:MI:SS'));
INSERT INTO S24_S003_T7_USER (UPID, Following, Timestamp) VALUES (19, 12, TO_TIMESTAMP('2022-08-08 08:08:08', 'YYYY-MM-DD HH24:MI:SS'));
INSERT INTO S24_S003_T7_USER (UPID, Following, Timestamp) VALUES (20, 7, TO_TIMESTAMP('2022-10-23 16:21:30', 'YYYY-MM-DD HH24:MI:SS'));
INSERT INTO S24_S003_T7_USER (UPID, Following, Timestamp) VALUES (21, 11, TO_TIMESTAMP('2023-04-27 11:34:45', 'YYYY-MM-DD HH24:MI:SS'));
INSERT INTO S24_S003_T7_USER (UPID, Following, Timestamp) VALUES (22, 45, TO_TIMESTAMP('2023-10-09 19:48:55', 'YYYY-MM-DD HH24:MI:SS'));
INSERT INTO S24_S003_T7_USER (UPID, Following, Timestamp) VALUES (23, 5, TO_TIMESTAMP('2022-12-20 05:50:05', 'YYYY-MM-DD HH24:MI:SS'));
INSERT INTO S24_S003_T7_USER (UPID, Following, Timestamp) VALUES (24, 40, TO_TIMESTAMP('2023-01-15 03:25:20', 'YYYY-MM-DD HH24:MI:SS'));
INSERT INTO S24_S003_T7_USER (UPID, Following, Timestamp) VALUES (25, 2, TO_TIMESTAMP('2023-07-02 08:33:40', 'YYYY-MM-DD HH24:MI:SS'));
INSERT INTO S24_S003_T7_USER (UPID, Following, Timestamp) VALUES (26, 13, TO_TIMESTAMP('2022-02-14 22:44:10', 'YYYY-MM-DD HH24:MI:SS'));
INSERT INTO S24_S003_T7_USER (UPID, Following, Timestamp) VALUES (27, 19, TO_TIMESTAMP('2022-03-25 15:15:15', 'YYYY-MM-DD HH24:MI:SS'));
INSERT INTO S24_S003_T7_USER (UPID, Following, Timestamp) VALUES (28, 3, TO_TIMESTAMP('2023-11-28 10:05:00', 'YYYY-MM-DD HH24:MI:SS'));
INSERT INTO S24_S003_T7_USER (UPID, Following, Timestamp) VALUES (29, 28, TO_TIMESTAMP('2022-04-18 14:07:07', 'YYYY-MM-DD HH24:MI:SS'));
INSERT INTO S24_S003_T7_USER (UPID, Following, Timestamp) VALUES (30, 6, TO_TIMESTAMP('2023-02-11 17:30:30', 'YYYY-MM-DD HH24:MI:SS'));
INSERT INTO S24_S003_T7_USER (UPID, Following, Timestamp) VALUES (31, 25, TO_TIMESTAMP('2022-01-06 12:45:55', 'YYYY-MM-DD HH24:MI:SS'));
INSERT INTO S24_S003_T7_USER (UPID, Following, Timestamp) VALUES (32, 22, TO_TIMESTAMP('2022-07-21 20:50:50', 'YYYY-MM-DD HH24:MI:SS'));
INSERT INTO S24_S003_T7_USER (UPID, Following, Timestamp) VALUES (33, 49, TO_TIMESTAMP('2023-05-30 15:55:25', 'YYYY-MM-DD HH24:MI:SS'));
INSERT INTO S24_S003_T7_USER (UPID, Following, Timestamp) VALUES (34, 33, TO_TIMESTAMP('2022-09-15 21:20:10', 'YYYY-MM-DD HH24:MI:SS'));
INSERT INTO S24_S003_T7_USER (UPID, Following, Timestamp) VALUES (35, 14, TO_TIMESTAMP('2023-06-05 13:40:45', 'YYYY-MM-DD HH24:MI:SS'));
INSERT INTO S24_S003_T7_USER (UPID, Following, Timestamp) VALUES (36, 27, TO_TIMESTAMP('2022-11-11 09:09:09', 'YYYY-MM-DD HH24:MI:SS'));
INSERT INTO S24_S003_T7_USER (UPID, Following, Timestamp) VALUES (37, 16, TO_TIMESTAMP('2023-12-31 23:59:59', 'YYYY-MM-DD HH24:MI:SS'));
INSERT INTO S24_S003_T7_USER (UPID, Following, Timestamp) VALUES (38, 39, TO_TIMESTAMP('2022-05-10 10:10:10', 'YYYY-MM-DD HH24:MI:SS'));
INSERT INTO S24_S003_T7_USER (UPID, Following, Timestamp) VALUES (39, 1, TO_TIMESTAMP('2023-03-03 03:33:33', 'YYYY-MM-DD HH24:MI:SS'));
INSERT INTO S24_S003_T7_USER (UPID, Following, Timestamp) VALUES (40, 18, TO_TIMESTAMP('2022-06-16 06:16:16', 'YYYY-MM-DD HH24:MI:SS'));
INSERT INTO S24_S003_T7_USER (UPID, Following, Timestamp) VALUES (41, 44, TO_TIMESTAMP('2023-04-04 04:44:44', 'YYYY-MM-DD HH24:MI:SS'));
INSERT INTO S24_S003_T7_USER (UPID, Following, Timestamp) VALUES (42, 20, TO_TIMESTAMP('2022-07-07 07:07:07', 'YYYY-MM-DD HH24:MI:SS'));
INSERT INTO S24_S003_T7_USER (UPID, Following, Timestamp) VALUES (43, 37, TO_TIMESTAMP('2023-08-08 08:08:08', 'YYYY-MM-DD HH24:MI:SS'));
INSERT INTO S24_S003_T7_USER (UPID, Following, Timestamp) VALUES (44, 30, TO_TIMESTAMP('2022-10-10 10:10:10', 'YYYY-MM-DD HH24:MI:SS'));
INSERT INTO S24_S003_T7_USER (UPID, Following, Timestamp) VALUES (45, 41, TO_TIMESTAMP('2023-09-19 19:19:19', 'YYYY-MM-DD HH24:MI:SS'));
INSERT INTO S24_S003_T7_USER (UPID, Following, Timestamp) VALUES (46, 10, TO_TIMESTAMP('2022-12-12 12:12:12', 'YYYY-MM-DD HH24:MI:SS'));
INSERT INTO S24_S003_T7_USER (UPID, Following, Timestamp) VALUES (47, 48, TO_TIMESTAMP('2023-01-01 01:01:01', 'YYYY-MM-DD HH24:MI:SS'));
INSERT INTO S24_S003_T7_USER (UPID, Following, Timestamp) VALUES (48, 43, TO_TIMESTAMP('2022-03-03 03:03:03', 'YYYY-MM-DD HH24:MI:SS'));
INSERT INTO S24_S003_T7_USER (UPID, Following, Timestamp) VALUES (49, 35, TO_TIMESTAMP('2023-02-02 02:02:02', 'YYYY-MM-DD HH24:MI:SS'));
INSERT INTO S24_S003_T7_USER (UPID, Following, Timestamp) VALUES (50, 46, TO_TIMESTAMP('2022-04-22 22:22:22', 'YYYY-MM-DD HH24:MI:SS'));
INSERT INTO S24_S003_T7_USER (UPID, Following, Timestamp) VALUES (51, 32, TO_TIMESTAMP('2022-03-15 14:20:30', 'YYYY-MM-DD HH24:MI:SS'));
INSERT INTO S24_S003_T7_USER (UPID, Following, Timestamp) VALUES (52, 45, TO_TIMESTAMP('2022-04-16 10:15:45', 'YYYY-MM-DD HH24:MI:SS'));
INSERT INTO S24_S003_T7_USER (UPID, Following, Timestamp) VALUES (53, 5, TO_TIMESTAMP('2022-05-17 08:30:00', 'YYYY-MM-DD HH24:MI:SS'));
INSERT INTO S24_S003_T7_USER (UPID, Following, Timestamp) VALUES (54, 12, TO_TIMESTAMP('2022-06-18 16:45:15', 'YYYY-MM-DD HH24:MI:SS'));
INSERT INTO S24_S003_T7_USER (UPID, Following, Timestamp) VALUES (55, 25, TO_TIMESTAMP('2022-07-19 20:20:20', 'YYYY-MM-DD HH24:MI:SS'));
INSERT INTO S24_S003_T7_USER (UPID, Following, Timestamp) VALUES (56, 48, TO_TIMESTAMP('2022-08-20 13:35:55', 'YYYY-MM-DD HH24:MI:SS'));
INSERT INTO S24_S003_T7_USER (UPID, Following, Timestamp) VALUES (57, 36, TO_TIMESTAMP('2022-09-21 23:10:10', 'YYYY-MM-DD HH24:MI:SS'));
INSERT INTO S24_S003_T7_USER (UPID, Following, Timestamp) VALUES (58, 21, TO_TIMESTAMP('2022-10-22 18:59:59', 'YYYY-MM-DD HH24:MI:SS'));
INSERT INTO S24_S003_T7_USER (UPID, Following, Timestamp) VALUES (59, 40, TO_TIMESTAMP('2022-11-23 12:12:12', 'YYYY-MM-DD HH24:MI:SS'));
INSERT INTO S24_S003_T7_USER (UPID, Following, Timestamp) VALUES (60, 29, TO_TIMESTAMP('2022-12-24 00:00:00', 'YYYY-MM-DD HH24:MI:SS'));
INSERT INTO S24_S003_T7_USER (UPID, Following, Timestamp) VALUES (61, 18, TO_TIMESTAMP('2023-01-25 09:30:00', 'YYYY-MM-DD HH24:MI:SS'));
INSERT INTO S24_S003_T7_USER (UPID, Following, Timestamp) VALUES (62, 27, TO_TIMESTAMP('2023-02-26 15:45:15', 'YYYY-MM-DD HH24:MI:SS'));
INSERT INTO S24_S003_T7_USER (UPID, Following, Timestamp) VALUES (63, 34, TO_TIMESTAMP('2023-03-27 18:00:00', 'YYYY-MM-DD HH24:MI:SS'));
INSERT INTO S24_S003_T7_USER (UPID, Following, Timestamp) VALUES (64, 8, TO_TIMESTAMP('2023-04-28 21:15:00', 'YYYY-MM-DD HH24:MI:SS'));
INSERT INTO S24_S003_T7_USER (UPID, Following, Timestamp) VALUES (65, 43, TO_TIMESTAMP('2023-05-29 13:20:20', 'YYYY-MM-DD HH24:MI:SS'));
INSERT INTO S24_S003_T7_USER (UPID, Following, Timestamp) VALUES (66, 17, TO_TIMESTAMP('2023-06-30 07:25:25', 'YYYY-MM-DD HH24:MI:SS'));
INSERT INTO S24_S003_T7_USER (UPID, Following, Timestamp) VALUES (67, 2, TO_TIMESTAMP('2023-07-31 19:50:50', 'YYYY-MM-DD HH24:MI:SS'));
INSERT INTO S24_S003_T7_USER (UPID, Following, Timestamp) VALUES (68, 39, TO_TIMESTAMP('2023-08-01 12:00:00', 'YYYY-MM-DD HH24:MI:SS'));
INSERT INTO S24_S003_T7_USER (UPID, Following, Timestamp) VALUES (69, 26, TO_TIMESTAMP('2023-09-02 08:08:08', 'YYYY-MM-DD HH24:MI:SS'));
INSERT INTO S24_S003_T7_USER (UPID, Following, Timestamp) VALUES (70, 49, TO_TIMESTAMP('2023-10-03 15:15:15', 'YYYY-MM-DD HH24:MI:SS'));
INSERT INTO S24_S003_T7_USER (UPID, Following, Timestamp) VALUES (71, 11, TO_TIMESTAMP('2023-01-15 17:05:05', 'YYYY-MM-DD HH24:MI:SS'));
INSERT INTO S24_S003_T7_USER (UPID, Following, Timestamp) VALUES (72, 33, TO_TIMESTAMP('2023-02-16 19:15:25', 'YYYY-MM-DD HH24:MI:SS'));
INSERT INTO S24_S003_T7_USER (UPID, Following, Timestamp) VALUES (73, 7, TO_TIMESTAMP('2023-03-17 21:25:35', 'YYYY-MM-DD HH24:MI:SS'));
INSERT INTO S24_S003_T7_USER (UPID, Following, Timestamp) VALUES (74, 28, TO_TIMESTAMP('2023-04-18 06:35:45', 'YYYY-MM-DD HH24:MI:SS'));
INSERT INTO S24_S003_T7_USER (UPID, Following, Timestamp) VALUES (75, 9, TO_TIMESTAMP('2023-05-19 12:45:55', 'YYYY-MM-DD HH24:MI:SS'));
INSERT INTO S24_S003_T7_USER (UPID, Following, Timestamp) VALUES (76, 31, TO_TIMESTAMP('2023-06-20 14:55:15', 'YYYY-MM-DD HH24:MI:SS'));
INSERT INTO S24_S003_T7_USER (UPID, Following, Timestamp) VALUES (77, 44, TO_TIMESTAMP('2023-07-21 16:05:25', 'YYYY-MM-DD HH24:MI:SS'));
INSERT INTO S24_S003_T7_USER (UPID, Following, Timestamp) VALUES (78, 20, TO_TIMESTAMP('2023-08-22 22:15:35', 'YYYY-MM-DD HH24:MI:SS'));
INSERT INTO S24_S003_T7_USER (UPID, Following, Timestamp) VALUES (79, 37, TO_TIMESTAMP('2023-09-23 23:25:45', 'YYYY-MM-DD HH24:MI:SS'));
INSERT INTO S24_S003_T7_USER (UPID, Following, Timestamp) VALUES (80, 3, TO_TIMESTAMP('2023-10-24 01:35:55', 'YYYY-MM-DD HH24:MI:SS'));
INSERT INTO S24_S003_T7_USER (UPID, Following, Timestamp) VALUES (81, 10, TO_TIMESTAMP('2023-11-25 03:45:05', 'YYYY-MM-DD HH24:MI:SS'));
INSERT INTO S24_S003_T7_USER (UPID, Following, Timestamp) VALUES (82, 22, TO_TIMESTAMP('2023-12-26 05:55:15', 'YYYY-MM-DD HH24:MI:SS'));
INSERT INTO S24_S003_T7_USER (UPID, Following, Timestamp) VALUES (83, 50, TO_TIMESTAMP('2022-01-27 07:05:25', 'YYYY-MM-DD HH24:MI:SS'));
INSERT INTO S24_S003_T7_USER (UPID, Following, Timestamp) VALUES (84, 14, TO_TIMESTAMP('2022-02-28 08:15:35', 'YYYY-MM-DD HH24:MI:SS'));
INSERT INTO S24_S003_T7_USER (UPID, Following, Timestamp) VALUES (85, 6, TO_TIMESTAMP('2022-03-29 09:25:45', 'YYYY-MM-DD HH24:MI:SS'));
INSERT INTO S24_S003_T7_USER (UPID, Following, Timestamp) VALUES (86, 41, TO_TIMESTAMP('2022-04-30 10:35:55', 'YYYY-MM-DD HH24:MI:SS'));
INSERT INTO S24_S003_T7_USER (UPID, Following, Timestamp) VALUES (87, 23, TO_TIMESTAMP('2022-05-31 11:45:05', 'YYYY-MM-DD HH24:MI:SS'));
INSERT INTO S24_S003_T7_USER (UPID, Following, Timestamp) VALUES (88, 15, TO_TIMESTAMP('2022-06-01 12:55:15', 'YYYY-MM-DD HH24:MI:SS'));
INSERT INTO S24_S003_T7_USER (UPID, Following, Timestamp) VALUES (89, 30, TO_TIMESTAMP('2022-07-02 13:05:25', 'YYYY-MM-DD HH24:MI:SS'));
INSERT INTO S24_S003_T7_USER (UPID, Following, Timestamp) VALUES (90, 19, TO_TIMESTAMP('2022-08-03 14:15:35', 'YYYY-MM-DD HH24:MI:SS'));
INSERT INTO S24_S003_T7_USER (UPID, Following, Timestamp) VALUES (91, 47, TO_TIMESTAMP('2022-09-04 15:25:45', 'YYYY-MM-DD HH24:MI:SS'));
INSERT INTO S24_S003_T7_USER (UPID, Following, Timestamp) VALUES (92, 4, TO_TIMESTAMP('2022-10-05 16:35:55', 'YYYY-MM-DD HH24:MI:SS'));
INSERT INTO S24_S003_T7_USER (UPID, Following, Timestamp) VALUES (93, 13, TO_TIMESTAMP('2022-11-06 17:45:05', 'YYYY-MM-DD HH24:MI:SS'));
INSERT INTO S24_S003_T7_USER (UPID, Following, Timestamp) VALUES (94, 24, TO_TIMESTAMP('2022-12-07 18:55:15', 'YYYY-MM-DD HH24:MI:SS'));
INSERT INTO S24_S003_T7_USER (UPID, Following, Timestamp) VALUES (95, 38, TO_TIMESTAMP('2023-01-08 20:05:25', 'YYYY-MM-DD HH24:MI:SS'));
INSERT INTO S24_S003_T7_USER (UPID, Following, Timestamp) VALUES (96, 1, TO_TIMESTAMP('2023-02-09 21:15:35', 'YYYY-MM-DD HH24:MI:SS'));
INSERT INTO S24_S003_T7_USER (UPID, Following, Timestamp) VALUES (97, 42, TO_TIMESTAMP('2023-03-10 22:25:45', 'YYYY-MM-DD HH24:MI:SS'));
INSERT INTO S24_S003_T7_USER (UPID, Following, Timestamp) VALUES (98, 16, TO_TIMESTAMP('2023-04-11 23:35:55', 'YYYY-MM-DD HH24:MI:SS'));
INSERT INTO S24_S003_T7_USER (UPID, Following, Timestamp) VALUES (99, 46, TO_TIMESTAMP('2023-05-12 01:45:05', 'YYYY-MM-DD HH24:MI:SS'));
INSERT INTO S24_S003_T7_USER (UPID, Following, Timestamp) VALUES (100, 35, TO_TIMESTAMP('2023-06-13 03:55:15', 'YYYY-MM-DD HH24:MI:SS'));


--ARTIST--
INSERT INTO S24_S003_T7_ARTIST (APID, Followers) VALUES (31, 78);
INSERT INTO S24_S003_T7_ARTIST (APID, Followers) VALUES (56, 85);
INSERT INTO S24_S003_T7_ARTIST (APID, Followers) VALUES (4, 69);
INSERT INTO S24_S003_T7_ARTIST (APID, Followers) VALUES (92, 65);
INSERT INTO S24_S003_T7_ARTIST (APID, Followers) VALUES (40, 27);
INSERT INTO S24_S003_T7_ARTIST (APID, Followers) VALUES (98, 89);
INSERT INTO S24_S003_T7_ARTIST (APID, Followers) VALUES (21, 76);
INSERT INTO S24_S003_T7_ARTIST (APID, Followers) VALUES (83, 38);
INSERT INTO S24_S003_T7_ARTIST (APID, Followers) VALUES (23, 96);
INSERT INTO S24_S003_T7_ARTIST (APID, Followers) VALUES (70, 5);
INSERT INTO S24_S003_T7_ARTIST (APID, Followers) VALUES (81, 19);
INSERT INTO S24_S003_T7_ARTIST (APID, Followers) VALUES (79, 90);
INSERT INTO S24_S003_T7_ARTIST (APID, Followers) VALUES (72, 11);
INSERT INTO S24_S003_T7_ARTIST (APID, Followers) VALUES (52, 82);
INSERT INTO S24_S003_T7_ARTIST (APID, Followers) VALUES (29, 99);
INSERT INTO S24_S003_T7_ARTIST (APID, Followers) VALUES (33, 55);
INSERT INTO S24_S003_T7_ARTIST (APID, Followers) VALUES (77, 43);
INSERT INTO S24_S003_T7_ARTIST (APID, Followers) VALUES (93, 50);
INSERT INTO S24_S003_T7_ARTIST (APID, Followers) VALUES (69, 97);
INSERT INTO S24_S003_T7_ARTIST (APID, Followers) VALUES (15, 39);
INSERT INTO S24_S003_T7_ARTIST (APID, Followers) VALUES (73, 16);
INSERT INTO S24_S003_T7_ARTIST (APID, Followers) VALUES (8, 17);
INSERT INTO S24_S003_T7_ARTIST (APID, Followers) VALUES (3, 98);
INSERT INTO S24_S003_T7_ARTIST (APID, Followers) VALUES (89, 60);
INSERT INTO S24_S003_T7_ARTIST (APID, Followers) VALUES (41, 30);
INSERT INTO S24_S003_T7_ARTIST (APID, Followers) VALUES (43, 91);
INSERT INTO S24_S003_T7_ARTIST (APID, Followers) VALUES (78, 35);
INSERT INTO S24_S003_T7_ARTIST (APID, Followers) VALUES (95, 32);
INSERT INTO S24_S003_T7_ARTIST (APID, Followers) VALUES (46, 84);
INSERT INTO S24_S003_T7_ARTIST (APID, Followers) VALUES (14, 42);
INSERT INTO S24_S003_T7_ARTIST (APID, Followers) VALUES (68, 10);
INSERT INTO S24_S003_T7_ARTIST (APID, Followers) VALUES (84, 88);
INSERT INTO S24_S003_T7_ARTIST (APID, Followers) VALUES (1, 63);
INSERT INTO S24_S003_T7_ARTIST (APID, Followers) VALUES (53, 6);
INSERT INTO S24_S003_T7_ARTIST (APID, Followers) VALUES (90, 66);
INSERT INTO S24_S003_T7_ARTIST (APID, Followers) VALUES (61, 23);
INSERT INTO S24_S003_T7_ARTIST (APID, Followers) VALUES (96, 74);
INSERT INTO S24_S003_T7_ARTIST (APID, Followers) VALUES (39, 37);
INSERT INTO S24_S003_T7_ARTIST (APID, Followers) VALUES (16, 48);
INSERT INTO S24_S003_T7_ARTIST (APID, Followers) VALUES (34, 21);
INSERT INTO S24_S003_T7_ARTIST (APID, Followers) VALUES (2, 73);
INSERT INTO S24_S003_T7_ARTIST (APID, Followers) VALUES (71, 7);
INSERT INTO S24_S003_T7_ARTIST (APID, Followers) VALUES (18, 62);
INSERT INTO S24_S003_T7_ARTIST (APID, Followers) VALUES (17, 87);
INSERT INTO S24_S003_T7_ARTIST (APID, Followers) VALUES (60, 51);
INSERT INTO S24_S003_T7_ARTIST (APID, Followers) VALUES (10, 15);
INSERT INTO S24_S003_T7_ARTIST (APID, Followers) VALUES (9, 67);
INSERT INTO S24_S003_T7_ARTIST (APID, Followers) VALUES (20, 14);
INSERT INTO S24_S003_T7_ARTIST (APID, Followers) VALUES (97, 29);
INSERT INTO S24_S003_T7_ARTIST (APID, Followers) VALUES (88, 47);

--advertiser--
INSERT INTO S24_S003_T7_ADVERTISER (AdvertiserID, Name, Revenue) VALUES (1, 'Amazon', 4500);
INSERT INTO S24_S003_T7_ADVERTISER (AdvertiserID, Name, Revenue) VALUES (2, 'Walmart', 5000);
INSERT INTO S24_S003_T7_ADVERTISER (AdvertiserID, Name, Revenue) VALUES (3, 'Apple', 7000);
INSERT INTO S24_S003_T7_ADVERTISER (AdvertiserID, Name, Revenue) VALUES (4, 'ExxonMobil', 6200);
INSERT INTO S24_S003_T7_ADVERTISER (AdvertiserID, Name, Revenue) VALUES (5, 'McKesson', 5500);
INSERT INTO S24_S003_T7_ADVERTISER (AdvertiserID, Name, Revenue) VALUES (6, 'UnitedHealth Group', 3300);
INSERT INTO S24_S003_T7_ADVERTISER (AdvertiserID, Name, Revenue) VALUES (7, 'CVS Health', 4700);
INSERT INTO S24_S003_T7_ADVERTISER (AdvertiserID, Name, Revenue) VALUES (8, 'General Motors', 3900);
INSERT INTO S24_S003_T7_ADVERTISER (AdvertiserID, Name, Revenue) VALUES (9, 'Ford Motor', 4100);
INSERT INTO S24_S003_T7_ADVERTISER (AdvertiserID, Name, Revenue) VALUES (10, 'AT&T', 3700);
INSERT INTO S24_S003_T7_ADVERTISER (AdvertiserID, Name, Revenue) VALUES (11, 'AmerisourceBergen', 6800);
INSERT INTO S24_S003_T7_ADVERTISER (AdvertiserID, Name, Revenue) VALUES (12, 'Chevron', 3200);
INSERT INTO S24_S003_T7_ADVERTISER (AdvertiserID, Name, Revenue) VALUES (13, 'Costco', 2900);
INSERT INTO S24_S003_T7_ADVERTISER (AdvertiserID, Name, Revenue) VALUES (14, 'Alphabet', 8500);
INSERT INTO S24_S003_T7_ADVERTISER (AdvertiserID, Name, Revenue) VALUES (15, 'Cardinal Health', 7600);
INSERT INTO S24_S003_T7_ADVERTISER (AdvertiserID, Name, Revenue) VALUES (16, 'Walgreens Boots Alliance', 2800);
INSERT INTO S24_S003_T7_ADVERTISER (AdvertiserID, Name, Revenue) VALUES (17, 'JPMorgan Chase', 4600);
INSERT INTO S24_S003_T7_ADVERTISER (AdvertiserID, Name, Revenue) VALUES (18, 'Verizon Communications', 5300);
INSERT INTO S24_S003_T7_ADVERTISER (AdvertiserID, Name, Revenue) VALUES (19, 'Kroger', 3000);
INSERT INTO S24_S003_T7_ADVERTISER (AdvertiserID, Name, Revenue) VALUES (20, 'General Electric', 9400);
INSERT INTO S24_S003_T7_ADVERTISER (AdvertiserID, Name, Revenue) VALUES (21, 'Fannie Mae', 2300);
INSERT INTO S24_S003_T7_ADVERTISER (AdvertiserID, Name, Revenue) VALUES (22, 'Phillips 66', 4800);
INSERT INTO S24_S003_T7_ADVERTISER (AdvertiserID, Name, Revenue) VALUES (23, 'Valero Energy', 8800);
INSERT INTO S24_S003_T7_ADVERTISER (AdvertiserID, Name, Revenue) VALUES (24, 'Bank of America Corp', 5100);
INSERT INTO S24_S003_T7_ADVERTISER (AdvertiserID, Name, Revenue) VALUES (25, 'Microsoft', 6500);
INSERT INTO S24_S003_T7_ADVERTISER (AdvertiserID, Name, Revenue) VALUES (26, 'Home Depot', 7400);
INSERT INTO S24_S003_T7_ADVERTISER (AdvertiserID, Name, Revenue) VALUES (27, 'Boeing', 5800);
INSERT INTO S24_S003_T7_ADVERTISER (AdvertiserID, Name, Revenue) VALUES (28, 'Wells Fargo', 4100);
INSERT INTO S24_S003_T7_ADVERTISER (AdvertiserID, Name, Revenue) VALUES (29, 'Citigroup', 9500);
INSERT INTO S24_S003_T7_ADVERTISER (AdvertiserID, Name, Revenue) VALUES (30, 'Marathon Petroleum', 6700);
INSERT INTO S24_S003_T7_ADVERTISER (AdvertiserID, Name, Revenue) VALUES (31, 'Comcast', 8200);
INSERT INTO S24_S003_T7_ADVERTISER (AdvertiserID, Name, Revenue) VALUES (32, 'Anthem', 7700);
INSERT INTO S24_S003_T7_ADVERTISER (AdvertiserID, Name, Revenue) VALUES (33, 'Dell Technologies', 3600);
INSERT INTO S24_S003_T7_ADVERTISER (AdvertiserID, Name, Revenue) VALUES (34, 'DuPont', 4500);
INSERT INTO S24_S003_T7_ADVERTISER (AdvertiserID, Name, Revenue) VALUES (35, 'State Farm Insurance Cos', 4300);
INSERT INTO S24_S003_T7_ADVERTISER (AdvertiserID, Name, Revenue) VALUES (36, 'Johnson & Johnson', 6900);
INSERT INTO S24_S003_T7_ADVERTISER (AdvertiserID, Name, Revenue) VALUES (37, 'IBM', 8800);
INSERT INTO S24_S003_T7_ADVERTISER (AdvertiserID, Name, Revenue) VALUES (38, 'Target', 7500);
INSERT INTO S24_S003_T7_ADVERTISER (AdvertiserID, Name, Revenue) VALUES (39, 'Freddie Mac', 5300);
INSERT INTO S24_S003_T7_ADVERTISER (AdvertiserID, Name, Revenue) VALUES (40, 'Lowes', 2400);
INSERT INTO S24_S003_T7_ADVERTISER (AdvertiserID, Name, Revenue) VALUES (41, 'Intel', 5900);
INSERT INTO S24_S003_T7_ADVERTISER (AdvertiserID, Name, Revenue) VALUES (42, 'MetLife', 6100);
INSERT INTO S24_S003_T7_ADVERTISER (AdvertiserID, Name, Revenue) VALUES (43, 'Procter & Gamble', 5600);
INSERT INTO S24_S003_T7_ADVERTISER (AdvertiserID, Name, Revenue) VALUES (44, 'UPS', 4200);
INSERT INTO S24_S003_T7_ADVERTISER (AdvertiserID, Name, Revenue) VALUES (45, 'Archer Daniels Midland', 4000);
INSERT INTO S24_S003_T7_ADVERTISER (AdvertiserID, Name, Revenue) VALUES (46, 'PepsiCo', 9000);
INSERT INTO S24_S003_T7_ADVERTISER (AdvertiserID, Name, Revenue) VALUES (47, 'Prudential Financial', 2300);
INSERT INTO S24_S003_T7_ADVERTISER (AdvertiserID, Name, Revenue) VALUES (48, 'Centene', 8600);
INSERT INTO S24_S003_T7_ADVERTISER (AdvertiserID, Name, Revenue) VALUES (49, 'Albertsons', 3100);
INSERT INTO S24_S003_T7_ADVERTISER (AdvertiserID, Name, Revenue) VALUES (50, 'Disney', 7800);

--Ads---
INSERT INTO S24_S003_T7_ADS (AdID, AdvertiserID, Link, Duration, GID) VALUES (1, 1, 'https://tinyurl.com/example1', 10, 1);
INSERT INTO S24_S003_T7_ADS (AdID, AdvertiserID, Link, Duration, GID) VALUES (2, 2, 'https://tinyurl.com/example2', 20, 2);
INSERT INTO S24_S003_T7_ADS (AdID, AdvertiserID, Link, Duration, GID) VALUES (3, 3, 'https://tinyurl.com/example3', 15, 3);
INSERT INTO S24_S003_T7_ADS (AdID, AdvertiserID, Link, Duration, GID) VALUES (4, 4, 'https://tinyurl.com/example4', 25, 4);
INSERT INTO S24_S003_T7_ADS (AdID, AdvertiserID, Link, Duration, GID) VALUES (5, 5, 'https://tinyurl.com/example5', 30, 5);
INSERT INTO S24_S003_T7_ADS (AdID, AdvertiserID, Link, Duration, GID) VALUES (6, 6, 'https://tinyurl.com/example6', 8, 1);
INSERT INTO S24_S003_T7_ADS (AdID, AdvertiserID, Link, Duration, GID) VALUES (7, 7, 'https://tinyurl.com/example7', 12, 2);
INSERT INTO S24_S003_T7_ADS (AdID, AdvertiserID, Link, Duration, GID) VALUES (8, 8, 'https://tinyurl.com/example8', 22, 3);
INSERT INTO S24_S003_T7_ADS (AdID, AdvertiserID, Link, Duration, GID) VALUES (9, 9, 'https://tinyurl.com/example9', 18, 4);
INSERT INTO S24_S003_T7_ADS (AdID, AdvertiserID, Link, Duration, GID) VALUES (10, 10, 'https://tinyurl.com/example10', 7, 5);
INSERT INTO S24_S003_T7_ADS (AdID, AdvertiserID, Link, Duration, GID) VALUES (11, 1, 'https://tinyurl.com/example11', 9, 1);
INSERT INTO S24_S003_T7_ADS (AdID, AdvertiserID, Link, Duration, GID) VALUES (12, 2, 'https://tinyurl.com/example12', 28, 2);
INSERT INTO S24_S003_T7_ADS (AdID, AdvertiserID, Link, Duration, GID) VALUES (13, 3, 'https://tinyurl.com/example13', 16, 3);
INSERT INTO S24_S003_T7_ADS (AdID, AdvertiserID, Link, Duration, GID) VALUES (14, 4, 'https://tinyurl.com/example14', 19, 4);
INSERT INTO S24_S003_T7_ADS (AdID, AdvertiserID, Link, Duration, GID) VALUES (15, 5, 'https://tinyurl.com/example15', 5, 5);
INSERT INTO S24_S003_T7_ADS (AdID, AdvertiserID, Link, Duration, GID) VALUES (16, 6, 'https://tinyurl.com/example16', 27, 1);
INSERT INTO S24_S003_T7_ADS (AdID, AdvertiserID, Link, Duration, GID) VALUES (17, 7, 'https://tinyurl.com/example17', 14, 2);
INSERT INTO S24_S003_T7_ADS (AdID, AdvertiserID, Link, Duration, GID) VALUES (18, 8, 'https://tinyurl.com/example18', 11, 3);
INSERT INTO S24_S003_T7_ADS (AdID, AdvertiserID, Link, Duration, GID) VALUES (19, 9, 'https://tinyurl.com/example19', 23, 4);
INSERT INTO S24_S003_T7_ADS (AdID, AdvertiserID, Link, Duration, GID) VALUES (20, 10, 'https://tinyurl.com/example20', 6, 5);
INSERT INTO S24_S003_T7_ADS (AdID, AdvertiserID, Link, Duration, GID) VALUES (21, 11, 'https://tinyurl.com/example21', 10, 1);
INSERT INTO S24_S003_T7_ADS (AdID, AdvertiserID, Link, Duration, GID) VALUES (22, 12, 'https://tinyurl.com/example22', 20, 2);
INSERT INTO S24_S003_T7_ADS (AdID, AdvertiserID, Link, Duration, GID) VALUES (23, 13, 'https://tinyurl.com/example23', 15, 3);
INSERT INTO S24_S003_T7_ADS (AdID, AdvertiserID, Link, Duration, GID) VALUES (24, 14, 'https://tinyurl.com/example24', 25, 4);
INSERT INTO S24_S003_T7_ADS (AdID, AdvertiserID, Link, Duration, GID) VALUES (25, 15, 'https://tinyurl.com/example25', 30, 5);
INSERT INTO S24_S003_T7_ADS (AdID, AdvertiserID, Link, Duration, GID) VALUES (26, 16, 'https://tinyurl.com/example26', 8, 1);
INSERT INTO S24_S003_T7_ADS (AdID, AdvertiserID, Link, Duration, GID) VALUES (27, 17, 'https://tinyurl.com/example27', 12, 2);
INSERT INTO S24_S003_T7_ADS (AdID, AdvertiserID, Link, Duration, GID) VALUES (28, 18, 'https://tinyurl.com/example28', 22, 3);
INSERT INTO S24_S003_T7_ADS (AdID, AdvertiserID, Link, Duration, GID) VALUES (29, 19, 'https://tinyurl.com/example29', 18, 4);
INSERT INTO S24_S003_T7_ADS (AdID, AdvertiserID, Link, Duration, GID) VALUES (30, 20, 'https://tinyurl.com/example30', 7, 5);
INSERT INTO S24_S003_T7_ADS (AdID, AdvertiserID, Link, Duration, GID) VALUES (31, 21, 'https://tinyurl.com/example31', 17, 1);
INSERT INTO S24_S003_T7_ADS (AdID, AdvertiserID, Link, Duration, GID) VALUES (32, 22, 'https://tinyurl.com/example32', 29, 2);
INSERT INTO S24_S003_T7_ADS (AdID, AdvertiserID, Link, Duration, GID) VALUES (33, 23, 'https://tinyurl.com/example33', 13, 3);
INSERT INTO S24_S003_T7_ADS (AdID, AdvertiserID, Link, Duration, GID) VALUES (34, 24, 'https://tinyurl.com/example34', 24, 4);
INSERT INTO S24_S003_T7_ADS (AdID, AdvertiserID, Link, Duration, GID) VALUES (35, 25, 'https://tinyurl.com/example35', 5, 5);
INSERT INTO S24_S003_T7_ADS (AdID, AdvertiserID, Link, Duration, GID) VALUES (36, 26, 'https://tinyurl.com/example36', 26, 1);
INSERT INTO S24_S003_T7_ADS (AdID, AdvertiserID, Link, Duration, GID) VALUES (37, 27, 'https://tinyurl.com/example37', 12, 2);
INSERT INTO S24_S003_T7_ADS (AdID, AdvertiserID, Link, Duration, GID) VALUES (38, 28, 'https://tinyurl.com/example38', 23, 3);
INSERT INTO S24_S003_T7_ADS (AdID, AdvertiserID, Link, Duration, GID) VALUES (39, 29, 'https://tinyurl.com/example39', 19, 4);
INSERT INTO S24_S003_T7_ADS (AdID, AdvertiserID, Link, Duration, GID) VALUES (40, 30, 'https://tinyurl.com/example40', 8, 5);
INSERT INTO S24_S003_T7_ADS (AdID, AdvertiserID, Link, Duration, GID) VALUES (41, 31, 'https://tinyurl.com/example41', 10, 1);
INSERT INTO S24_S003_T7_ADS (AdID, AdvertiserID, Link, Duration, GID) VALUES (42, 32, 'https://tinyurl.com/example42', 20, 2);
INSERT INTO S24_S003_T7_ADS (AdID, AdvertiserID, Link, Duration, GID) VALUES (43, 33, 'https://tinyurl.com/example43', 16, 3);
INSERT INTO S24_S003_T7_ADS (AdID, AdvertiserID, Link, Duration, GID) VALUES (44, 34, 'https://tinyurl.com/example44', 25, 4);
INSERT INTO S24_S003_T7_ADS (AdID, AdvertiserID, Link, Duration, GID) VALUES (45, 35, 'https://tinyurl.com/example45', 30, 5);
INSERT INTO S24_S003_T7_ADS (AdID, AdvertiserID, Link, Duration, GID) VALUES (46, 36, 'https://tinyurl.com/example46', 8, 1);
INSERT INTO S24_S003_T7_ADS (AdID, AdvertiserID, Link, Duration, GID) VALUES (47, 37, 'https://tinyurl.com/example47', 12, 2);
INSERT INTO S24_S003_T7_ADS (AdID, AdvertiserID, Link, Duration, GID) VALUES (48, 38, 'https://tinyurl.com/example48', 22, 3);
INSERT INTO S24_S003_T7_ADS (AdID, AdvertiserID, Link, Duration, GID) VALUES (49, 39, 'https://tinyurl.com/example49', 18, 4);
INSERT INTO S24_S003_T7_ADS (AdID, AdvertiserID, Link, Duration, GID) VALUES (50, 40, 'https://tinyurl.com/example50', 7, 5);
INSERT INTO S24_S003_T7_ADS (AdID, AdvertiserID, Link, Duration, GID) VALUES (51, 41, 'https://tinyurl.com/example51', 15, 1);
INSERT INTO S24_S003_T7_ADS (AdID, AdvertiserID, Link, Duration, GID) VALUES (52, 42, 'https://tinyurl.com/example52', 24, 2);
INSERT INTO S24_S003_T7_ADS (AdID, AdvertiserID, Link, Duration, GID) VALUES (53, 43, 'https://tinyurl.com/example53', 12, 3);
INSERT INTO S24_S003_T7_ADS (AdID, AdvertiserID, Link, Duration, GID) VALUES (54, 44, 'https://tinyurl.com/example54', 26, 4);
INSERT INTO S24_S003_T7_ADS (AdID, AdvertiserID, Link, Duration, GID) VALUES (55, 45, 'https://tinyurl.com/example55', 29, 5);
INSERT INTO S24_S003_T7_ADS (AdID, AdvertiserID, Link, Duration, GID) VALUES (56, 46, 'https://tinyurl.com/example56', 5, 1);
INSERT INTO S24_S003_T7_ADS (AdID, AdvertiserID, Link, Duration, GID) VALUES (57, 47, 'https://tinyurl.com/example57', 15, 2);
INSERT INTO S24_S003_T7_ADS (AdID, AdvertiserID, Link, Duration, GID) VALUES (58, 48, 'https://tinyurl.com/example58', 20, 3);
INSERT INTO S24_S003_T7_ADS (AdID, AdvertiserID, Link, Duration, GID) VALUES (59, 49, 'https://tinyurl.com/example59', 17, 4);
INSERT INTO S24_S003_T7_ADS (AdID, AdvertiserID, Link, Duration, GID) VALUES (60, 50, 'https://tinyurl.com/example60', 9, 5);

--Podcast--
INSERT INTO S24_S003_T7_PODCAST (PodcastID, Name, Timestamp, APID, GID) VALUES (1, 'Global News Podcast', TO_TIMESTAMP('2022-03-15 14:20:30', 'YYYY-MM-DD HH24:MI:SS'), 31, 1);
INSERT INTO S24_S003_T7_PODCAST (PodcastID, Name, Timestamp, APID, GID) VALUES (2, 'Tech Tent', TO_TIMESTAMP('2022-04-16 10:15:45', 'YYYY-MM-DD HH24:MI:SS'), 56, 2);
INSERT INTO S24_S003_T7_PODCAST (PodcastID, Name, Timestamp, APID, GID) VALUES (3, 'Health Report', TO_TIMESTAMP('2022-05-17 08:30:00', 'YYYY-MM-DD HH24:MI:SS'), 4, 3);
INSERT INTO S24_S003_T7_PODCAST (PodcastID, Name, Timestamp, APID, GID) VALUES (4, 'The Inquiry', TO_TIMESTAMP('2022-06-18 16:45:15', 'YYYY-MM-DD HH24:MI:SS'), 92, 4);
INSERT INTO S24_S003_T7_PODCAST (PodcastID, Name, Timestamp, APID, GID) VALUES (5, 'Business Daily', TO_TIMESTAMP('2022-07-19 20:20:20', 'YYYY-MM-DD HH24:MI:SS'), 40, 5);
INSERT INTO S24_S003_T7_PODCAST (PodcastID, Name, Timestamp, APID, GID) VALUES (6, 'The Science Hour', TO_TIMESTAMP('2022-08-20 13:35:55', 'YYYY-MM-DD HH24:MI:SS'), 31, 1);
INSERT INTO S24_S003_T7_PODCAST (PodcastID, Name, Timestamp, APID, GID) VALUES (7, 'More or Less: Behind the Stats', TO_TIMESTAMP('2022-09-21 23:10:10', 'YYYY-MM-DD HH24:MI:SS'), 56, 2);
INSERT INTO S24_S003_T7_PODCAST (PodcastID, Name, Timestamp, APID, GID) VALUES (8, 'Discovery', TO_TIMESTAMP('2022-10-22 18:59:59', 'YYYY-MM-DD HH24:MI:SS'), 4, 3);
INSERT INTO S24_S003_T7_PODCAST (PodcastID, Name, Timestamp, APID, GID) VALUES (9, 'The Documentary', TO_TIMESTAMP('2022-11-23 12:12:12', 'YYYY-MM-DD HH24:MI:SS'), 92, 4);
INSERT INTO S24_S003_T7_PODCAST (PodcastID, Name, Timestamp, APID, GID) VALUES (10, 'Witness History', TO_TIMESTAMP('2022-12-24 00:00:00', 'YYYY-MM-DD HH24:MI:SS'), 40, 5);
INSERT INTO S24_S003_T7_PODCAST (PodcastID, Name, Timestamp, APID, GID) VALUES (11, 'Outlook', TO_TIMESTAMP('2023-01-25 09:30:00', 'YYYY-MM-DD HH24:MI:SS'), 31, 1);
INSERT INTO S24_S003_T7_PODCAST (PodcastID, Name, Timestamp, APID, GID) VALUES (12, 'People Fixing the World', TO_TIMESTAMP('2023-02-26 15:45:15', 'YYYY-MM-DD HH24:MI:SS'), 56, 2);
INSERT INTO S24_S003_T7_PODCAST (PodcastID, Name, Timestamp, APID, GID) VALUES (13, '50 Things That Made the Modern Economy', TO_TIMESTAMP('2023-03-27 18:00:00', 'YYYY-MM-DD HH24:MI:SS'), 98, 4);
INSERT INTO S24_S003_T7_PODCAST (PodcastID, Name, Timestamp, APID, GID) VALUES (14, 'The Food Chain', TO_TIMESTAMP('2023-04-28 21:15:00', 'YYYY-MM-DD HH24:MI:SS'), 21, 3);
INSERT INTO S24_S003_T7_PODCAST (PodcastID, Name, Timestamp, APID, GID) VALUES (15, 'CrowdScience', TO_TIMESTAMP('2023-05-29 13:20:20', 'YYYY-MM-DD HH24:MI:SS'), 83, 5);
INSERT INTO S24_S003_T7_PODCAST (PodcastID, Name, Timestamp, APID, GID) VALUES (16, 'Hardtalk', TO_TIMESTAMP('2023-06-30 07:25:25', 'YYYY-MM-DD HH24:MI:SS'), 23, 2);
INSERT INTO S24_S003_T7_PODCAST (PodcastID, Name, Timestamp, APID, GID) VALUES (17, 'The Compass', TO_TIMESTAMP('2023-07-31 19:50:50', 'YYYY-MM-DD HH24:MI:SS'), 70, 1);
INSERT INTO S24_S003_T7_PODCAST (PodcastID, Name, Timestamp, APID, GID) VALUES (18, 'Sportshour', TO_TIMESTAMP('2023-08-01 12:00:00', 'YYYY-MM-DD HH24:MI:SS'), 81, 2);
INSERT INTO S24_S003_T7_PODCAST (PodcastID, Name, Timestamp, APID, GID) VALUES (19, 'On the Ground', TO_TIMESTAMP('2023-09-02 08:08:08', 'YYYY-MM-DD HH24:MI:SS'), 79, 5);
INSERT INTO S24_S003_T7_PODCAST (PodcastID, Name, Timestamp, APID, GID) VALUES (20, 'The Fifth Floor', TO_TIMESTAMP('2023-10-03 15:15:15', 'YYYY-MM-DD HH24:MI:SS'), 72, 4);
INSERT INTO S24_S003_T7_PODCAST (PodcastID, Name, Timestamp, APID, GID) VALUES (21, 'Trending', TO_TIMESTAMP('2023-01-15 17:05:05', 'YYYY-MM-DD HH24:MI:SS'), 52, 1);
INSERT INTO S24_S003_T7_PODCAST (PodcastID, Name, Timestamp, APID, GID) VALUES (22, 'Elements', TO_TIMESTAMP('2023-02-16 19:15:25', 'YYYY-MM-DD HH24:MI:SS'), 29, 2);
INSERT INTO S24_S003_T7_PODCAST (PodcastID, Name, Timestamp, APID, GID) VALUES (23, 'The Response', TO_TIMESTAMP('2023-03-17 21:25:35', 'YYYY-MM-DD HH24:MI:SS'), 33, 3);
INSERT INTO S24_S003_T7_PODCAST (PodcastID, Name, Timestamp, APID, GID) VALUES (24, 'The Next Episode', TO_TIMESTAMP('2023-04-18 06:35:45', 'YYYY-MM-DD HH24:MI:SS'), 77, 4);
INSERT INTO S24_S003_T7_PODCAST (PodcastID, Name, Timestamp, APID, GID) VALUES (25, 'Music Life', TO_TIMESTAMP('2023-05-19 12:45:55', 'YYYY-MM-DD HH24:MI:SS'), 93, 5);
INSERT INTO S24_S003_T7_PODCAST (PodcastID, Name, Timestamp, APID, GID) VALUES (26, 'Stumped', TO_TIMESTAMP('2023-06-20 14:55:15', 'YYYY-MM-DD HH24:MI:SS'), 69, 1);
INSERT INTO S24_S003_T7_PODCAST (PodcastID, Name, Timestamp, APID, GID) VALUES (27, 'Health Check', TO_TIMESTAMP('2023-07-21 16:05:25', 'YYYY-MM-DD HH24:MI:SS'), 15, 2);
INSERT INTO S24_S003_T7_PODCAST (PodcastID, Name, Timestamp, APID, GID) VALUES (28, 'Digital Planet', TO_TIMESTAMP('2023-08-22 22:15:35', 'YYYY-MM-DD HH24:MI:SS'), 73, 3);
INSERT INTO S24_S003_T7_PODCAST (PodcastID, Name, Timestamp, APID, GID) VALUES (29, 'Forum', TO_TIMESTAMP('2023-09-23 23:25:45', 'YYYY-MM-DD HH24:MI:SS'), 8, 4);
INSERT INTO S24_S003_T7_PODCAST (PodcastID, Name, Timestamp, APID, GID) VALUES (30, 'Over to You', TO_TIMESTAMP('2023-10-24 01:35:55', 'YYYY-MM-DD HH24:MI:SS'), 3, 5);
INSERT INTO S24_S003_T7_PODCAST (PodcastID, Name, Timestamp, APID, GID) VALUES (31, 'HARDtalk Extra', TO_TIMESTAMP('2023-11-25 03:45:05', 'YYYY-MM-DD HH24:MI:SS'), 39, 2);
INSERT INTO S24_S003_T7_PODCAST (PodcastID, Name, Timestamp, APID, GID) VALUES (32, 'Science in Action', TO_TIMESTAMP('2023-12-26 05:55:15', 'YYYY-MM-DD HH24:MI:SS'), 2, 3);
INSERT INTO S24_S003_T7_PODCAST (PodcastID, Name, Timestamp, APID, GID) VALUES (33, 'The Strand Archive', TO_TIMESTAMP('2022-01-27 07:05:25', 'YYYY-MM-DD HH24:MI:SS'), 98, 4);
INSERT INTO S24_S003_T7_PODCAST (PodcastID, Name, Timestamp, APID, GID) VALUES (34, 'Assignment', TO_TIMESTAMP('2022-02-28 08:15:35', 'YYYY-MM-DD HH24:MI:SS'), 14, 5);
INSERT INTO S24_S003_T7_PODCAST (PodcastID, Name, Timestamp, APID, GID) VALUES (35, 'Newshour Extra', TO_TIMESTAMP('2022-03-29 09:25:45', 'YYYY-MM-DD HH24:MI:SS'), 23, 1);
INSERT INTO S24_S003_T7_PODCAST (PodcastID, Name, Timestamp, APID, GID) VALUES (36, 'Crossing Continents', TO_TIMESTAMP('2022-04-30 10:35:55', 'YYYY-MM-DD HH24:MI:SS'), 46, 2);
INSERT INTO S24_S003_T7_PODCAST (PodcastID, Name, Timestamp, APID, GID) VALUES (37, 'From Our Own Correspondent', TO_TIMESTAMP('2022-05-31 11:45:05', 'YYYY-MM-DD HH24:MI:SS'), 95, 3);
INSERT INTO S24_S003_T7_PODCAST (PodcastID, Name, Timestamp, APID, GID) VALUES (38, 'One Planet', TO_TIMESTAMP('2022-06-01 12:55:15', 'YYYY-MM-DD HH24:MI:SS'), 68, 4);
INSERT INTO S24_S003_T7_PODCAST (PodcastID, Name, Timestamp, APID, GID) VALUES (39, 'Boston Calling', TO_TIMESTAMP('2022-07-02 13:05:25', 'YYYY-MM-DD HH24:MI:SS'), 84, 5);
INSERT INTO S24_S003_T7_PODCAST (PodcastID, Name, Timestamp, APID, GID) VALUES (40, 'Business Matters', TO_TIMESTAMP('2022-08-03 14:15:35', 'YYYY-MM-DD HH24:MI:SS'), 1, 1);
INSERT INTO S24_S003_T7_PODCAST (PodcastID, Name, Timestamp, APID, GID) VALUES (41, 'Death in Ice Valley', TO_TIMESTAMP('2022-09-04 15:25:45', 'YYYY-MM-DD HH24:MI:SS'), 96, 4);
INSERT INTO S24_S003_T7_PODCAST (PodcastID, Name, Timestamp, APID, GID) VALUES (42, 'Outlook Weekend', TO_TIMESTAMP('2022-10-05 16:35:55', 'YYYY-MM-DD HH24:MI:SS'), 14, 3);
INSERT INTO S24_S003_T7_PODCAST (PodcastID, Name, Timestamp, APID, GID) VALUES (43, 'Parentland', TO_TIMESTAMP('2022-11-06 17:45:05', 'YYYY-MM-DD HH24:MI:SS'), 98, 4);
INSERT INTO S24_S003_T7_PODCAST (PodcastID, Name, Timestamp, APID, GID) VALUES (44, 'The Conversation', TO_TIMESTAMP('2022-12-07 18:55:15', 'YYYY-MM-DD HH24:MI:SS'), 14, 5);
INSERT INTO S24_S003_T7_PODCAST (PodcastID, Name, Timestamp, APID, GID) VALUES (45, 'World Book Club', TO_TIMESTAMP('2023-01-08 20:05:25', 'YYYY-MM-DD HH24:MI:SS'), 23, 1);
INSERT INTO S24_S003_T7_PODCAST (PodcastID, Name, Timestamp, APID, GID) VALUES (46, 'The History Hour', TO_TIMESTAMP('2023-02-09 21:15:35', 'YYYY-MM-DD HH24:MI:SS'), 4, 2);
INSERT INTO S24_S003_T7_PODCAST (PodcastID, Name, Timestamp, APID, GID) VALUES (47, 'The Arts Hour', TO_TIMESTAMP('2023-03-10 22:25:45', 'YYYY-MM-DD HH24:MI:SS'), 69, 3);
INSERT INTO S24_S003_T7_PODCAST (PodcastID, Name, Timestamp, APID, GID) VALUES (48, 'Click', TO_TIMESTAMP('2023-04-11 23:35:55', 'YYYY-MM-DD HH24:MI:SS'), 3, 4);
INSERT INTO S24_S003_T7_PODCAST (PodcastID, Name, Timestamp, APID, GID) VALUES (49, 'Tales from the Stave', TO_TIMESTAMP('2023-05-12 01:45:05', 'YYYY-MM-DD HH24:MI:SS'), 8, 5);
INSERT INTO S24_S003_T7_PODCAST (PodcastID, Name, Timestamp, APID, GID) VALUES (50, 'BBC Trending', TO_TIMESTAMP('2023-06-13 03:55:15', 'YYYY-MM-DD HH24:MI:SS'), 93, 1);
INSERT INTO S24_S003_T7_PODCAST (PodcastID, Name, Timestamp, APID, GID) VALUES (51, 'Out of the Ordinary', TO_TIMESTAMP('2023-07-14 05:05:25', 'YYYY-MM-DD HH24:MI:SS'), 15, 2);
INSERT INTO S24_S003_T7_PODCAST (PodcastID, Name, Timestamp, APID, GID) VALUES (52, 'Last Word', TO_TIMESTAMP('2023-08-15 06:15:35', 'YYYY-MM-DD HH24:MI:SS'), 56, 3);
INSERT INTO S24_S003_T7_PODCAST (PodcastID, Name, Timestamp, APID, GID) VALUES (53, 'Profile', TO_TIMESTAMP('2023-09-16 07:25:45', 'YYYY-MM-DD HH24:MI:SS'), 31, 4);
INSERT INTO S24_S003_T7_PODCAST (PodcastID, Name, Timestamp, APID, GID) VALUES (54, 'The Why Factor', TO_TIMESTAMP('2023-10-17 08:35:55', 'YYYY-MM-DD HH24:MI:SS'), 40, 5);
INSERT INTO S24_S003_T7_PODCAST (PodcastID, Name, Timestamp, APID, GID) VALUES (55, 'Weekend', TO_TIMESTAMP('2023-11-18 09:45:05', 'YYYY-MM-DD HH24:MI:SS'), 79, 1);
INSERT INTO S24_S003_T7_PODCAST (PodcastID, Name, Timestamp, APID, GID) VALUES (56, 'The Real Story', TO_TIMESTAMP('2023-12-19 10:55:15', 'YYYY-MM-DD HH24:MI:SS'), 70, 2);
INSERT INTO S24_S003_T7_PODCAST (PodcastID, Name, Timestamp, APID, GID) VALUES (57, 'Sportsworld', TO_TIMESTAMP('2024-01-20 12:05:25', 'YYYY-MM-DD HH24:MI:SS'), 77, 2);
INSERT INTO S24_S003_T7_PODCAST (PodcastID, Name, Timestamp, APID, GID) VALUES (58, 'Murder in the Studio', TO_TIMESTAMP('2024-02-21 13:15:35', 'YYYY-MM-DD HH24:MI:SS'), 21, 4);
INSERT INTO S24_S003_T7_PODCAST (PodcastID, Name, Timestamp, APID, GID) VALUES (59, 'The Film Programme', TO_TIMESTAMP('2024-03-22 14:25:45', 'YYYY-MM-DD HH24:MI:SS'), 52, 5);
INSERT INTO S24_S003_T7_PODCAST (PodcastID, Name, Timestamp, APID, GID) VALUES (60, 'In Our Time', TO_TIMESTAMP('2024-04-23 15:35:55', 'YYYY-MM-DD HH24:MI:SS'), 89, 1);

--EPISODE--
INSERT INTO S24_S003_T7_EPISODE (EpisodeID, PodcastID, Episode_format, Link, Timestamp, Views, Likes, Dislikes, Duration, APID) VALUES (1, 1, 'AUDIO', 'https://tinyurl.com/ep1', TO_TIMESTAMP('2022-03-16 15:00:00', 'YYYY-MM-DD HH24:MI:SS'), 80, 50, 20, 1800, 31);
INSERT INTO S24_S003_T7_EPISODE (EpisodeID, PodcastID, Episode_format, Link, Timestamp, Views, Likes, Dislikes, Duration, APID) VALUES (2, 2, 'VIDEO', 'https://tinyurl.com/ep2', TO_TIMESTAMP('2022-04-17 11:00:00', 'YYYY-MM-DD HH24:MI:SS'), 90, 60, 30, 3600, 56);
INSERT INTO S24_S003_T7_EPISODE (EpisodeID, PodcastID, Episode_format, Link, Timestamp, Views, Likes, Dislikes, Duration, APID) VALUES (3, 3, 'AUDIO', 'https://tinyurl.com/ep3', TO_TIMESTAMP('2022-05-18 09:00:00', 'YYYY-MM-DD HH24:MI:SS'), 70, 40, 20, 2400, 4);
INSERT INTO S24_S003_T7_EPISODE (EpisodeID, PodcastID, Episode_format, Link, Timestamp, Views, Likes, Dislikes, Duration, APID) VALUES (4, 4, 'VIDEO', 'https://tinyurl.com/ep4', TO_TIMESTAMP('2022-06-19 17:00:00', 'YYYY-MM-DD HH24:MI:SS'), 60, 30, 10, 1200, 92);
INSERT INTO S24_S003_T7_EPISODE (EpisodeID, PodcastID, Episode_format, Link, Timestamp, Views, Likes, Dislikes, Duration, APID) VALUES (5, 5, 'AUDIO', 'https://tinyurl.com/ep5', TO_TIMESTAMP('2022-07-20 20:30:00', 'YYYY-MM-DD HH24:MI:SS'), 50, 30, 15, 1500, 40);
INSERT INTO S24_S003_T7_EPISODE (EpisodeID, PodcastID, Episode_format, Link, Timestamp, Views, Likes, Dislikes, Duration, APID) VALUES (6, 6, 'AUDIO', 'https://tinyurl.com/ep6', TO_TIMESTAMP('2022-08-21 13:00:00', 'YYYY-MM-DD HH24:MI:SS'), 80, 50, 20, 1800, 31);
INSERT INTO S24_S003_T7_EPISODE (EpisodeID, PodcastID, Episode_format, Link, Timestamp, Views, Likes, Dislikes, Duration, APID) VALUES (7, 7, 'VIDEO', 'https://tinyurl.com/ep7', TO_TIMESTAMP('2022-09-22 10:00:00', 'YYYY-MM-DD HH24:MI:SS'), 90, 60, 30, 3600, 56);
INSERT INTO S24_S003_T7_EPISODE (EpisodeID, PodcastID, Episode_format, Link, Timestamp, Views, Likes, Dislikes, Duration, APID) VALUES (8, 8, 'AUDIO', 'https://tinyurl.com/ep8', TO_TIMESTAMP('2022-10-23 08:00:00', 'YYYY-MM-DD HH24:MI:SS'), 70, 40, 20, 2400, 4);
INSERT INTO S24_S003_T7_EPISODE (EpisodeID, PodcastID, Episode_format, Link, Timestamp, Views, Likes, Dislikes, Duration, APID) VALUES (9, 9, 'VIDEO', 'https://tinyurl.com/ep9', TO_TIMESTAMP('2022-11-24 16:00:00', 'YYYY-MM-DD HH24:MI:SS'), 60, 30, 10, 1200, 92);
INSERT INTO S24_S003_T7_EPISODE (EpisodeID, PodcastID, Episode_format, Link, Timestamp, Views, Likes, Dislikes, Duration, APID) VALUES (10, 10, 'AUDIO', 'https://tinyurl.com/ep10', TO_TIMESTAMP('2022-12-25 19:30:00', 'YYYY-MM-DD HH24:MI:SS'), 50, 30, 15, 1500, 40);
INSERT INTO S24_S003_T7_EPISODE (EpisodeID, PodcastID, Episode_format, Link, Timestamp, Views, Likes, Dislikes, Duration, APID) VALUES (11, 11, 'AUDIO', 'https://tinyurl.com/ep11', TO_TIMESTAMP('2023-01-26 14:00:00', 'YYYY-MM-DD HH24:MI:SS'), 80, 50, 20, 1800, 31);
INSERT INTO S24_S003_T7_EPISODE (EpisodeID, PodcastID, Episode_format, Link, Timestamp, Views, Likes, Dislikes, Duration, APID) VALUES (12, 12, 'VIDEO', 'https://tinyurl.com/ep12', TO_TIMESTAMP('2023-02-27 11:00:00', 'YYYY-MM-DD HH24:MI:SS'), 90, 60, 30, 3600, 56);
INSERT INTO S24_S003_T7_EPISODE (EpisodeID, PodcastID, Episode_format, Link, Timestamp, Views, Likes, Dislikes, Duration, APID) VALUES (13, 13, 'AUDIO', 'https://tinyurl.com/ep13', TO_TIMESTAMP('2023-03-28 09:00:00', 'YYYY-MM-DD HH24:MI:SS'), 70, 40, 20, 2400, 4);
INSERT INTO S24_S003_T7_EPISODE (EpisodeID, PodcastID, Episode_format, Link, Timestamp, Views, Likes, Dislikes, Duration, APID) VALUES (14, 14, 'VIDEO', 'https://tinyurl.com/ep14', TO_TIMESTAMP('2023-04-29 17:00:00', 'YYYY-MM-DD HH24:MI:SS'), 60, 30, 10, 1200, 92);
INSERT INTO S24_S003_T7_EPISODE (EpisodeID, PodcastID, Episode_format, Link, Timestamp, Views, Likes, Dislikes, Duration, APID) VALUES (15, 15, 'AUDIO', 'https://tinyurl.com/ep15', TO_TIMESTAMP('2023-05-30 20:30:00', 'YYYY-MM-DD HH24:MI:SS'), 50, 30, 15, 1500, 40);
INSERT INTO S24_S003_T7_EPISODE (EpisodeID, PodcastID, Episode_format, Link, Timestamp, Views, Likes, Dislikes, Duration, APID) VALUES (16, 16, 'AUDIO', 'https://tinyurl.com/ep16', TO_TIMESTAMP('2023-06-30 09:00:00', 'YYYY-MM-DD HH24:MI:SS'), 80, 50, 20, 1800, 23);
INSERT INTO S24_S003_T7_EPISODE (EpisodeID, PodcastID, Episode_format, Link, Timestamp, Views, Likes, Dislikes, Duration, APID) VALUES (17, 17, 'VIDEO', 'https://tinyurl.com/ep17', TO_TIMESTAMP('2023-07-31 11:00:00', 'YYYY-MM-DD HH24:MI:SS'), 90, 60, 30, 3600, 70);
INSERT INTO S24_S003_T7_EPISODE (EpisodeID, PodcastID, Episode_format, Link, Timestamp, Views, Likes, Dislikes, Duration, APID) VALUES (18, 18, 'AUDIO', 'https://tinyurl.com/ep18', TO_TIMESTAMP('2023-08-31 13:00:00', 'YYYY-MM-DD HH24:MI:SS'), 70, 40, 20, 2400, 81);
INSERT INTO S24_S003_T7_EPISODE (EpisodeID, PodcastID, Episode_format, Link, Timestamp, Views, Likes, Dislikes, Duration, APID) VALUES (19, 19, 'VIDEO', 'https://tinyurl.com/ep19', TO_TIMESTAMP('2023-09-30 15:00:00', 'YYYY-MM-DD HH24:MI:SS'), 60, 30, 10, 1200, 79);
INSERT INTO S24_S003_T7_EPISODE (EpisodeID, PodcastID, Episode_format, Link, Timestamp, Views, Likes, Dislikes, Duration, APID) VALUES (20, 20, 'AUDIO', 'https://tinyurl.com/ep20', TO_TIMESTAMP('2023-10-31 18:30:00', 'YYYY-MM-DD HH24:MI:SS'), 50, 30, 15, 1500, 72);
INSERT INTO S24_S003_T7_EPISODE (EpisodeID, PodcastID, Episode_format, Link, Timestamp, Views, Likes, Dislikes, Duration, APID) VALUES (21, 21, 'AUDIO', 'https://tinyurl.com/ep21', TO_TIMESTAMP('2023-01-16 20:00:00', 'YYYY-MM-DD HH24:MI:SS'), 80, 50, 20, 1800, 52);
INSERT INTO S24_S003_T7_EPISODE (EpisodeID, PodcastID, Episode_format, Link, Timestamp, Views, Likes, Dislikes, Duration, APID) VALUES (22, 22, 'VIDEO', 'https://tinyurl.com/ep22', TO_TIMESTAMP('2023-02-17 22:00:00', 'YYYY-MM-DD HH24:MI:SS'), 90, 60, 30, 3600, 29);
INSERT INTO S24_S003_T7_EPISODE (EpisodeID, PodcastID, Episode_format, Link, Timestamp, Views, Likes, Dislikes, Duration, APID) VALUES (23, 23, 'AUDIO', 'https://tinyurl.com/ep23', TO_TIMESTAMP('2023-03-18 00:00:00', 'YYYY-MM-DD HH24:MI:SS'), 70, 40, 20, 2400, 33);
INSERT INTO S24_S003_T7_EPISODE (EpisodeID, PodcastID, Episode_format, Link, Timestamp, Views, Likes, Dislikes, Duration, APID) VALUES (24, 24, 'VIDEO', 'https://tinyurl.com/ep24', TO_TIMESTAMP('2023-04-19 02:00:00', 'YYYY-MM-DD HH24:MI:SS'), 60, 30, 10, 1200, 77);
INSERT INTO S24_S003_T7_EPISODE (EpisodeID, PodcastID, Episode_format, Link, Timestamp, Views, Likes, Dislikes, Duration, APID) VALUES (25, 25, 'AUDIO', 'https://tinyurl.com/ep25', TO_TIMESTAMP('2023-05-20 04:30:00', 'YYYY-MM-DD HH24:MI:SS'), 50, 30, 15, 1500, 93);
INSERT INTO S24_S003_T7_EPISODE (EpisodeID, PodcastID, Episode_format, Link, Timestamp, Views, Likes, Dislikes, Duration, APID) VALUES (26, 26, 'AUDIO', 'https://tinyurl.com/ep26', TO_TIMESTAMP('2023-06-21 06:00:00', 'YYYY-MM-DD HH24:MI:SS'), 80, 50, 20, 1800, 69);
INSERT INTO S24_S003_T7_EPISODE (EpisodeID, PodcastID, Episode_format, Link, Timestamp, Views, Likes, Dislikes, Duration, APID) VALUES (27, 27, 'VIDEO', 'https://tinyurl.com/ep27', TO_TIMESTAMP('2023-07-22 08:00:00', 'YYYY-MM-DD HH24:MI:SS'), 90, 60, 30, 3600, 15);
INSERT INTO S24_S003_T7_EPISODE (EpisodeID, PodcastID, Episode_format, Link, Timestamp, Views, Likes, Dislikes, Duration, APID) VALUES (28, 28, 'AUDIO', 'https://tinyurl.com/ep28', TO_TIMESTAMP('2023-08-23 10:00:00', 'YYYY-MM-DD HH24:MI:SS'), 70, 40, 20, 2400, 73);
INSERT INTO S24_S003_T7_EPISODE (EpisodeID, PodcastID, Episode_format, Link, Timestamp, Views, Likes, Dislikes, Duration, APID) VALUES (29, 29, 'VIDEO', 'https://tinyurl.com/ep29', TO_TIMESTAMP('2023-09-24 12:00:00', 'YYYY-MM-DD HH24:MI:SS'), 60, 30, 10, 1200, 8);
INSERT INTO S24_S003_T7_EPISODE (EpisodeID, PodcastID, Episode_format, Link, Timestamp, Views, Likes, Dislikes, Duration, APID) VALUES (30, 30, 'AUDIO', 'https://tinyurl.com/ep30', TO_TIMESTAMP('2023-10-25 14:30:00', 'YYYY-MM-DD HH24:MI:SS'), 50, 30, 15, 1500, 3);
INSERT INTO S24_S003_T7_EPISODE (EpisodeID, PodcastID, Episode_format, Link, Timestamp, Views, Likes, Dislikes, Duration, APID) VALUES (31, 31, 'AUDIO', 'https://tinyurl.com/ep31', TO_TIMESTAMP('2023-11-26 16:00:00', 'YYYY-MM-DD HH24:MI:SS'), 80, 50, 20, 1800, 95);
INSERT INTO S24_S003_T7_EPISODE (EpisodeID, PodcastID, Episode_format, Link, Timestamp, Views, Likes, Dislikes, Duration, APID) VALUES (32, 32, 'VIDEO', 'https://tinyurl.com/ep32', TO_TIMESTAMP('2023-12-27 18:00:00', 'YYYY-MM-DD HH24:MI:SS'), 90, 60, 30, 3600, 2);
INSERT INTO S24_S003_T7_EPISODE (EpisodeID, PodcastID, Episode_format, Link, Timestamp, Views, Likes, Dislikes, Duration, APID) VALUES (33, 33, 'AUDIO', 'https://tinyurl.com/ep33', TO_TIMESTAMP('2022-01-28 20:00:00', 'YYYY-MM-DD HH24:MI:SS'), 70, 40, 20, 2400, 98);
INSERT INTO S24_S003_T7_EPISODE (EpisodeID, PodcastID, Episode_format, Link, Timestamp, Views, Likes, Dislikes, Duration, APID) VALUES (34, 34, 'VIDEO', 'https://tinyurl.com/ep34', TO_TIMESTAMP('2022-02-28 22:00:00', 'YYYY-MM-DD HH24:MI:SS'), 60, 30, 10, 1200, 14);
INSERT INTO S24_S003_T7_EPISODE (EpisodeID, PodcastID, Episode_format, Link, Timestamp, Views, Likes, Dislikes, Duration, APID) VALUES (35, 35, 'AUDIO', 'https://tinyurl.com/ep35', TO_TIMESTAMP('2022-03-29 00:00:00', 'YYYY-MM-DD HH24:MI:SS'), 50, 30, 15, 1500, 23);
INSERT INTO S24_S003_T7_EPISODE (EpisodeID, PodcastID, Episode_format, Link, Timestamp, Views, Likes, Dislikes, Duration, APID) VALUES (36, 36, 'AUDIO', 'https://tinyurl.com/ep36', TO_TIMESTAMP('2022-04-30 02:30:00', 'YYYY-MM-DD HH24:MI:SS'), 80, 50, 20, 1800, 46);
INSERT INTO S24_S003_T7_EPISODE (EpisodeID, PodcastID, Episode_format, Link, Timestamp, Views, Likes, Dislikes, Duration, APID) VALUES (37, 37, 'VIDEO', 'https://tinyurl.com/ep37', TO_TIMESTAMP('2022-05-31 04:30:00', 'YYYY-MM-DD HH24:MI:SS'), 90, 60, 30, 3600, 95);
INSERT INTO S24_S003_T7_EPISODE (EpisodeID, PodcastID, Episode_format, Link, Timestamp, Views, Likes, Dislikes, Duration, APID) VALUES (38, 38, 'AUDIO', 'https://tinyurl.com/ep38', TO_TIMESTAMP('2022-06-01 06:30:00', 'YYYY-MM-DD HH24:MI:SS'), 70, 40, 20, 2400, 68);
INSERT INTO S24_S003_T7_EPISODE (EpisodeID, PodcastID, Episode_format, Link, Timestamp, Views, Likes, Dislikes, Duration, APID) VALUES (39, 39, 'VIDEO', 'https://tinyurl.com/ep39', TO_TIMESTAMP('2022-07-02 08:30:00', 'YYYY-MM-DD HH24:MI:SS'), 60, 30, 10, 1200, 84);
INSERT INTO S24_S003_T7_EPISODE (EpisodeID, PodcastID, Episode_format, Link, Timestamp, Views, Likes, Dislikes, Duration, APID) VALUES (40, 40, 'AUDIO', 'https://tinyurl.com/ep40', TO_TIMESTAMP('2022-08-03 10:30:00', 'YYYY-MM-DD HH24:MI:SS'), 50, 30, 15, 1500, 1);
INSERT INTO S24_S003_T7_EPISODE (EpisodeID, PodcastID, Episode_format, Link, Timestamp, Views, Likes, Dislikes, Duration, APID) VALUES (41, 41, 'AUDIO', 'https://tinyurl.com/ep41', TO_TIMESTAMP('2022-09-04 12:00:00', 'YYYY-MM-DD HH24:MI:SS'), 80, 50, 20, 1800, 33);
INSERT INTO S24_S003_T7_EPISODE (EpisodeID, PodcastID, Episode_format, Link, Timestamp, Views, Likes, Dislikes, Duration, APID) VALUES (42, 42, 'VIDEO', 'https://tinyurl.com/ep42', TO_TIMESTAMP('2022-10-05 14:00:00', 'YYYY-MM-DD HH24:MI:SS'), 90, 60, 30, 3600, 29);
INSERT INTO S24_S003_T7_EPISODE (EpisodeID, PodcastID, Episode_format, Link, Timestamp, Views, Likes, Dislikes, Duration, APID) VALUES (43, 43, 'AUDIO', 'https://tinyurl.com/ep43', TO_TIMESTAMP('2022-11-06 16:00:00', 'YYYY-MM-DD HH24:MI:SS'), 70, 40, 20, 2400, 98);
INSERT INTO S24_S003_T7_EPISODE (EpisodeID, PodcastID, Episode_format, Link, Timestamp, Views, Likes, Dislikes, Duration, APID) VALUES (44, 44, 'VIDEO', 'https://tinyurl.com/ep44', TO_TIMESTAMP('2022-12-07 18:00:00', 'YYYY-MM-DD HH24:MI:SS'), 60, 30, 10, 1200, 14);
INSERT INTO S24_S003_T7_EPISODE (EpisodeID, PodcastID, Episode_format, Link, Timestamp, Views, Likes, Dislikes, Duration, APID) VALUES (45, 45, 'AUDIO', 'https://tinyurl.com/ep45', TO_TIMESTAMP('2023-01-08 20:30:00', 'YYYY-MM-DD HH24:MI:SS'), 50, 30, 15, 1500, 23);
INSERT INTO S24_S003_T7_EPISODE (EpisodeID, PodcastID, Episode_format, Link, Timestamp, Views, Likes, Dislikes, Duration, APID) VALUES (46, 46, 'AUDIO', 'https://tinyurl.com/ep46', TO_TIMESTAMP('2023-02-09 22:00:00', 'YYYY-MM-DD HH24:MI:SS'), 80, 50, 20, 1800, 4);
INSERT INTO S24_S003_T7_EPISODE (EpisodeID, PodcastID, Episode_format, Link, Timestamp, Views, Likes, Dislikes, Duration, APID) VALUES (47, 47, 'VIDEO', 'https://tinyurl.com/ep47', TO_TIMESTAMP('2023-03-10 00:00:00', 'YYYY-MM-DD HH24:MI:SS'), 90, 60, 30, 3600, 69);
INSERT INTO S24_S003_T7_EPISODE (EpisodeID, PodcastID, Episode_format, Link, Timestamp, Views, Likes, Dislikes, Duration, APID) VALUES (48, 48, 'AUDIO', 'https://tinyurl.com/ep48', TO_TIMESTAMP('2023-04-11 02:00:00', 'YYYY-MM-DD HH24:MI:SS'), 70, 40, 20, 2400, 3);
INSERT INTO S24_S003_T7_EPISODE (EpisodeID, PodcastID, Episode_format, Link, Timestamp, Views, Likes, Dislikes, Duration, APID) VALUES (49, 49, 'VIDEO', 'https://tinyurl.com/ep49', TO_TIMESTAMP('2023-05-12 04:00:00', 'YYYY-MM-DD HH24:MI:SS'), 60, 30, 10, 1200, 8);
INSERT INTO S24_S003_T7_EPISODE (EpisodeID, PodcastID, Episode_format, Link, Timestamp, Views, Likes, Dislikes, Duration, APID) VALUES (50, 50, 'AUDIO', 'https://tinyurl.com/ep50', TO_TIMESTAMP('2023-06-13 06:30:00', 'YYYY-MM-DD HH24:MI:SS'), 50, 30, 15, 1500, 93);
INSERT INTO S24_S003_T7_EPISODE (EpisodeID, PodcastID, Episode_format, Link, Timestamp, Views, Likes, Dislikes, Duration, APID) VALUES (51, 51, 'AUDIO', 'https://tinyurl.com/ep51', TO_TIMESTAMP('2023-07-14 08:00:00', 'YYYY-MM-DD HH24:MI:SS'), 80, 50, 20, 1800, 15);
INSERT INTO S24_S003_T7_EPISODE (EpisodeID, PodcastID, Episode_format, Link, Timestamp, Views, Likes, Dislikes, Duration, APID) VALUES (52, 52, 'VIDEO', 'https://tinyurl.com/ep52', TO_TIMESTAMP('2023-08-15 10:00:00', 'YYYY-MM-DD HH24:MI:SS'), 90, 60, 30, 3600, 56);
INSERT INTO S24_S003_T7_EPISODE (EpisodeID, PodcastID, Episode_format, Link, Timestamp, Views, Likes, Dislikes, Duration, APID) VALUES (53, 53, 'AUDIO', 'https://tinyurl.com/ep53', TO_TIMESTAMP('2023-09-16 12:00:00', 'YYYY-MM-DD HH24:MI:SS'), 70, 40, 20, 2400, 31);
INSERT INTO S24_S003_T7_EPISODE (EpisodeID, PodcastID, Episode_format, Link, Timestamp, Views, Likes, Dislikes, Duration, APID) VALUES (54, 54, 'VIDEO', 'https://tinyurl.com/ep54', TO_TIMESTAMP('2023-10-17 14:00:00', 'YYYY-MM-DD HH24:MI:SS'), 60, 30, 10, 1200, 40);
INSERT INTO S24_S003_T7_EPISODE (EpisodeID, PodcastID, Episode_format, Link, Timestamp, Views, Likes, Dislikes, Duration, APID) VALUES (55, 55, 'AUDIO', 'https://tinyurl.com/ep55', TO_TIMESTAMP('2023-11-18 16:00:00', 'YYYY-MM-DD HH24:MI:SS'), 50, 30, 15, 1500, 79);
INSERT INTO S24_S003_T7_EPISODE (EpisodeID, PodcastID, Episode_format, Link, Timestamp, Views, Likes, Dislikes, Duration, APID) VALUES (56, 56, 'AUDIO', 'https://tinyurl.com/ep56', TO_TIMESTAMP('2023-12-19 18:30:00', 'YYYY-MM-DD HH24:MI:SS'), 80, 50, 20, 1800, 70);
INSERT INTO S24_S003_T7_EPISODE (EpisodeID, PodcastID, Episode_format, Link, Timestamp, Views, Likes, Dislikes, Duration, APID) VALUES (57, 57, 'VIDEO', 'https://tinyurl.com/ep57', TO_TIMESTAMP('2024-01-20 20:30:00', 'YYYY-MM-DD HH24:MI:SS'), 90, 60, 30, 3600, 77);
INSERT INTO S24_S003_T7_EPISODE (EpisodeID, PodcastID, Episode_format, Link, Timestamp, Views, Likes, Dislikes, Duration, APID) VALUES (58, 58, 'AUDIO', 'https://tinyurl.com/ep58', TO_TIMESTAMP('2024-02-21 22:30:00', 'YYYY-MM-DD HH24:MI:SS'), 70, 40, 20, 2400, 21);
INSERT INTO S24_S003_T7_EPISODE (EpisodeID, PodcastID, Episode_format, Link, Timestamp, Views, Likes, Dislikes, Duration, APID) VALUES (59, 59, 'VIDEO', 'https://tinyurl.com/ep59', TO_TIMESTAMP('2024-03-22 00:30:00', 'YYYY-MM-DD HH24:MI:SS'), 60, 30, 10, 1200, 52);
INSERT INTO S24_S003_T7_EPISODE (EpisodeID, PodcastID, Episode_format, Link, Timestamp, Views, Likes, Dislikes, Duration, APID) VALUES (60, 60, 'AUDIO', 'https://tinyurl.com/ep60', TO_TIMESTAMP('2024-04-23 02:30:00', 'YYYY-MM-DD HH24:MI:SS'), 50, 30, 15, 1500, 89);
INSERT INTO S24_S003_T7_EPISODE (EpisodeID, PodcastID, Episode_format, Link, Timestamp, Views, Likes, Dislikes, Duration, APID) VALUES (61, 51, 'AUDIO', 'https://tinyurl.com/ep61', TO_TIMESTAMP('2023-07-15 08:00:00', 'YYYY-MM-DD HH24:MI:SS'), 80, 50, 20, 1800, 15);
INSERT INTO S24_S003_T7_EPISODE (EpisodeID, PodcastID, Episode_format, Link, Timestamp, Views, Likes, Dislikes, Duration, APID) VALUES (62, 52, 'VIDEO', 'https://tinyurl.com/ep62', TO_TIMESTAMP('2023-08-16 10:00:00', 'YYYY-MM-DD HH24:MI:SS'), 90, 60, 30, 3600, 56);
INSERT INTO S24_S003_T7_EPISODE (EpisodeID, PodcastID, Episode_format, Link, Timestamp, Views, Likes, Dislikes, Duration, APID) VALUES (63, 53, 'AUDIO', 'https://tinyurl.com/ep63', TO_TIMESTAMP('2023-09-17 12:00:00', 'YYYY-MM-DD HH24:MI:SS'), 70, 40, 20, 2400, 31);
INSERT INTO S24_S003_T7_EPISODE (EpisodeID, PodcastID, Episode_format, Link, Timestamp, Views, Likes, Dislikes, Duration, APID) VALUES (64, 54, 'VIDEO', 'https://tinyurl.com/ep64', TO_TIMESTAMP('2023-10-18 14:00:00', 'YYYY-MM-DD HH24:MI:SS'), 60, 30, 10, 1200, 40);
INSERT INTO S24_S003_T7_EPISODE (EpisodeID, PodcastID, Episode_format, Link, Timestamp, Views, Likes, Dislikes, Duration, APID) VALUES (65, 55, 'AUDIO', 'https://tinyurl.com/ep65', TO_TIMESTAMP('2023-11-19 16:00:00', 'YYYY-MM-DD HH24:MI:SS'), 50, 30, 15, 1500, 79);
INSERT INTO S24_S003_T7_EPISODE (EpisodeID, PodcastID, Episode_format, Link, Timestamp, Views, Likes, Dislikes, Duration, APID) VALUES (66, 56, 'AUDIO', 'https://tinyurl.com/ep66', TO_TIMESTAMP('2023-12-20 18:30:00', 'YYYY-MM-DD HH24:MI:SS'), 80, 50, 20, 1800, 70);
INSERT INTO S24_S003_T7_EPISODE (EpisodeID, PodcastID, Episode_format, Link, Timestamp, Views, Likes, Dislikes, Duration, APID) VALUES (67, 57, 'VIDEO', 'https://tinyurl.com/ep67', TO_TIMESTAMP('2024-01-21 20:30:00', 'YYYY-MM-DD HH24:MI:SS'), 90, 60, 30, 3600, 77);
INSERT INTO S24_S003_T7_EPISODE (EpisodeID, PodcastID, Episode_format, Link, Timestamp, Views, Likes, Dislikes, Duration, APID) VALUES (68, 58, 'AUDIO', 'https://tinyurl.com/ep68', TO_TIMESTAMP('2024-02-22 22:30:00', 'YYYY-MM-DD HH24:MI:SS'), 70, 40, 20, 2400, 21);
INSERT INTO S24_S003_T7_EPISODE (EpisodeID, PodcastID, Episode_format, Link, Timestamp, Views, Likes, Dislikes, Duration, APID) VALUES (69, 59, 'VIDEO', 'https://tinyurl.com/ep69', TO_TIMESTAMP('2024-03-23 00:30:00', 'YYYY-MM-DD HH24:MI:SS'), 60, 30, 10, 1200, 52);
INSERT INTO S24_S003_T7_EPISODE (EpisodeID, PodcastID, Episode_format, Link, Timestamp, Views, Likes, Dislikes, Duration, APID) VALUES (70, 60, 'AUDIO', 'https://tinyurl.com/ep70', TO_TIMESTAMP('2024-04-24 02:30:00', 'YYYY-MM-DD HH24:MI:SS'), 50, 30, 15, 1500, 89);
INSERT INTO S24_S003_T7_EPISODE (EpisodeID, PodcastID, Episode_format, Link, Timestamp, Views, Likes, Dislikes, Duration, APID) VALUES (71, 51, 'AUDIO', 'https://tinyurl.com/ep71', TO_TIMESTAMP('2023-07-16 08:00:00', 'YYYY-MM-DD HH24:MI:SS'), 80, 50, 20, 1800, 15);
INSERT INTO S24_S003_T7_EPISODE (EpisodeID, PodcastID, Episode_format, Link, Timestamp, Views, Likes, Dislikes, Duration, APID) VALUES (72, 52, 'VIDEO', 'https://tinyurl.com/ep72', TO_TIMESTAMP('2023-08-17 10:00:00', 'YYYY-MM-DD HH24:MI:SS'), 90, 60, 30, 3600, 56);
INSERT INTO S24_S003_T7_EPISODE (EpisodeID, PodcastID, Episode_format, Link, Timestamp, Views, Likes, Dislikes, Duration, APID) VALUES (73, 53, 'AUDIO', 'https://tinyurl.com/ep73', TO_TIMESTAMP('2023-09-18 12:00:00', 'YYYY-MM-DD HH24:MI:SS'), 70, 40, 20, 2400, 31);
INSERT INTO S24_S003_T7_EPISODE (EpisodeID, PodcastID, Episode_format, Link, Timestamp, Views, Likes, Dislikes, Duration, APID) VALUES (74, 54, 'VIDEO', 'https://tinyurl.com/ep74', TO_TIMESTAMP('2023-10-19 14:00:00', 'YYYY-MM-DD HH24:MI:SS'), 60, 30, 10, 1200, 40);
INSERT INTO S24_S003_T7_EPISODE (EpisodeID, PodcastID, Episode_format, Link, Timestamp, Views, Likes, Dislikes, Duration, APID) VALUES (75, 55, 'AUDIO', 'https://tinyurl.com/ep75', TO_TIMESTAMP('2023-11-20 16:00:00', 'YYYY-MM-DD HH24:MI:SS'), 50, 30, 15, 1500, 79);
INSERT INTO S24_S003_T7_EPISODE (EpisodeID, PodcastID, Episode_format, Link, Timestamp, Views, Likes, Dislikes, Duration, APID) VALUES (76, 56, 'AUDIO', 'https://tinyurl.com/ep76', TO_TIMESTAMP('2023-12-21 18:30:00', 'YYYY-MM-DD HH24:MI:SS'), 80, 50, 20, 1800, 70);
INSERT INTO S24_S003_T7_EPISODE (EpisodeID, PodcastID, Episode_format, Link, Timestamp, Views, Likes, Dislikes, Duration, APID) VALUES (77, 57, 'VIDEO', 'https://tinyurl.com/ep77', TO_TIMESTAMP('2024-01-22 20:30:00', 'YYYY-MM-DD HH24:MI:SS'), 90, 60, 30, 3600, 77);
INSERT INTO S24_S003_T7_EPISODE (EpisodeID, PodcastID, Episode_format, Link, Timestamp, Views, Likes, Dislikes, Duration, APID) VALUES (78, 58, 'AUDIO', 'https://tinyurl.com/ep78', TO_TIMESTAMP('2024-02-23 22:30:00', 'YYYY-MM-DD HH24:MI:SS'), 70, 40, 20, 2400, 21);
INSERT INTO S24_S003_T7_EPISODE (EpisodeID, PodcastID, Episode_format, Link, Timestamp, Views, Likes, Dislikes, Duration, APID) VALUES (79, 59, 'VIDEO', 'https://tinyurl.com/ep79', TO_TIMESTAMP('2024-03-24 00:30:00', 'YYYY-MM-DD HH24:MI:SS'), 60, 30, 10, 1200, 52);
INSERT INTO S24_S003_T7_EPISODE (EpisodeID, PodcastID, Episode_format, Link, Timestamp, Views, Likes, Dislikes, Duration, APID) VALUES (80, 60, 'AUDIO', 'https://tinyurl.com/ep80', TO_TIMESTAMP('2024-04-25 02:30:00', 'YYYY-MM-DD HH24:MI:SS'), 50, 30, 15, 1500, 89);
INSERT INTO S24_S003_T7_EPISODE (EpisodeID, PodcastID, Episode_format, Link, Timestamp, Views, Likes, Dislikes, Duration, APID) VALUES (81, 52, 'VIDEO', 'https://tinyurl.com/ep81', TO_TIMESTAMP('2023-07-14 08:00:00', 'YYYY-MM-DD HH24:MI:SS'), 80, 50, 20, 1800, 56);
INSERT INTO S24_S003_T7_EPISODE (EpisodeID, PodcastID, Episode_format, Link, Timestamp, Views, Likes, Dislikes, Duration, APID) VALUES (82, 53, 'AUDIO', 'https://tinyurl.com/ep82', TO_TIMESTAMP('2023-08-15 10:00:00', 'YYYY-MM-DD HH24:MI:SS'), 90, 60, 30, 3600, 31);
INSERT INTO S24_S003_T7_EPISODE (EpisodeID, PodcastID, Episode_format, Link, Timestamp, Views, Likes, Dislikes, Duration, APID) VALUES (83, 54, 'VIDEO', 'https://tinyurl.com/ep83', TO_TIMESTAMP('2023-09-16 12:00:00', 'YYYY-MM-DD HH24:MI:SS'), 70, 40, 20, 2400, 40);
INSERT INTO S24_S003_T7_EPISODE (EpisodeID, PodcastID, Episode_format, Link, Timestamp, Views, Likes, Dislikes, Duration, APID) VALUES (84, 55, 'AUDIO', 'https://tinyurl.com/ep84', TO_TIMESTAMP('2023-10-17 14:00:00', 'YYYY-MM-DD HH24:MI:SS'), 60, 30, 10, 1200, 79);
INSERT INTO S24_S003_T7_EPISODE (EpisodeID, PodcastID, Episode_format, Link, Timestamp, Views, Likes, Dislikes, Duration, APID) VALUES (85, 56, 'AUDIO', 'https://tinyurl.com/ep85', TO_TIMESTAMP('2023-11-18 16:00:00', 'YYYY-MM-DD HH24:MI:SS'), 50, 30, 15, 1500, 70);
INSERT INTO S24_S003_T7_EPISODE (EpisodeID, PodcastID, Episode_format, Link, Timestamp, Views, Likes, Dislikes, Duration, APID) VALUES (86, 57, 'VIDEO', 'https://tinyurl.com/ep86', TO_TIMESTAMP('2023-12-19 18:30:00', 'YYYY-MM-DD HH24:MI:SS'), 80, 50, 20, 1800, 77);
INSERT INTO S24_S003_T7_EPISODE (EpisodeID, PodcastID, Episode_format, Link, Timestamp, Views, Likes, Dislikes, Duration, APID) VALUES (87, 58, 'AUDIO', 'https://tinyurl.com/ep87', TO_TIMESTAMP('2024-01-20 20:30:00', 'YYYY-MM-DD HH24:MI:SS'), 90, 60, 30, 3600, 21);
INSERT INTO S24_S003_T7_EPISODE (EpisodeID, PodcastID, Episode_format, Link, Timestamp, Views, Likes, Dislikes, Duration, APID) VALUES (88, 59, 'VIDEO', 'https://tinyurl.com/ep88', TO_TIMESTAMP('2024-02-21 22:30:00', 'YYYY-MM-DD HH24:MI:SS'), 70, 40, 20, 2400, 52);
INSERT INTO S24_S003_T7_EPISODE (EpisodeID, PodcastID, Episode_format, Link, Timestamp, Views, Likes, Dislikes, Duration, APID) VALUES (89, 60, 'AUDIO', 'https://tinyurl.com/ep89', TO_TIMESTAMP('2024-03-22 00:30:00', 'YYYY-MM-DD HH24:MI:SS'), 60, 30, 10, 1200, 89);
INSERT INTO S24_S003_T7_EPISODE (EpisodeID, PodcastID, Episode_format, Link, Timestamp, Views, Likes, Dislikes, Duration, APID) VALUES (90, 52, 'AUDIO', 'https://tinyurl.com/ep90', TO_TIMESTAMP('2023-07-15 08:00:00', 'YYYY-MM-DD HH24:MI:SS'), 80, 50, 20, 1800, 56);
INSERT INTO S24_S003_T7_EPISODE (EpisodeID, PodcastID, Episode_format, Link, Timestamp, Views, Likes, Dislikes, Duration, APID) VALUES (91, 53, 'VIDEO', 'https://tinyurl.com/ep91', TO_TIMESTAMP('2023-08-16 10:00:00', 'YYYY-MM-DD HH24:MI:SS'), 90, 60, 30, 3600, 31);
INSERT INTO S24_S003_T7_EPISODE (EpisodeID, PodcastID, Episode_format, Link, Timestamp, Views, Likes, Dislikes, Duration, APID) VALUES (92, 54, 'AUDIO', 'https://tinyurl.com/ep92', TO_TIMESTAMP('2023-09-17 12:00:00', 'YYYY-MM-DD HH24:MI:SS'), 70, 40, 20, 2400, 40);
INSERT INTO S24_S003_T7_EPISODE (EpisodeID, PodcastID, Episode_format, Link, Timestamp, Views, Likes, Dislikes, Duration, APID) VALUES (93, 55, 'VIDEO', 'https://tinyurl.com/ep93', TO_TIMESTAMP('2023-10-18 14:00:00', 'YYYY-MM-DD HH24:MI:SS'), 60, 30, 10, 1200, 79);
INSERT INTO S24_S003_T7_EPISODE (EpisodeID, PodcastID, Episode_format, Link, Timestamp, Views, Likes, Dislikes, Duration, APID) VALUES (94, 56, 'AUDIO', 'https://tinyurl.com/ep94', TO_TIMESTAMP('2023-11-19 16:00:00', 'YYYY-MM-DD HH24:MI:SS'), 50, 30, 15, 1500, 70);
INSERT INTO S24_S003_T7_EPISODE (EpisodeID, PodcastID, Episode_format, Link, Timestamp, Views, Likes, Dislikes, Duration, APID) VALUES (95, 57, 'AUDIO', 'https://tinyurl.com/ep95', TO_TIMESTAMP('2023-12-20 18:30:00', 'YYYY-MM-DD HH24:MI:SS'), 80, 50, 20, 1800, 77);
INSERT INTO S24_S003_T7_EPISODE (EpisodeID, PodcastID, Episode_format, Link, Timestamp, Views, Likes, Dislikes, Duration, APID) VALUES (96, 58, 'VIDEO', 'https://tinyurl.com/ep96', TO_TIMESTAMP('2024-01-21 20:30:00', 'YYYY-MM-DD HH24:MI:SS'), 90, 60, 30, 3600, 21);
INSERT INTO S24_S003_T7_EPISODE (EpisodeID, PodcastID, Episode_format, Link, Timestamp, Views, Likes, Dislikes, Duration, APID) VALUES (97, 59, 'AUDIO', 'https://tinyurl.com/ep97', TO_TIMESTAMP('2024-02-22 22:30:00', 'YYYY-MM-DD HH24:MI:SS'), 70, 40, 20, 2400, 52);
INSERT INTO S24_S003_T7_EPISODE (EpisodeID, PodcastID, Episode_format, Link, Timestamp, Views, Likes, Dislikes, Duration, APID) VALUES (98, 60, 'VIDEO', 'https://tinyurl.com/ep98', TO_TIMESTAMP('2024-03-23 00:30:00', 'YYYY-MM-DD HH24:MI:SS'), 60, 30, 10, 1200, 89);
INSERT INTO S24_S003_T7_EPISODE (EpisodeID, PodcastID, Episode_format, Link, Timestamp, Views, Likes, Dislikes, Duration, APID) VALUES (99, 52, 'AUDIO', 'https://tinyurl.com/ep99', TO_TIMESTAMP('2023-07-16 08:00:00', 'YYYY-MM-DD HH24:MI:SS'), 80, 50, 20, 1800, 56);
INSERT INTO S24_S003_T7_EPISODE (EpisodeID, PodcastID, Episode_format, Link, Timestamp, Views, Likes, Dislikes, Duration, APID) VALUES (100, 53, 'VIDEO', 'https://tinyurl.com/ep100', TO_TIMESTAMP('2023-08-17 10:00:00', 'YYYY-MM-DD HH24:MI:SS'), 90, 60, 30, 3600, 31);
INSERT INTO S24_S003_T7_EPISODE (EpisodeID, PodcastID, Episode_format, Link, Timestamp, Views, Likes, Dislikes, Duration, APID) VALUES (101, 54, 'AUDIO', 'https://tinyurl.com/ep101', TO_TIMESTAMP('2023-09-18 12:00:00', 'YYYY-MM-DD HH24:MI:SS'), 70, 40, 20, 2400, 40);
INSERT INTO S24_S003_T7_EPISODE (EpisodeID, PodcastID, Episode_format, Link, Timestamp, Views, Likes, Dislikes, Duration, APID) VALUES (102, 55, 'VIDEO', 'https://tinyurl.com/ep102', TO_TIMESTAMP('2023-10-19 14:00:00', 'YYYY-MM-DD HH24:MI:SS'), 60, 30, 10, 1200, 79);
INSERT INTO S24_S003_T7_EPISODE (EpisodeID, PodcastID, Episode_format, Link, Timestamp, Views, Likes, Dislikes, Duration, APID) VALUES (103, 56, 'AUDIO', 'https://tinyurl.com/ep103', TO_TIMESTAMP('2023-11-20 16:00:00', 'YYYY-MM-DD HH24:MI:SS'), 50, 30, 15, 1500, 70);
INSERT INTO S24_S003_T7_EPISODE (EpisodeID, PodcastID, Episode_format, Link, Timestamp, Views, Likes, Dislikes, Duration, APID) VALUES (104, 57, 'AUDIO', 'https://tinyurl.com/ep104', TO_TIMESTAMP('2023-12-21 18:30:00', 'YYYY-MM-DD HH24:MI:SS'), 80, 50, 20, 1800, 77);
INSERT INTO S24_S003_T7_EPISODE (EpisodeID, PodcastID, Episode_format, Link, Timestamp, Views, Likes, Dislikes, Duration, APID) VALUES (105, 58, 'VIDEO', 'https://tinyurl.com/ep105', TO_TIMESTAMP('2024-01-22 20:30:00', 'YYYY-MM-DD HH24:MI:SS'), 90, 60, 30, 3600, 21);
INSERT INTO S24_S003_T7_EPISODE (EpisodeID, PodcastID, Episode_format, Link, Timestamp, Views, Likes, Dislikes, Duration, APID) VALUES (106, 59, 'AUDIO', 'https://tinyurl.com/ep106', TO_TIMESTAMP('2024-02-23 22:30:00', 'YYYY-MM-DD HH24:MI:SS'), 70, 40, 20, 2400, 52);
INSERT INTO S24_S003_T7_EPISODE (EpisodeID, PodcastID, Episode_format, Link, Timestamp, Views, Likes, Dislikes, Duration, APID) VALUES (107, 60, 'VIDEO', 'https://tinyurl.com/ep107', TO_TIMESTAMP('2024-03-24 00:30:00', 'YYYY-MM-DD HH24:MI:SS'), 60, 30, 10, 1200, 89);
INSERT INTO S24_S003_T7_EPISODE (EpisodeID, PodcastID, Episode_format, Link, Timestamp, Views, Likes, Dislikes, Duration, APID) VALUES (108, 52, 'AUDIO', 'https://tinyurl.com/ep108', TO_TIMESTAMP('2023-07-17 08:00:00', 'YYYY-MM-DD HH24:MI:SS'), 80, 50, 20, 1800, 56);
INSERT INTO S24_S003_T7_EPISODE (EpisodeID, PodcastID, Episode_format, Link, Timestamp, Views, Likes, Dislikes, Duration, APID) VALUES (109, 53, 'VIDEO', 'https://tinyurl.com/ep109', TO_TIMESTAMP('2023-08-18 10:00:00', 'YYYY-MM-DD HH24:MI:SS'), 90, 60, 30, 3600, 31);
INSERT INTO S24_S003_T7_EPISODE (EpisodeID, PodcastID, Episode_format, Link, Timestamp, Views, Likes, Dislikes, Duration, APID) VALUES (110, 54, 'AUDIO', 'https://tinyurl.com/ep110', TO_TIMESTAMP('2023-09-19 12:00:00', 'YYYY-MM-DD HH24:MI:SS'), 70, 40, 20, 2400, 40);
INSERT INTO S24_S003_T7_EPISODE (EpisodeID, PodcastID, Episode_format, Link, Timestamp, Views, Likes, Dislikes, Duration, APID) VALUES (111, 55, 'VIDEO', 'https://tinyurl.com/ep111', TO_TIMESTAMP('2023-10-20 14:00:00', 'YYYY-MM-DD HH24:MI:SS'), 60, 30, 10, 1200, 79);
INSERT INTO S24_S003_T7_EPISODE (EpisodeID, PodcastID, Episode_format, Link, Timestamp, Views, Likes, Dislikes, Duration, APID) VALUES (112, 56, 'AUDIO', 'https://tinyurl.com/ep112', TO_TIMESTAMP('2023-11-21 16:00:00', 'YYYY-MM-DD HH24:MI:SS'), 50, 30, 15, 1500, 70);
INSERT INTO S24_S003_T7_EPISODE (EpisodeID, PodcastID, Episode_format, Link, Timestamp, Views, Likes, Dislikes, Duration, APID) VALUES (113, 57, 'AUDIO', 'https://tinyurl.com/ep113', TO_TIMESTAMP('2023-12-22 18:30:00', 'YYYY-MM-DD HH24:MI:SS'), 80, 50, 20, 1800, 77);
INSERT INTO S24_S003_T7_EPISODE (EpisodeID, PodcastID, Episode_format, Link, Timestamp, Views, Likes, Dislikes, Duration, APID) VALUES (114, 58, 'VIDEO', 'https://tinyurl.com/ep114', TO_TIMESTAMP('2024-01-23 20:30:00', 'YYYY-MM-DD HH24:MI:SS'), 90, 60, 30, 3600, 21);
INSERT INTO S24_S003_T7_EPISODE (EpisodeID, PodcastID, Episode_format, Link, Timestamp, Views, Likes, Dislikes, Duration, APID) VALUES (115, 59, 'AUDIO', 'https://tinyurl.com/ep115', TO_TIMESTAMP('2024-02-24 22:30:00', 'YYYY-MM-DD HH24:MI:SS'), 70, 40, 20, 2400, 52);
INSERT INTO S24_S003_T7_EPISODE (EpisodeID, PodcastID, Episode_format, Link, Timestamp, Views, Likes, Dislikes, Duration, APID) VALUES (116, 60, 'VIDEO', 'https://tinyurl.com/ep116', TO_TIMESTAMP('2024-03-25 00:30:00', 'YYYY-MM-DD HH24:MI:SS'), 60, 30, 10, 1200, 89);
INSERT INTO S24_S003_T7_EPISODE (EpisodeID, PodcastID, Episode_format, Link, Timestamp, Views, Likes, Dislikes, Duration, APID) VALUES (117, 52, 'AUDIO', 'https://tinyurl.com/ep117', TO_TIMESTAMP('2023-07-18 08:00:00', 'YYYY-MM-DD HH24:MI:SS'), 80, 50, 20, 1800, 56);
INSERT INTO S24_S003_T7_EPISODE (EpisodeID, PodcastID, Episode_format, Link, Timestamp, Views, Likes, Dislikes, Duration, APID) VALUES (118, 53, 'VIDEO', 'https://tinyurl.com/ep118', TO_TIMESTAMP('2023-08-19 10:00:00', 'YYYY-MM-DD HH24:MI:SS'), 90, 60, 30, 3600, 31);
INSERT INTO S24_S003_T7_EPISODE (EpisodeID, PodcastID, Episode_format, Link, Timestamp, Views, Likes, Dislikes, Duration, APID) VALUES (119, 54, 'AUDIO', 'https://tinyurl.com/ep119', TO_TIMESTAMP('2023-09-20 12:00:00', 'YYYY-MM-DD HH24:MI:SS'), 70, 40, 20, 2400, 40);
INSERT INTO S24_S003_T7_EPISODE (EpisodeID, PodcastID, Episode_format, Link, Timestamp, Views, Likes, Dislikes, Duration, APID) VALUES (120, 55, 'VIDEO', 'https://tinyurl.com/ep120', TO_TIMESTAMP('2023-10-21 14:00:00', 'YYYY-MM-DD HH24:MI:SS'), 60, 30, 10, 1200, 79);

--LISTENS TO--
INSERT INTO S24_S003_T7_LISTENS_TO (UPID, EpisodeID, PodcastID, Start_time, End_time, Last_Listened_Date) VALUES (1, 1, 1, 1155, 1387, TO_TIMESTAMP('2024-02-07 03:41:27', 'YYYY-MM-DD HH24:MI:SS'));
INSERT INTO S24_S003_T7_LISTENS_TO (UPID, EpisodeID, PodcastID, Start_time, End_time, Last_Listened_Date) VALUES (1, 10, 10, 881, 1330, TO_TIMESTAMP('2024-03-05 16:06:17', 'YYYY-MM-DD HH24:MI:SS'));
INSERT INTO S24_S003_T7_LISTENS_TO (UPID, EpisodeID, PodcastID, Start_time, End_time, Last_Listened_Date) VALUES (2, 7, 7, 630, 700, TO_TIMESTAMP('2024-02-14 20:47:32', 'YYYY-MM-DD HH24:MI:SS'));
INSERT INTO S24_S003_T7_LISTENS_TO (UPID, EpisodeID, PodcastID, Start_time, End_time, Last_Listened_Date) VALUES (2, 6, 6, 417, 979, TO_TIMESTAMP('2024-01-23 08:27:26', 'YYYY-MM-DD HH24:MI:SS'));
INSERT INTO S24_S003_T7_LISTENS_TO (UPID, EpisodeID, PodcastID, Start_time, End_time, Last_Listened_Date) VALUES (2, 1, 1, 1076, 1703, TO_TIMESTAMP('2024-02-14 03:31:44', 'YYYY-MM-DD HH24:MI:SS'));
INSERT INTO S24_S003_T7_LISTENS_TO (UPID, EpisodeID, PodcastID, Start_time, End_time, Last_Listened_Date) VALUES (2, 4, 4, 2, 139, TO_TIMESTAMP('2024-02-11 17:45:09', 'YYYY-MM-DD HH24:MI:SS'));
INSERT INTO S24_S003_T7_LISTENS_TO (UPID, EpisodeID, PodcastID, Start_time, End_time, Last_Listened_Date) VALUES (2, 10, 10, 791, 895, TO_TIMESTAMP('2024-02-15 08:23:38', 'YYYY-MM-DD HH24:MI:SS'));
INSERT INTO S24_S003_T7_LISTENS_TO (UPID, EpisodeID, PodcastID, Start_time, End_time, Last_Listened_Date) VALUES (3, 8, 8, 996, 1917, TO_TIMESTAMP('2024-02-04 18:38:28', 'YYYY-MM-DD HH24:MI:SS'));
INSERT INTO S24_S003_T7_LISTENS_TO (UPID, EpisodeID, PodcastID, Start_time, End_time, Last_Listened_Date) VALUES (3, 1, 1, 358, 584, TO_TIMESTAMP('2024-01-31 13:02:05', 'YYYY-MM-DD HH24:MI:SS'));
INSERT INTO S24_S003_T7_LISTENS_TO (UPID, EpisodeID, PodcastID, Start_time, End_time, Last_Listened_Date) VALUES (3, 4, 4, 909, 1132, TO_TIMESTAMP('2024-02-29 05:05:53', 'YYYY-MM-DD HH24:MI:SS'));
INSERT INTO S24_S003_T7_LISTENS_TO (UPID, EpisodeID, PodcastID, Start_time, End_time, Last_Listened_Date) VALUES (4, 5, 5, 611, 1474, TO_TIMESTAMP('2024-01-25 15:30:21', 'YYYY-MM-DD HH24:MI:SS'));
INSERT INTO S24_S003_T7_LISTENS_TO (UPID, EpisodeID, PodcastID, Start_time, End_time, Last_Listened_Date) VALUES (5, 10, 10, 552, 1177, TO_TIMESTAMP('2024-02-13 00:37:10', 'YYYY-MM-DD HH24:MI:SS'));
INSERT INTO S24_S003_T7_LISTENS_TO (UPID, EpisodeID, PodcastID, Start_time, End_time, Last_Listened_Date) VALUES (6, 10, 10, 404, 1251, TO_TIMESTAMP('2024-01-23 11:59:50', 'YYYY-MM-DD HH24:MI:SS'));
INSERT INTO S24_S003_T7_LISTENS_TO (UPID, EpisodeID, PodcastID, Start_time, End_time, Last_Listened_Date) VALUES (7, 5, 5, 907, 1098, TO_TIMESTAMP('2024-02-02 08:09:06', 'YYYY-MM-DD HH24:MI:SS'));
INSERT INTO S24_S003_T7_LISTENS_TO (UPID, EpisodeID, PodcastID, Start_time, End_time, Last_Listened_Date) VALUES (8, 7, 7, 3457, 3520, TO_TIMESTAMP('2024-03-22 14:04:13', 'YYYY-MM-DD HH24:MI:SS'));
INSERT INTO S24_S003_T7_LISTENS_TO (UPID, EpisodeID, PodcastID, Start_time, End_time, Last_Listened_Date) VALUES (9, 1, 1, 1448, 1746, TO_TIMESTAMP('2024-03-17 09:16:28', 'YYYY-MM-DD HH24:MI:SS'));
INSERT INTO S24_S003_T7_LISTENS_TO (UPID, EpisodeID, PodcastID, Start_time, End_time, Last_Listened_Date) VALUES (10, 3, 3, 1370, 1638, TO_TIMESTAMP('2024-03-06 10:10:10', 'YYYY-MM-DD HH24:MI:SS'));
INSERT INTO S24_S003_T7_LISTENS_TO (UPID, EpisodeID, PodcastID, Start_time, End_time, Last_Listened_Date) VALUES (11, 7, 7, 438, 1363, TO_TIMESTAMP('2024-02-27 23:43:59', 'YYYY-MM-DD HH24:MI:SS'));
INSERT INTO S24_S003_T7_LISTENS_TO (UPID, EpisodeID, PodcastID, Start_time, End_time, Last_Listened_Date) VALUES (12, 9, 9, 915, 1030, TO_TIMESTAMP('2024-01-13 09:12:50', 'YYYY-MM-DD HH24:MI:SS'));
INSERT INTO S24_S003_T7_LISTENS_TO (UPID, EpisodeID, PodcastID, Start_time, End_time, Last_Listened_Date) VALUES (13, 2, 2, 1455, 2847, TO_TIMESTAMP('2024-03-27 14:16:49', 'YYYY-MM-DD HH24:MI:SS'));
INSERT INTO S24_S003_T7_LISTENS_TO (UPID, EpisodeID, PodcastID, Start_time, End_time, Last_Listened_Date) VALUES (14, 8, 8, 624, 1336, TO_TIMESTAMP('2024-03-07 07:42:31', 'YYYY-MM-DD HH24:MI:SS'));
INSERT INTO S24_S003_T7_LISTENS_TO (UPID, EpisodeID, PodcastID, Start_time, End_time, Last_Listened_Date) VALUES (15, 4, 4, 35, 344, TO_TIMESTAMP('2024-01-08 16:15:48', 'YYYY-MM-DD HH24:MI:SS'));
INSERT INTO S24_S003_T7_LISTENS_TO (UPID, EpisodeID, PodcastID, Start_time, End_time, Last_Listened_Date) VALUES (16, 3, 3, 1310, 1793, TO_TIMESTAMP('2024-02-10 05:11:25', 'YYYY-MM-DD HH24:MI:SS'));
INSERT INTO S24_S003_T7_LISTENS_TO (UPID, EpisodeID, PodcastID, Start_time, End_time, Last_Listened_Date) VALUES (17, 6, 6, 547, 1409, TO_TIMESTAMP('2024-02-23 11:07:16', 'YYYY-MM-DD HH24:MI:SS'));
INSERT INTO S24_S003_T7_LISTENS_TO (UPID, EpisodeID, PodcastID, Start_time, End_time, Last_Listened_Date) VALUES (18, 9, 9, 476, 756, TO_TIMESTAMP('2024-03-25 03:58:43', 'YYYY-MM-DD HH24:MI:SS'));
INSERT INTO S24_S003_T7_LISTENS_TO (UPID, EpisodeID, PodcastID, Start_time, End_time, Last_Listened_Date) VALUES (19, 1, 1, 1594, 1751, TO_TIMESTAMP('2024-01-31 01:55:32', 'YYYY-MM-DD HH24:MI:SS'));
INSERT INTO S24_S003_T7_LISTENS_TO (UPID, EpisodeID, PodcastID, Start_time, End_time, Last_Listened_Date) VALUES (20, 10, 10, 898, 1295, TO_TIMESTAMP('2024-01-02 14:44:26', 'YYYY-MM-DD HH24:MI:SS'));
INSERT INTO S24_S003_T7_LISTENS_TO (UPID, EpisodeID, PodcastID, Start_time, End_time, Last_Listened_Date) VALUES (21, 7, 7, 2209, 2761, TO_TIMESTAMP('2024-03-02 22:21:07', 'YYYY-MM-DD HH24:MI:SS'));
INSERT INTO S24_S003_T7_LISTENS_TO (UPID, EpisodeID, PodcastID, Start_time, End_time, Last_Listened_Date) VALUES (22, 4, 4, 1024, 1175, TO_TIMESTAMP('2024-02-25 07:29:34', 'YYYY-MM-DD HH24:MI:SS'));
INSERT INTO S24_S003_T7_LISTENS_TO (UPID, EpisodeID, PodcastID, Start_time, End_time, Last_Listened_Date) VALUES (23, 3, 3, 1765, 2204, TO_TIMESTAMP('2024-01-19 12:33:49', 'YYYY-MM-DD HH24:MI:SS'));
INSERT INTO S24_S003_T7_LISTENS_TO (UPID, EpisodeID, PodcastID, Start_time, End_time, Last_Listened_Date) VALUES (24, 6, 6, 329, 947, TO_TIMESTAMP('2024-01-26 10:48:56', 'YYYY-MM-DD HH24:MI:SS'));
INSERT INTO S24_S003_T7_LISTENS_TO (UPID, EpisodeID, PodcastID, Start_time, End_time, Last_Listened_Date) VALUES (25, 1, 1, 1230, 1630, TO_TIMESTAMP('2024-02-06 08:42:13', 'YYYY-MM-DD HH24:MI:SS'));
INSERT INTO S24_S003_T7_LISTENS_TO (UPID, EpisodeID, PodcastID, Start_time, End_time, Last_Listened_Date) VALUES (26, 10, 10, 312, 937, TO_TIMESTAMP('2024-01-14 14:37:21', 'YYYY-MM-DD HH24:MI:SS'));
INSERT INTO S24_S003_T7_LISTENS_TO (UPID, EpisodeID, PodcastID, Start_time, End_time, Last_Listened_Date) VALUES (27, 5, 5, 296, 1280, TO_TIMESTAMP('2024-03-31 16:11:53', 'YYYY-MM-DD HH24:MI:SS'));
INSERT INTO S24_S003_T7_LISTENS_TO (UPID, EpisodeID, PodcastID, Start_time, End_time, Last_Listened_Date) VALUES (28, 7, 7, 2804, 3430, TO_TIMESTAMP('2024-03-08 09:49:25', 'YYYY-MM-DD HH24:MI:SS'));
INSERT INTO S24_S003_T7_LISTENS_TO (UPID, EpisodeID, PodcastID, Start_time, End_time, Last_Listened_Date) VALUES (29, 4, 4, 716, 938, TO_TIMESTAMP('2024-02-18 23:45:10', 'YYYY-MM-DD HH24:MI:SS'));
INSERT INTO S24_S003_T7_LISTENS_TO (UPID, EpisodeID, PodcastID, Start_time, End_time, Last_Listened_Date) VALUES (30, 3, 3, 1541, 1736, TO_TIMESTAMP('2024-03-11 20:02:48', 'YYYY-MM-DD HH24:MI:SS'));
INSERT INTO S24_S003_T7_LISTENS_TO (UPID, EpisodeID, PodcastID, Start_time, End_time, Last_Listened_Date) VALUES (31, 6, 6, 832, 1017, TO_TIMESTAMP('2024-01-11 08:22:14', 'YYYY-MM-DD HH24:MI:SS'));
INSERT INTO S24_S003_T7_LISTENS_TO (UPID, EpisodeID, PodcastID, Start_time, End_time, Last_Listened_Date) VALUES (32, 9, 9, 527, 981, TO_TIMESTAMP('2024-02-04 05:19:21', 'YYYY-MM-DD HH24:MI:SS'));
INSERT INTO S24_S003_T7_LISTENS_TO (UPID, EpisodeID, PodcastID, Start_time, End_time, Last_Listened_Date) VALUES (33, 1, 1, 1353, 1550, TO_TIMESTAMP('2024-03-24 23:51:38', 'YYYY-MM-DD HH24:MI:SS'));
INSERT INTO S24_S003_T7_LISTENS_TO (UPID, EpisodeID, PodcastID, Start_time, End_time, Last_Listened_Date) VALUES (34, 10, 10, 513, 977, TO_TIMESTAMP('2024-03-10 03:34:58', 'YYYY-MM-DD HH24:MI:SS'));
INSERT INTO S24_S003_T7_LISTENS_TO (UPID, EpisodeID, PodcastID, Start_time, End_time, Last_Listened_Date) VALUES (35, 7, 7, 1528, 2293, TO_TIMESTAMP('2024-01-24 16:42:11', 'YYYY-MM-DD HH24:MI:SS'));
INSERT INTO S24_S003_T7_LISTENS_TO (UPID, EpisodeID, PodcastID, Start_time, End_time, Last_Listened_Date) VALUES (36, 4, 4, 82, 923, TO_TIMESTAMP('2024-03-30 14:29:05', 'YYYY-MM-DD HH24:MI:SS'));
INSERT INTO S24_S003_T7_LISTENS_TO (UPID, EpisodeID, PodcastID, Start_time, End_time, Last_Listened_Date) VALUES (37, 3, 3, 1810, 2043, TO_TIMESTAMP('2024-01-01 02:56:29', 'YYYY-MM-DD HH24:MI:SS'));
INSERT INTO S24_S003_T7_LISTENS_TO (UPID, EpisodeID, PodcastID, Start_time, End_time, Last_Listened_Date) VALUES (38, 6, 6, 469, 1257, TO_TIMESTAMP('2024-02-15 13:32:48', 'YYYY-MM-DD HH24:MI:SS'));
INSERT INTO S24_S003_T7_LISTENS_TO (UPID, EpisodeID, PodcastID, Start_time, End_time, Last_Listened_Date) VALUES (39, 1, 1, 1293, 1578, TO_TIMESTAMP('2024-02-08 21:26:14', 'YYYY-MM-DD HH24:MI:SS'));
INSERT INTO S24_S003_T7_LISTENS_TO (UPID, EpisodeID, PodcastID, Start_time, End_time, Last_Listened_Date) VALUES (40, 10, 10, 424, 1209, TO_TIMESTAMP('2024-02-27 19:52:07', 'YYYY-MM-DD HH24:MI:SS'));
INSERT INTO S24_S003_T7_LISTENS_TO (UPID, EpisodeID, PodcastID, Start_time, End_time, Last_Listened_Date) VALUES (41, 7, 7, 3411, 3514, TO_TIMESTAMP('2024-01-04 12:23:49', 'YYYY-MM-DD HH24:MI:SS'));
INSERT INTO S24_S003_T7_LISTENS_TO (UPID, EpisodeID, PodcastID, Start_time, End_time, Last_Listened_Date) VALUES (42, 4, 4, 638, 1147, TO_TIMESTAMP('2024-03-01 09:12:35', 'YYYY-MM-DD HH24:MI:SS'));
INSERT INTO S24_S003_T7_LISTENS_TO (UPID, EpisodeID, PodcastID, Start_time, End_time, Last_Listened_Date) VALUES (43, 3, 3, 1762, 2190, TO_TIMESTAMP('2024-03-16 22:50:12', 'YYYY-MM-DD HH24:MI:SS'));
INSERT INTO S24_S003_T7_LISTENS_TO (UPID, EpisodeID, PodcastID, Start_time, End_time, Last_Listened_Date) VALUES (44, 6, 6, 1603, 1734, TO_TIMESTAMP('2024-01-18 14:07:56', 'YYYY-MM-DD HH24:MI:SS'));
INSERT INTO S24_S003_T7_LISTENS_TO (UPID, EpisodeID, PodcastID, Start_time, End_time, Last_Listened_Date) VALUES (45, 1, 1, 1532, 1688, TO_TIMESTAMP('2024-02-19 18:33:02', 'YYYY-MM-DD HH24:MI:SS'));
INSERT INTO S24_S003_T7_LISTENS_TO (UPID, EpisodeID, PodcastID, Start_time, End_time, Last_Listened_Date) VALUES (46, 10, 10, 269, 998, TO_TIMESTAMP('2024-02-24 05:24:36', 'YYYY-MM-DD HH24:MI:SS'));
INSERT INTO S24_S003_T7_LISTENS_TO (UPID, EpisodeID, PodcastID, Start_time, End_time, Last_Listened_Date) VALUES (47, 5, 5, 670, 1348, TO_TIMESTAMP('2024-03-27 23:02:23', 'YYYY-MM-DD HH24:MI:SS'));
INSERT INTO S24_S003_T7_LISTENS_TO (UPID, EpisodeID, PodcastID, Start_time, End_time, Last_Listened_Date) VALUES (48, 7, 7, 2617, 3358, TO_TIMESTAMP('2024-01-12 16:39:55', 'YYYY-MM-DD HH24:MI:SS'));
INSERT INTO S24_S003_T7_LISTENS_TO (UPID, EpisodeID, PodcastID, Start_time, End_time, Last_Listened_Date) VALUES (49, 4, 4, 418, 738, TO_TIMESTAMP('2024-02-21 17:23:41', 'YYYY-MM-DD HH24:MI:SS'));
INSERT INTO S24_S003_T7_LISTENS_TO (UPID, EpisodeID, PodcastID, Start_time, End_time, Last_Listened_Date) VALUES (50, 3, 3, 1830, 2320, TO_TIMESTAMP('2024-03-14 10:58:15', 'YYYY-MM-DD HH24:MI:SS'));
INSERT INTO S24_S003_T7_LISTENS_TO (UPID, EpisodeID, PodcastID, Start_time, End_time, Last_Listened_Date) VALUES (51, 6, 6, 107, 646, TO_TIMESTAMP('2024-01-02 23:45:22', 'YYYY-MM-DD HH24:MI:SS'));
INSERT INTO S24_S003_T7_LISTENS_TO (UPID, EpisodeID, PodcastID, Start_time, End_time, Last_Listened_Date) VALUES (52, 1, 1, 1574, 1699, TO_TIMESTAMP('2024-02-22 06:12:10', 'YYYY-MM-DD HH24:MI:SS'));
INSERT INTO S24_S003_T7_LISTENS_TO (UPID, EpisodeID, PodcastID, Start_time, End_time, Last_Listened_Date) VALUES (53, 10, 10, 1274, 1448, TO_TIMESTAMP('2024-03-11 14:05:27', 'YYYY-MM-DD HH24:MI:SS'));
INSERT INTO S24_S003_T7_LISTENS_TO (UPID, EpisodeID, PodcastID, Start_time, End_time, Last_Listened_Date) VALUES (55, 4, 4, 219, 342, TO_TIMESTAMP('2024-01-14 13:44:33', 'YYYY-MM-DD HH24:MI:SS'));
INSERT INTO S24_S003_T7_LISTENS_TO (UPID, EpisodeID, PodcastID, Start_time, End_time, Last_Listened_Date) VALUES (55, 5, 5, 83, 1069, TO_TIMESTAMP('2024-01-17 02:55:47', 'YYYY-MM-DD HH24:MI:SS'));
INSERT INTO S24_S003_T7_LISTENS_TO (UPID, EpisodeID, PodcastID, Start_time, End_time, Last_Listened_Date) VALUES (55, 2, 2, 3079, 3514, TO_TIMESTAMP('2024-03-27 03:25:24', 'YYYY-MM-DD HH24:MI:SS'));
INSERT INTO S24_S003_T7_LISTENS_TO (UPID, EpisodeID, PodcastID, Start_time, End_time, Last_Listened_Date) VALUES (56, 9, 9, 730, 783, TO_TIMESTAMP('2024-03-21 14:06:43', 'YYYY-MM-DD HH24:MI:SS'));
INSERT INTO S24_S003_T7_LISTENS_TO (UPID, EpisodeID, PodcastID, Start_time, End_time, Last_Listened_Date) VALUES (56, 10, 10, 1441, 1474, TO_TIMESTAMP('2024-01-06 01:22:53', 'YYYY-MM-DD HH24:MI:SS'));
INSERT INTO S24_S003_T7_LISTENS_TO (UPID, EpisodeID, PodcastID, Start_time, End_time, Last_Listened_Date) VALUES (57, 4, 4, 319, 583, TO_TIMESTAMP('2024-02-19 12:46:37', 'YYYY-MM-DD HH24:MI:SS'));
INSERT INTO S24_S003_T7_LISTENS_TO (UPID, EpisodeID, PodcastID, Start_time, End_time, Last_Listened_Date) VALUES (58, 8, 8, 2305, 2350, TO_TIMESTAMP('2024-01-17 22:27:43', 'YYYY-MM-DD HH24:MI:SS'));
INSERT INTO S24_S003_T7_LISTENS_TO (UPID, EpisodeID, PodcastID, Start_time, End_time, Last_Listened_Date) VALUES (58, 6, 6, 943, 1287, TO_TIMESTAMP('2024-01-03 03:12:00', 'YYYY-MM-DD HH24:MI:SS'));
INSERT INTO S24_S003_T7_LISTENS_TO (UPID, EpisodeID, PodcastID, Start_time, End_time, Last_Listened_Date) VALUES (58, 10, 10, 863, 1038, TO_TIMESTAMP('2024-02-27 01:20:19', 'YYYY-MM-DD HH24:MI:SS'));
INSERT INTO S24_S003_T7_LISTENS_TO (UPID, EpisodeID, PodcastID, Start_time, End_time, Last_Listened_Date) VALUES (59, 5, 5, 774, 1102, TO_TIMESTAMP('2024-03-18 18:17:12', 'YYYY-MM-DD HH24:MI:SS'));
INSERT INTO S24_S003_T7_LISTENS_TO (UPID, EpisodeID, PodcastID, Start_time, End_time, Last_Listened_Date) VALUES (59, 2, 2, 2651, 2728, TO_TIMESTAMP('2024-01-06 02:32:38', 'YYYY-MM-DD HH24:MI:SS'));
INSERT INTO S24_S003_T7_LISTENS_TO (UPID, EpisodeID, PodcastID, Start_time, End_time, Last_Listened_Date) VALUES (60, 9, 9, 563, 1103, TO_TIMESTAMP('2024-03-09 02:44:19', 'YYYY-MM-DD HH24:MI:SS'));
INSERT INTO S24_S003_T7_LISTENS_TO (UPID, EpisodeID, PodcastID, Start_time, End_time, Last_Listened_Date) VALUES (60, 6, 6, 373, 1480, TO_TIMESTAMP('2024-02-15 15:43:31', 'YYYY-MM-DD HH24:MI:SS'));
INSERT INTO S24_S003_T7_LISTENS_TO (UPID, EpisodeID, PodcastID, Start_time, End_time, Last_Listened_Date) VALUES (61, 5, 5, 1230, 1452, TO_TIMESTAMP('2024-01-03 02:53:22', 'YYYY-MM-DD HH24:MI:SS'));
INSERT INTO S24_S003_T7_LISTENS_TO (UPID, EpisodeID, PodcastID, Start_time, End_time, Last_Listened_Date) VALUES (61, 3, 3, 1053, 2300, TO_TIMESTAMP('2024-02-08 12:58:30', 'YYYY-MM-DD HH24:MI:SS'));
INSERT INTO S24_S003_T7_LISTENS_TO (UPID, EpisodeID, PodcastID, Start_time, End_time, Last_Listened_Date) VALUES (62, 10, 10, 302, 1149, TO_TIMESTAMP('2024-02-22 05:27:03', 'YYYY-MM-DD HH24:MI:SS'));
INSERT INTO S24_S003_T7_LISTENS_TO (UPID, EpisodeID, PodcastID, Start_time, End_time, Last_Listened_Date) VALUES (63, 8, 8, 1693, 2351, TO_TIMESTAMP('2024-02-22 09:11:38', 'YYYY-MM-DD HH24:MI:SS'));
INSERT INTO S24_S003_T7_LISTENS_TO (UPID, EpisodeID, PodcastID, Start_time, End_time, Last_Listened_Date) VALUES (63, 2, 2, 3488, 3538, TO_TIMESTAMP('2024-02-02 20:36:19', 'YYYY-MM-DD HH24:MI:SS'));
INSERT INTO S24_S003_T7_LISTENS_TO (UPID, EpisodeID, PodcastID, Start_time, End_time, Last_Listened_Date) VALUES (63, 1, 1, 655, 1637, TO_TIMESTAMP('2024-01-25 10:34:59', 'YYYY-MM-DD HH24:MI:SS'));
INSERT INTO S24_S003_T7_LISTENS_TO (UPID, EpisodeID, PodcastID, Start_time, End_time, Last_Listened_Date) VALUES (64, 7, 7, 329, 1523, TO_TIMESTAMP('2024-03-19 07:22:57', 'YYYY-MM-DD HH24:MI:SS'));
INSERT INTO S24_S003_T7_LISTENS_TO (UPID, EpisodeID, PodcastID, Start_time, End_time, Last_Listened_Date) VALUES (64, 3, 3, 1099, 1470, TO_TIMESTAMP('2024-03-25 06:53:04', 'YYYY-MM-DD HH24:MI:SS'));
INSERT INTO S24_S003_T7_LISTENS_TO (UPID, EpisodeID, PodcastID, Start_time, End_time, Last_Listened_Date) VALUES (64, 1, 1, 1423, 1653, TO_TIMESTAMP('2024-03-12 17:26:31', 'YYYY-MM-DD HH24:MI:SS'));
INSERT INTO S24_S003_T7_LISTENS_TO (UPID, EpisodeID, PodcastID, Start_time, End_time, Last_Listened_Date) VALUES (65, 7, 7, 2251, 3318, TO_TIMESTAMP('2024-02-07 15:21:16', 'YYYY-MM-DD HH24:MI:SS'));
INSERT INTO S24_S003_T7_LISTENS_TO (UPID, EpisodeID, PodcastID, Start_time, End_time, Last_Listened_Date) VALUES (65, 1, 1, 595, 1787, TO_TIMESTAMP('2024-03-01 21:54:35', 'YYYY-MM-DD HH24:MI:SS'));
INSERT INTO S24_S003_T7_LISTENS_TO (UPID, EpisodeID, PodcastID, Start_time, End_time, Last_Listened_Date) VALUES (65, 5, 5, 1073, 1297, TO_TIMESTAMP('2024-01-21 15:29:36', 'YYYY-MM-DD HH24:MI:SS'));
INSERT INTO S24_S003_T7_LISTENS_TO (UPID, EpisodeID, PodcastID, Start_time, End_time, Last_Listened_Date) VALUES (66, 3, 3, 333, 1794, TO_TIMESTAMP('2024-01-22 23:11:24', 'YYYY-MM-DD HH24:MI:SS'));
INSERT INTO S24_S003_T7_LISTENS_TO (UPID, EpisodeID, PodcastID, Start_time, End_time, Last_Listened_Date) VALUES (66, 7, 7, 3297, 3453, TO_TIMESTAMP('2024-03-07 12:30:09', 'YYYY-MM-DD HH24:MI:SS'));
INSERT INTO S24_S003_T7_LISTENS_TO (UPID, EpisodeID, PodcastID, Start_time, End_time, Last_Listened_Date) VALUES (67, 1, 1, 1561, 1749, TO_TIMESTAMP('2024-02-15 20:14:23', 'YYYY-MM-DD HH24:MI:SS'));
INSERT INTO S24_S003_T7_LISTENS_TO (UPID, EpisodeID, PodcastID, Start_time, End_time, Last_Listened_Date) VALUES (67, 2, 2, 2208, 2410, TO_TIMESTAMP('2024-01-11 07:07:45', 'YYYY-MM-DD HH24:MI:SS'));
INSERT INTO S24_S003_T7_LISTENS_TO (UPID, EpisodeID, PodcastID, Start_time, End_time, Last_Listened_Date) VALUES (67, 3, 3, 1133, 1700, TO_TIMESTAMP('2024-03-13 00:22:56', 'YYYY-MM-DD HH24:MI:SS'));
INSERT INTO S24_S003_T7_LISTENS_TO (UPID, EpisodeID, PodcastID, Start_time, End_time, Last_Listened_Date) VALUES (68, 3, 3, 981, 2218, TO_TIMESTAMP('2024-01-28 04:15:31', 'YYYY-MM-DD HH24:MI:SS'));
INSERT INTO S24_S003_T7_LISTENS_TO (UPID, EpisodeID, PodcastID, Start_time, End_time, Last_Listened_Date) VALUES (68, 5, 5, 367, 904, TO_TIMESTAMP('2024-02-04 07:18:44', 'YYYY-MM-DD HH24:MI:SS'));
INSERT INTO S24_S003_T7_LISTENS_TO (UPID, EpisodeID, PodcastID, Start_time, End_time, Last_Listened_Date) VALUES (69, 1, 1, 878, 1557, TO_TIMESTAMP('2024-03-26 15:38:58', 'YYYY-MM-DD HH24:MI:SS'));
INSERT INTO S24_S003_T7_LISTENS_TO (UPID, EpisodeID, PodcastID, Start_time, End_time, Last_Listened_Date) VALUES (70, 1, 1, 1343, 1515, TO_TIMESTAMP('2024-02-07 08:46:28', 'YYYY-MM-DD HH24:MI:SS'));
INSERT INTO S24_S003_T7_LISTENS_TO (UPID, EpisodeID, PodcastID, Start_time, End_time, Last_Listened_Date) VALUES (70, 3, 3, 538, 1509, TO_TIMESTAMP('2024-01-04 18:09:53', 'YYYY-MM-DD HH24:MI:SS'));
INSERT INTO S24_S003_T7_LISTENS_TO (UPID, EpisodeID, PodcastID, Start_time, End_time, Last_Listened_Date) VALUES (71, 1, 1, 141, 1225, TO_TIMESTAMP('2024-01-14 10:38:05', 'YYYY-MM-DD HH24:MI:SS'));
INSERT INTO S24_S003_T7_LISTENS_TO (UPID, EpisodeID, PodcastID, Start_time, End_time, Last_Listened_Date) VALUES (72, 1, 1, 724, 1713, TO_TIMESTAMP('2024-02-05 13:50:48', 'YYYY-MM-DD HH24:MI:SS'));
INSERT INTO S24_S003_T7_LISTENS_TO (UPID, EpisodeID, PodcastID, Start_time, End_time, Last_Listened_Date) VALUES (72, 7, 7, 292, 2286, TO_TIMESTAMP('2024-02-06 10:12:41', 'YYYY-MM-DD HH24:MI:SS'));
INSERT INTO S24_S003_T7_LISTENS_TO (UPID, EpisodeID, PodcastID, Start_time, End_time, Last_Listened_Date) VALUES (73, 3, 3, 2165, 2383, TO_TIMESTAMP('2024-03-01 12:28:38', 'YYYY-MM-DD HH24:MI:SS'));
INSERT INTO S24_S003_T7_LISTENS_TO (UPID, EpisodeID, PodcastID, Start_time, End_time, Last_Listened_Date) VALUES (73, 4, 4, 254, 739, TO_TIMESTAMP('2024-02-17 21:43:43', 'YYYY-MM-DD HH24:MI:SS'));
INSERT INTO S24_S003_T7_LISTENS_TO (UPID, EpisodeID, PodcastID, Start_time, End_time, Last_Listened_Date) VALUES (73, 8, 8, 1150, 1439, TO_TIMESTAMP('2024-03-27 16:56:57', 'YYYY-MM-DD HH24:MI:SS'));
INSERT INTO S24_S003_T7_LISTENS_TO (UPID, EpisodeID, PodcastID, Start_time, End_time, Last_Listened_Date) VALUES (74, 6, 6, 389, 1529, TO_TIMESTAMP('2024-01-15 00:29:42', 'YYYY-MM-DD HH24:MI:SS'));
INSERT INTO S24_S003_T7_LISTENS_TO (UPID, EpisodeID, PodcastID, Start_time, End_time, Last_Listened_Date) VALUES (74, 5, 5, 1248, 1448, TO_TIMESTAMP('2024-01-27 07:27:31', 'YYYY-MM-DD HH24:MI:SS'));
INSERT INTO S24_S003_T7_LISTENS_TO (UPID, EpisodeID, PodcastID, Start_time, End_time, Last_Listened_Date) VALUES (75, 7, 7, 1706, 3188, TO_TIMESTAMP('2024-02-07 18:18:03', 'YYYY-MM-DD HH24:MI:SS'));
INSERT INTO S24_S003_T7_LISTENS_TO (UPID, EpisodeID, PodcastID, Start_time, End_time, Last_Listened_Date) VALUES (75, 5, 5, 1041, 1257, TO_TIMESTAMP('2024-02-24 13:29:45', 'YYYY-MM-DD HH24:MI:SS'));
INSERT INTO S24_S003_T7_LISTENS_TO (UPID, EpisodeID, PodcastID, Start_time, End_time, Last_Listened_Date) VALUES (76, 10, 10, 1018, 1094, TO_TIMESTAMP('2024-03-19 22:52:54', 'YYYY-MM-DD HH24:MI:SS'));
INSERT INTO S24_S003_T7_LISTENS_TO (UPID, EpisodeID, PodcastID, Start_time, End_time, Last_Listened_Date) VALUES (76, 8, 8, 1661, 2091, TO_TIMESTAMP('2024-01-22 04:33:06', 'YYYY-MM-DD HH24:MI:SS'));
INSERT INTO S24_S003_T7_LISTENS_TO (UPID, EpisodeID, PodcastID, Start_time, End_time, Last_Listened_Date) VALUES (77, 6, 6, 1470, 1512, TO_TIMESTAMP('2024-01-31 13:42:55', 'YYYY-MM-DD HH24:MI:SS'));
INSERT INTO S24_S003_T7_LISTENS_TO (UPID, EpisodeID, PodcastID, Start_time, End_time, Last_Listened_Date) VALUES (77, 1, 1, 256, 1653, TO_TIMESTAMP('2024-03-18 04:48:05', 'YYYY-MM-DD HH24:MI:SS'));
INSERT INTO S24_S003_T7_LISTENS_TO (UPID, EpisodeID, PodcastID, Start_time, End_time, Last_Listened_Date) VALUES (78, 9, 9, 1183, 1194, TO_TIMESTAMP('2024-01-18 07:39:09', 'YYYY-MM-DD HH24:MI:SS'));
INSERT INTO S24_S003_T7_LISTENS_TO (UPID, EpisodeID, PodcastID, Start_time, End_time, Last_Listened_Date) VALUES (79, 8, 8, 1886, 2273, TO_TIMESTAMP('2024-01-25 07:54:25', 'YYYY-MM-DD HH24:MI:SS'));
INSERT INTO S24_S003_T7_LISTENS_TO (UPID, EpisodeID, PodcastID, Start_time, End_time, Last_Listened_Date) VALUES (79, 10, 10, 607, 805, TO_TIMESTAMP('2024-01-05 21:09:48', 'YYYY-MM-DD HH24:MI:SS'));
INSERT INTO S24_S003_T7_LISTENS_TO (UPID, EpisodeID, PodcastID, Start_time, End_time, Last_Listened_Date) VALUES (79, 3, 3, 2094, 2385, TO_TIMESTAMP('2024-03-17 08:43:19', 'YYYY-MM-DD HH24:MI:SS'));
INSERT INTO S24_S003_T7_LISTENS_TO (UPID, EpisodeID, PodcastID, Start_time, End_time, Last_Listened_Date) VALUES (80, 8, 8, 2367, 2388, TO_TIMESTAMP('2024-02-12 04:04:55', 'YYYY-MM-DD HH24:MI:SS'));
INSERT INTO S24_S003_T7_LISTENS_TO (UPID, EpisodeID, PodcastID, Start_time, End_time, Last_Listened_Date) VALUES (80, 1, 1, 1651, 1670, TO_TIMESTAMP('2024-02-03 13:18:13', 'YYYY-MM-DD HH24:MI:SS'));
INSERT INTO S24_S003_T7_LISTENS_TO (UPID, EpisodeID, PodcastID, Start_time, End_time, Last_Listened_Date) VALUES (81, 3, 3, 1621, 2243, TO_TIMESTAMP('2024-01-04 05:25:41', 'YYYY-MM-DD HH24:MI:SS'));
INSERT INTO S24_S003_T7_LISTENS_TO (UPID, EpisodeID, PodcastID, Start_time, End_time, Last_Listened_Date) VALUES (81, 6, 6, 205, 1012, TO_TIMESTAMP('2024-01-24 08:03:19', 'YYYY-MM-DD HH24:MI:SS'));
INSERT INTO S24_S003_T7_LISTENS_TO (UPID, EpisodeID, PodcastID, Start_time, End_time, Last_Listened_Date) VALUES (81, 4, 4, 587, 838, TO_TIMESTAMP('2024-01-14 07:31:15', 'YYYY-MM-DD HH24:MI:SS'));
INSERT INTO S24_S003_T7_LISTENS_TO (UPID, EpisodeID, PodcastID, Start_time, End_time, Last_Listened_Date) VALUES (82, 4, 4, 314, 833, TO_TIMESTAMP('2024-03-16 13:01:36', 'YYYY-MM-DD HH24:MI:SS'));
INSERT INTO S24_S003_T7_LISTENS_TO (UPID, EpisodeID, PodcastID, Start_time, End_time, Last_Listened_Date) VALUES (83, 8, 8, 2108, 2396, TO_TIMESTAMP('2024-03-06 09:51:45', 'YYYY-MM-DD HH24:MI:SS'));
INSERT INTO S24_S003_T7_LISTENS_TO (UPID, EpisodeID, PodcastID, Start_time, End_time, Last_Listened_Date) VALUES (84, 10, 10, 1433, 1445, TO_TIMESTAMP('2024-03-06 08:50:01', 'YYYY-MM-DD HH24:MI:SS'));
INSERT INTO S24_S003_T7_LISTENS_TO (UPID, EpisodeID, PodcastID, Start_time, End_time, Last_Listened_Date) VALUES (84, 6, 6, 1223, 1436, TO_TIMESTAMP('2024-01-03 05:55:56', 'YYYY-MM-DD HH24:MI:SS'));
INSERT INTO S24_S003_T7_LISTENS_TO (UPID, EpisodeID, PodcastID, Start_time, End_time, Last_Listened_Date) VALUES (84, 9, 9, 559, 825, TO_TIMESTAMP('2024-01-08 10:16:59', 'YYYY-MM-DD HH24:MI:SS'));
INSERT INTO S24_S003_T7_LISTENS_TO (UPID, EpisodeID, PodcastID, Start_time, End_time, Last_Listened_Date) VALUES (85, 5, 5, 1335, 1430, TO_TIMESTAMP('2024-03-17 13:24:22', 'YYYY-MM-DD HH24:MI:SS'));
INSERT INTO S24_S003_T7_LISTENS_TO (UPID, EpisodeID, PodcastID, Start_time, End_time, Last_Listened_Date) VALUES (86, 9, 9, 700, 722, TO_TIMESTAMP('2024-01-26 22:17:20', 'YYYY-MM-DD HH24:MI:SS'));
INSERT INTO S24_S003_T7_LISTENS_TO (UPID, EpisodeID, PodcastID, Start_time, End_time, Last_Listened_Date) VALUES (86, 2, 2, 2573, 2643, TO_TIMESTAMP('2024-02-05 09:21:52', 'YYYY-MM-DD HH24:MI:SS'));
INSERT INTO S24_S003_T7_LISTENS_TO (UPID, EpisodeID, PodcastID, Start_time, End_time, Last_Listened_Date) VALUES (86, 6, 6, 1186, 1606, TO_TIMESTAMP('2024-01-18 09:06:00', 'YYYY-MM-DD HH24:MI:SS'));
INSERT INTO S24_S003_T7_LISTENS_TO (UPID, EpisodeID, PodcastID, Start_time, End_time, Last_Listened_Date) VALUES (87, 6, 6, 1660, 1705, TO_TIMESTAMP('2024-03-05 18:06:59', 'YYYY-MM-DD HH24:MI:SS'));
INSERT INTO S24_S003_T7_LISTENS_TO (UPID, EpisodeID, PodcastID, Start_time, End_time, Last_Listened_Date) VALUES (87, 7, 7, 2251, 3509, TO_TIMESTAMP('2024-01-27 19:18:50', 'YYYY-MM-DD HH24:MI:SS'));
INSERT INTO S24_S003_T7_LISTENS_TO (UPID, EpisodeID, PodcastID, Start_time, End_time, Last_Listened_Date) VALUES (87, 9, 9, 270, 569, TO_TIMESTAMP('2024-01-13 13:09:46', 'YYYY-MM-DD HH24:MI:SS'));
INSERT INTO S24_S003_T7_LISTENS_TO (UPID, EpisodeID, PodcastID, Start_time, End_time, Last_Listened_Date) VALUES (88, 9, 9, 864, 889, TO_TIMESTAMP('2024-02-20 18:28:35', 'YYYY-MM-DD HH24:MI:SS'));
INSERT INTO S24_S003_T7_LISTENS_TO (UPID, EpisodeID, PodcastID, Start_time, End_time, Last_Listened_Date) VALUES (88, 5, 5, 1383, 1451, TO_TIMESTAMP('2024-02-21 20:58:21', 'YYYY-MM-DD HH24:MI:SS'));
INSERT INTO S24_S003_T7_LISTENS_TO (UPID, EpisodeID, PodcastID, Start_time, End_time, Last_Listened_Date) VALUES (89, 6, 6, 740, 1595, TO_TIMESTAMP('2024-01-06 14:29:38', 'YYYY-MM-DD HH24:MI:SS'));
INSERT INTO S24_S003_T7_LISTENS_TO (UPID, EpisodeID, PodcastID, Start_time, End_time, Last_Listened_Date) VALUES (89, 8, 8, 2114, 2287, TO_TIMESTAMP('2024-01-24 09:48:30', 'YYYY-MM-DD HH24:MI:SS'));
INSERT INTO S24_S003_T7_LISTENS_TO (UPID, EpisodeID, PodcastID, Start_time, End_time, Last_Listened_Date) VALUES (89, 7, 7, 1846, 1935, TO_TIMESTAMP('2024-03-06 10:08:40', 'YYYY-MM-DD HH24:MI:SS'));
INSERT INTO S24_S003_T7_LISTENS_TO (UPID, EpisodeID, PodcastID, Start_time, End_time, Last_Listened_Date) VALUES (90, 8, 8, 1032, 1303, TO_TIMESTAMP('2024-03-13 05:50:06', 'YYYY-MM-DD HH24:MI:SS'));
INSERT INTO S24_S003_T7_LISTENS_TO (UPID, EpisodeID, PodcastID, Start_time, End_time, Last_Listened_Date) VALUES (90, 2, 2, 2849, 3042, TO_TIMESTAMP('2024-02-20 09:38:58', 'YYYY-MM-DD HH24:MI:SS'));
INSERT INTO S24_S003_T7_LISTENS_TO (UPID, EpisodeID, PodcastID, Start_time, End_time, Last_Listened_Date) VALUES (91, 1, 1, 1676, 1731, TO_TIMESTAMP('2024-03-14 14:22:51', 'YYYY-MM-DD HH24:MI:SS'));
INSERT INTO S24_S003_T7_LISTENS_TO (UPID, EpisodeID, PodcastID, Start_time, End_time, Last_Listened_Date) VALUES (92, 4, 4, 478, 1100, TO_TIMESTAMP('2024-03-07 03:55:17', 'YYYY-MM-DD HH24:MI:SS'));
INSERT INTO S24_S003_T7_LISTENS_TO (UPID, EpisodeID, PodcastID, Start_time, End_time, Last_Listened_Date) VALUES (92, 1, 1, 631, 1569, TO_TIMESTAMP('2024-03-18 07:59:31', 'YYYY-MM-DD HH24:MI:SS'));
INSERT INTO S24_S003_T7_LISTENS_TO (UPID, EpisodeID, PodcastID, Start_time, End_time, Last_Listened_Date) VALUES (93, 8, 8, 1302, 1599, TO_TIMESTAMP('2024-02-19 21:30:46', 'YYYY-MM-DD HH24:MI:SS'));
INSERT INTO S24_S003_T7_LISTENS_TO (UPID, EpisodeID, PodcastID, Start_time, End_time, Last_Listened_Date) VALUES (94, 9, 9, 227, 283, TO_TIMESTAMP('2024-01-13 00:59:35', 'YYYY-MM-DD HH24:MI:SS'));
INSERT INTO S24_S003_T7_LISTENS_TO (UPID, EpisodeID, PodcastID, Start_time, End_time, Last_Listened_Date) VALUES (94, 10, 10, 970, 1092, TO_TIMESTAMP('2024-02-23 02:39:23', 'YYYY-MM-DD HH24:MI:SS'));
INSERT INTO S24_S003_T7_LISTENS_TO (UPID, EpisodeID, PodcastID, Start_time, End_time, Last_Listened_Date) VALUES (95, 10, 10, 1077, 1298, TO_TIMESTAMP('2024-01-15 21:52:06', 'YYYY-MM-DD HH24:MI:SS'));
INSERT INTO S24_S003_T7_LISTENS_TO (UPID, EpisodeID, PodcastID, Start_time, End_time, Last_Listened_Date) VALUES (96, 3, 3, 259, 527, TO_TIMESTAMP('2024-03-15 17:38:38', 'YYYY-MM-DD HH24:MI:SS'));
INSERT INTO S24_S003_T7_LISTENS_TO (UPID, EpisodeID, PodcastID, Start_time, End_time, Last_Listened_Date) VALUES (96, 2, 2, 951, 1989, TO_TIMESTAMP('2024-01-10 16:07:11', 'YYYY-MM-DD HH24:MI:SS'));
INSERT INTO S24_S003_T7_LISTENS_TO (UPID, EpisodeID, PodcastID, Start_time, End_time, Last_Listened_Date) VALUES (96, 1, 1, 1189, 1477, TO_TIMESTAMP('2024-01-12 23:04:01', 'YYYY-MM-DD HH24:MI:SS'));
INSERT INTO S24_S003_T7_LISTENS_TO (UPID, EpisodeID, PodcastID, Start_time, End_time, Last_Listened_Date) VALUES (97, 8, 8, 2299, 2349, TO_TIMESTAMP('2024-01-04 06:37:24', 'YYYY-MM-DD HH24:MI:SS'));
INSERT INTO S24_S003_T7_LISTENS_TO (UPID, EpisodeID, PodcastID, Start_time, End_time, Last_Listened_Date) VALUES (97, 9, 9, 760, 1099, TO_TIMESTAMP('2024-02-25 01:42:45', 'YYYY-MM-DD HH24:MI:SS'));
INSERT INTO S24_S003_T7_LISTENS_TO (UPID, EpisodeID, PodcastID, Start_time, End_time, Last_Listened_Date) VALUES (98, 8, 8, 858, 2162, TO_TIMESTAMP('2024-03-17 13:47:54', 'YYYY-MM-DD HH24:MI:SS'));
INSERT INTO S24_S003_T7_LISTENS_TO (UPID, EpisodeID, PodcastID, Start_time, End_time, Last_Listened_Date) VALUES (98, 6, 6, 449, 1024, TO_TIMESTAMP('2024-03-14 06:34:05', 'YYYY-MM-DD HH24:MI:SS'));
INSERT INTO S24_S003_T7_LISTENS_TO (UPID, EpisodeID, PodcastID, Start_time, End_time, Last_Listened_Date) VALUES (99, 6, 6, 321, 444, TO_TIMESTAMP('2024-02-18 02:49:56', 'YYYY-MM-DD HH24:MI:SS'));
INSERT INTO S24_S003_T7_LISTENS_TO (UPID, EpisodeID, PodcastID, Start_time, End_time, Last_Listened_Date) VALUES (99, 7, 7, 2878, 3257, TO_TIMESTAMP('2024-01-12 03:28:06', 'YYYY-MM-DD HH24:MI:SS'));
INSERT INTO S24_S003_T7_LISTENS_TO (UPID, EpisodeID, PodcastID, Start_time, End_time, Last_Listened_Date) VALUES (99, 9, 9, 690, 1072, TO_TIMESTAMP('2024-02-04 22:47:51', 'YYYY-MM-DD HH24:MI:SS'));
INSERT INTO S24_S003_T7_LISTENS_TO (UPID, EpisodeID, PodcastID, Start_time, End_time, Last_Listened_Date) VALUES (100, 3, 3, 1281, 2253, TO_TIMESTAMP('2024-01-13 11:01:13', 'YYYY-MM-DD HH24:MI:SS'));
INSERT INTO S24_S003_T7_LISTENS_TO (UPID, EpisodeID, PodcastID, Start_time, End_time, Last_Listened_Date) VALUES (100, 4, 4, 1015, 1151, TO_TIMESTAMP('2024-03-13 06:50:41', 'YYYY-MM-DD HH24:MI:SS'));
INSERT INTO S24_S003_T7_LISTENS_TO (UPID, EpisodeID, PodcastID, Start_time, End_time, Last_Listened_Date) VALUES (100, 6, 6, 782, 1594, TO_TIMESTAMP('2024-03-22 19:27:39', 'YYYY-MM-DD HH24:MI:SS'));

--SUBSCRIBES TO--
INSERT INTO S24_S003_T7_SUBSCRIBES_TO (UPID, PodcastID) VALUES (88, 36);
INSERT INTO S24_S003_T7_SUBSCRIBES_TO (UPID, PodcastID) VALUES (75, 51);
INSERT INTO S24_S003_T7_SUBSCRIBES_TO (UPID, PodcastID) VALUES (55, 11);
INSERT INTO S24_S003_T7_SUBSCRIBES_TO (UPID, PodcastID) VALUES (13, 42);
INSERT INTO S24_S003_T7_SUBSCRIBES_TO (UPID, PodcastID) VALUES (99, 45);
INSERT INTO S24_S003_T7_SUBSCRIBES_TO (UPID, PodcastID) VALUES (1, 49);
INSERT INTO S24_S003_T7_SUBSCRIBES_TO (UPID, PodcastID) VALUES (8, 9);
INSERT INTO S24_S003_T7_SUBSCRIBES_TO (UPID, PodcastID) VALUES (85, 9);
INSERT INTO S24_S003_T7_SUBSCRIBES_TO (UPID, PodcastID) VALUES (29, 41);
INSERT INTO S24_S003_T7_SUBSCRIBES_TO (UPID, PodcastID) VALUES (28, 21);
INSERT INTO S24_S003_T7_SUBSCRIBES_TO (UPID, PodcastID) VALUES (56, 37);
INSERT INTO S24_S003_T7_SUBSCRIBES_TO (UPID, PodcastID) VALUES (63, 43);
INSERT INTO S24_S003_T7_SUBSCRIBES_TO (UPID, PodcastID) VALUES (82, 1);
INSERT INTO S24_S003_T7_SUBSCRIBES_TO (UPID, PodcastID) VALUES (91, 25);
INSERT INTO S24_S003_T7_SUBSCRIBES_TO (UPID, PodcastID) VALUES (22, 44);
INSERT INTO S24_S003_T7_SUBSCRIBES_TO (UPID, PodcastID) VALUES (9, 35);
INSERT INTO S24_S003_T7_SUBSCRIBES_TO (UPID, PodcastID) VALUES (41, 42);
INSERT INTO S24_S003_T7_SUBSCRIBES_TO (UPID, PodcastID) VALUES (62, 28);
INSERT INTO S24_S003_T7_SUBSCRIBES_TO (UPID, PodcastID) VALUES (30, 2);
INSERT INTO S24_S003_T7_SUBSCRIBES_TO (UPID, PodcastID) VALUES (57, 50);
INSERT INTO S24_S003_T7_SUBSCRIBES_TO (UPID, PodcastID) VALUES (34, 30);
INSERT INTO S24_S003_T7_SUBSCRIBES_TO (UPID, PodcastID) VALUES (46, 4);
INSERT INTO S24_S003_T7_SUBSCRIBES_TO (UPID, PodcastID) VALUES (57, 13);
INSERT INTO S24_S003_T7_SUBSCRIBES_TO (UPID, PodcastID) VALUES (72, 59);
INSERT INTO S24_S003_T7_SUBSCRIBES_TO (UPID, PodcastID) VALUES (58, 51);
INSERT INTO S24_S003_T7_SUBSCRIBES_TO (UPID, PodcastID) VALUES (70, 50);
INSERT INTO S24_S003_T7_SUBSCRIBES_TO (UPID, PodcastID) VALUES (98, 32);
INSERT INTO S24_S003_T7_SUBSCRIBES_TO (UPID, PodcastID) VALUES (89, 8);
INSERT INTO S24_S003_T7_SUBSCRIBES_TO (UPID, PodcastID) VALUES (19, 4);
INSERT INTO S24_S003_T7_SUBSCRIBES_TO (UPID, PodcastID) VALUES (69, 17);
INSERT INTO S24_S003_T7_SUBSCRIBES_TO (UPID, PodcastID) VALUES (21, 32);
INSERT INTO S24_S003_T7_SUBSCRIBES_TO (UPID, PodcastID) VALUES (40, 45);
INSERT INTO S24_S003_T7_SUBSCRIBES_TO (UPID, PodcastID) VALUES (95, 45);
INSERT INTO S24_S003_T7_SUBSCRIBES_TO (UPID, PodcastID) VALUES (33, 6);
INSERT INTO S24_S003_T7_SUBSCRIBES_TO (UPID, PodcastID) VALUES (77, 39);
INSERT INTO S24_S003_T7_SUBSCRIBES_TO (UPID, PodcastID) VALUES (49, 2);
INSERT INTO S24_S003_T7_SUBSCRIBES_TO (UPID, PodcastID) VALUES (90, 3);
INSERT INTO S24_S003_T7_SUBSCRIBES_TO (UPID, PodcastID) VALUES (23, 47);
INSERT INTO S24_S003_T7_SUBSCRIBES_TO (UPID, PodcastID) VALUES (12, 56);
INSERT INTO S24_S003_T7_SUBSCRIBES_TO (UPID, PodcastID) VALUES (53, 57);
INSERT INTO S24_S003_T7_SUBSCRIBES_TO (UPID, PodcastID) VALUES (96, 37);
INSERT INTO S24_S003_T7_SUBSCRIBES_TO (UPID, PodcastID) VALUES (7, 14);
INSERT INTO S24_S003_T7_SUBSCRIBES_TO (UPID, PodcastID) VALUES (90, 39);
INSERT INTO S24_S003_T7_SUBSCRIBES_TO (UPID, PodcastID) VALUES (64, 20);
INSERT INTO S24_S003_T7_SUBSCRIBES_TO (UPID, PodcastID) VALUES (71, 44);
INSERT INTO S24_S003_T7_SUBSCRIBES_TO (UPID, PodcastID) VALUES (82, 44);
INSERT INTO S24_S003_T7_SUBSCRIBES_TO (UPID, PodcastID) VALUES (23, 22);
INSERT INTO S24_S003_T7_SUBSCRIBES_TO (UPID, PodcastID) VALUES (31, 44);
INSERT INTO S24_S003_T7_SUBSCRIBES_TO (UPID, PodcastID) VALUES (41, 21);
INSERT INTO S24_S003_T7_SUBSCRIBES_TO (UPID, PodcastID) VALUES (32, 18);
INSERT INTO S24_S003_T7_SUBSCRIBES_TO (UPID, PodcastID) VALUES (26, 11);
INSERT INTO S24_S003_T7_SUBSCRIBES_TO (UPID, PodcastID) VALUES (42, 29);
INSERT INTO S24_S003_T7_SUBSCRIBES_TO (UPID, PodcastID) VALUES (2, 20);
INSERT INTO S24_S003_T7_SUBSCRIBES_TO (UPID, PodcastID) VALUES (8, 36);
INSERT INTO S24_S003_T7_SUBSCRIBES_TO (UPID, PodcastID) VALUES (74, 45);
INSERT INTO S24_S003_T7_SUBSCRIBES_TO (UPID, PodcastID) VALUES (22, 7);
INSERT INTO S24_S003_T7_SUBSCRIBES_TO (UPID, PodcastID) VALUES (37, 14);
INSERT INTO S24_S003_T7_SUBSCRIBES_TO (UPID, PodcastID) VALUES (46, 56);
INSERT INTO S24_S003_T7_SUBSCRIBES_TO (UPID, PodcastID) VALUES (72, 47);
INSERT INTO S24_S003_T7_SUBSCRIBES_TO (UPID, PodcastID) VALUES (80, 39);
INSERT INTO S24_S003_T7_SUBSCRIBES_TO (UPID, PodcastID) VALUES (81, 4);
INSERT INTO S24_S003_T7_SUBSCRIBES_TO (UPID, PodcastID) VALUES (59, 47);
INSERT INTO S24_S003_T7_SUBSCRIBES_TO (UPID, PodcastID) VALUES (39, 7);
INSERT INTO S24_S003_T7_SUBSCRIBES_TO (UPID, PodcastID) VALUES (34, 57);
INSERT INTO S24_S003_T7_SUBSCRIBES_TO (UPID, PodcastID) VALUES (44, 37);
INSERT INTO S24_S003_T7_SUBSCRIBES_TO (UPID, PodcastID) VALUES (34, 2);
INSERT INTO S24_S003_T7_SUBSCRIBES_TO (UPID, PodcastID) VALUES (92, 53);
INSERT INTO S24_S003_T7_SUBSCRIBES_TO (UPID, PodcastID) VALUES (73, 27);
INSERT INTO S24_S003_T7_SUBSCRIBES_TO (UPID, PodcastID) VALUES (11, 43);
INSERT INTO S24_S003_T7_SUBSCRIBES_TO (UPID, PodcastID) VALUES (65, 53);
INSERT INTO S24_S003_T7_SUBSCRIBES_TO (UPID, PodcastID) VALUES (67, 26);
INSERT INTO S24_S003_T7_SUBSCRIBES_TO (UPID, PodcastID) VALUES (6, 49);
INSERT INTO S24_S003_T7_SUBSCRIBES_TO (UPID, PodcastID) VALUES (4, 40);
INSERT INTO S24_S003_T7_SUBSCRIBES_TO (UPID, PodcastID) VALUES (18, 57);
INSERT INTO S24_S003_T7_SUBSCRIBES_TO (UPID, PodcastID) VALUES (44, 21);
INSERT INTO S24_S003_T7_SUBSCRIBES_TO (UPID, PodcastID) VALUES (79, 9);
INSERT INTO S24_S003_T7_SUBSCRIBES_TO (UPID, PodcastID) VALUES (61, 37);
INSERT INTO S24_S003_T7_SUBSCRIBES_TO (UPID, PodcastID) VALUES (55, 60);
INSERT INTO S24_S003_T7_SUBSCRIBES_TO (UPID, PodcastID) VALUES (40, 8);
INSERT INTO S24_S003_T7_SUBSCRIBES_TO (UPID, PodcastID) VALUES (36, 56);
INSERT INTO S24_S003_T7_SUBSCRIBES_TO (UPID, PodcastID) VALUES (47, 56);
INSERT INTO S24_S003_T7_SUBSCRIBES_TO (UPID, PodcastID) VALUES (31, 5);
INSERT INTO S24_S003_T7_SUBSCRIBES_TO (UPID, PodcastID) VALUES (54, 16);
INSERT INTO S24_S003_T7_SUBSCRIBES_TO (UPID, PodcastID) VALUES (57, 42);
INSERT INTO S24_S003_T7_SUBSCRIBES_TO (UPID, PodcastID) VALUES (43, 52);
INSERT INTO S24_S003_T7_SUBSCRIBES_TO (UPID, PodcastID) VALUES (67, 28);
INSERT INTO S24_S003_T7_SUBSCRIBES_TO (UPID, PodcastID) VALUES (78, 46);
INSERT INTO S24_S003_T7_SUBSCRIBES_TO (UPID, PodcastID) VALUES (45, 43);
INSERT INTO S24_S003_T7_SUBSCRIBES_TO (UPID, PodcastID) VALUES (91, 40);
INSERT INTO S24_S003_T7_SUBSCRIBES_TO (UPID, PodcastID) VALUES (68, 35);
INSERT INTO S24_S003_T7_SUBSCRIBES_TO (UPID, PodcastID) VALUES (6, 26);
INSERT INTO S24_S003_T7_SUBSCRIBES_TO (UPID, PodcastID) VALUES (55, 10);
INSERT INTO S24_S003_T7_SUBSCRIBES_TO (UPID, PodcastID) VALUES (35, 41);
INSERT INTO S24_S003_T7_SUBSCRIBES_TO (UPID, PodcastID) VALUES (12, 21);
INSERT INTO S24_S003_T7_SUBSCRIBES_TO (UPID, PodcastID) VALUES (52, 2);
INSERT INTO S24_S003_T7_SUBSCRIBES_TO (UPID, PodcastID) VALUES (79, 50);
INSERT INTO S24_S003_T7_SUBSCRIBES_TO (UPID, PodcastID) VALUES (61, 14);
INSERT INTO S24_S003_T7_SUBSCRIBES_TO (UPID, PodcastID) VALUES (24, 59);
INSERT INTO S24_S003_T7_SUBSCRIBES_TO (UPID, PodcastID) VALUES (42, 28);
INSERT INTO S24_S003_T7_SUBSCRIBES_TO (UPID, PodcastID) VALUES (39, 59);
INSERT INTO S24_S003_T7_SUBSCRIBES_TO (UPID, PodcastID) VALUES (29, 12);
INSERT INTO S24_S003_T7_SUBSCRIBES_TO (UPID, PodcastID) VALUES (3, 57);
INSERT INTO S24_S003_T7_SUBSCRIBES_TO (UPID, PodcastID) VALUES (38, 24);
INSERT INTO S24_S003_T7_SUBSCRIBES_TO (UPID, PodcastID) VALUES (100, 8);
INSERT INTO S24_S003_T7_SUBSCRIBES_TO (UPID, PodcastID) VALUES (60, 54);
INSERT INTO S24_S003_T7_SUBSCRIBES_TO (UPID, PodcastID) VALUES (89, 5);
INSERT INTO S24_S003_T7_SUBSCRIBES_TO (UPID, PodcastID) VALUES (94, 1);
INSERT INTO S24_S003_T7_SUBSCRIBES_TO (UPID, PodcastID) VALUES (15, 31);
INSERT INTO S24_S003_T7_SUBSCRIBES_TO (UPID, PodcastID) VALUES (13, 34);
INSERT INTO S24_S003_T7_SUBSCRIBES_TO (UPID, PodcastID) VALUES (98, 10);
INSERT INTO S24_S003_T7_SUBSCRIBES_TO (UPID, PodcastID) VALUES (37, 25);
INSERT INTO S24_S003_T7_SUBSCRIBES_TO (UPID, PodcastID) VALUES (17, 22);
INSERT INTO S24_S003_T7_SUBSCRIBES_TO (UPID, PodcastID) VALUES (19, 19);
INSERT INTO S24_S003_T7_SUBSCRIBES_TO (UPID, PodcastID) VALUES (83, 22);
INSERT INTO S24_S003_T7_SUBSCRIBES_TO (UPID, PodcastID) VALUES (93, 23);
INSERT INTO S24_S003_T7_SUBSCRIBES_TO (UPID, PodcastID) VALUES (87, 10);
INSERT INTO S24_S003_T7_SUBSCRIBES_TO (UPID, PodcastID) VALUES (66, 42);
INSERT INTO S24_S003_T7_SUBSCRIBES_TO (UPID, PodcastID) VALUES (44, 48);
INSERT INTO S24_S003_T7_SUBSCRIBES_TO (UPID, PodcastID) VALUES (8, 58);
INSERT INTO S24_S003_T7_SUBSCRIBES_TO (UPID, PodcastID) VALUES (16, 41);
INSERT INTO S24_S003_T7_SUBSCRIBES_TO (UPID, PodcastID) VALUES (99, 57);
INSERT INTO S24_S003_T7_SUBSCRIBES_TO (UPID, PodcastID) VALUES (85, 3);
INSERT INTO S24_S003_T7_SUBSCRIBES_TO (UPID, PodcastID) VALUES (20, 41);
INSERT INTO S24_S003_T7_SUBSCRIBES_TO (UPID, PodcastID) VALUES (48, 11);
INSERT INTO S24_S003_T7_SUBSCRIBES_TO (UPID, PodcastID) VALUES (11, 26);
INSERT INTO S24_S003_T7_SUBSCRIBES_TO (UPID, PodcastID) VALUES (37, 45);
INSERT INTO S24_S003_T7_SUBSCRIBES_TO (UPID, PodcastID) VALUES (61, 48);
INSERT INTO S24_S003_T7_SUBSCRIBES_TO (UPID, PodcastID) VALUES (14, 6);
INSERT INTO S24_S003_T7_SUBSCRIBES_TO (UPID, PodcastID) VALUES (64, 10);
INSERT INTO S24_S003_T7_SUBSCRIBES_TO (UPID, PodcastID) VALUES (25, 55);
INSERT INTO S24_S003_T7_SUBSCRIBES_TO (UPID, PodcastID) VALUES (64, 46);
INSERT INTO S24_S003_T7_SUBSCRIBES_TO (UPID, PodcastID) VALUES (66, 10);
INSERT INTO S24_S003_T7_SUBSCRIBES_TO (UPID, PodcastID) VALUES (86, 43);
INSERT INTO S24_S003_T7_SUBSCRIBES_TO (UPID, PodcastID) VALUES (5, 33);
INSERT INTO S24_S003_T7_SUBSCRIBES_TO (UPID, PodcastID) VALUES (84, 55);
INSERT INTO S24_S003_T7_SUBSCRIBES_TO (UPID, PodcastID) VALUES (60, 33);
INSERT INTO S24_S003_T7_SUBSCRIBES_TO (UPID, PodcastID) VALUES (86, 6);
INSERT INTO S24_S003_T7_SUBSCRIBES_TO (UPID, PodcastID) VALUES (75, 40);
INSERT INTO S24_S003_T7_SUBSCRIBES_TO (UPID, PodcastID) VALUES (18, 15);
INSERT INTO S24_S003_T7_SUBSCRIBES_TO (UPID, PodcastID) VALUES (81, 28);
INSERT INTO S24_S003_T7_SUBSCRIBES_TO (UPID, PodcastID) VALUES (27, 2);
INSERT INTO S24_S003_T7_SUBSCRIBES_TO (UPID, PodcastID) VALUES (91, 5);
INSERT INTO S24_S003_T7_SUBSCRIBES_TO (UPID, PodcastID) VALUES (76, 50);
INSERT INTO S24_S003_T7_SUBSCRIBES_TO (UPID, PodcastID) VALUES (10, 59);
INSERT INTO S24_S003_T7_SUBSCRIBES_TO (UPID, PodcastID) VALUES (5, 8);
INSERT INTO S24_S003_T7_SUBSCRIBES_TO (UPID, PodcastID) VALUES (77, 33);
INSERT INTO S24_S003_T7_SUBSCRIBES_TO (UPID, PodcastID) VALUES (51, 23);
INSERT INTO S24_S003_T7_SUBSCRIBES_TO (UPID, PodcastID) VALUES (14, 38);
INSERT INTO S24_S003_T7_SUBSCRIBES_TO (UPID, PodcastID) VALUES (97, 8);


--DISPLAYS--
INSERT INTO S24_S003_T7_DISPLAYS (EpisodeID, PodcastID, AdID, AdvertiserID) VALUES (1, 1, 33, (SELECT ADVERTISERID FROM S24_S003_T7_ADS WHERE ADID = 33));
INSERT INTO S24_S003_T7_DISPLAYS (EpisodeID, PodcastID, AdID, AdvertiserID) VALUES (2, 2, 33, (SELECT ADVERTISERID FROM S24_S003_T7_ADS WHERE ADID = 33));
INSERT INTO S24_S003_T7_DISPLAYS (EpisodeID, PodcastID, AdID, AdvertiserID) VALUES (3, 3, 33, (SELECT ADVERTISERID FROM S24_S003_T7_ADS WHERE ADID = 33));
INSERT INTO S24_S003_T7_DISPLAYS (EpisodeID, PodcastID, AdID, AdvertiserID) VALUES (4, 4, 33, (SELECT ADVERTISERID FROM S24_S003_T7_ADS WHERE ADID = 33));
INSERT INTO S24_S003_T7_DISPLAYS (EpisodeID, PodcastID, AdID, AdvertiserID) VALUES (5, 5, 33, (SELECT ADVERTISERID FROM S24_S003_T7_ADS WHERE ADID = 33));
INSERT INTO S24_S003_T7_DISPLAYS (EpisodeID, PodcastID, AdID, AdvertiserID) VALUES (6, 6, 33, (SELECT ADVERTISERID FROM S24_S003_T7_ADS WHERE ADID = 33));
INSERT INTO S24_S003_T7_DISPLAYS (EpisodeID, PodcastID, AdID, AdvertiserID) VALUES (7, 7, 33, (SELECT ADVERTISERID FROM S24_S003_T7_ADS WHERE ADID = 33));
INSERT INTO S24_S003_T7_DISPLAYS (EpisodeID, PodcastID, AdID, AdvertiserID) VALUES (8, 8, 33, (SELECT ADVERTISERID FROM S24_S003_T7_ADS WHERE ADID = 33));
INSERT INTO S24_S003_T7_DISPLAYS (EpisodeID, PodcastID, AdID, AdvertiserID) VALUES (9, 9, 33, (SELECT ADVERTISERID FROM S24_S003_T7_ADS WHERE ADID = 33));
INSERT INTO S24_S003_T7_DISPLAYS (EpisodeID, PodcastID, AdID, AdvertiserID) VALUES (10, 10, 33, (SELECT ADVERTISERID FROM S24_S003_T7_ADS WHERE ADID = 33));
INSERT INTO S24_S003_T7_DISPLAYS (EpisodeID, PodcastID, AdID, AdvertiserID) VALUES (11, 11, 33, (SELECT ADVERTISERID FROM S24_S003_T7_ADS WHERE ADID = 33));
INSERT INTO S24_S003_T7_DISPLAYS (EpisodeID, PodcastID, AdID, AdvertiserID) VALUES (12, 12, 33, (SELECT ADVERTISERID FROM S24_S003_T7_ADS WHERE ADID = 33));
INSERT INTO S24_S003_T7_DISPLAYS (EpisodeID, PodcastID, AdID, AdvertiserID) VALUES (13, 13, 33, (SELECT ADVERTISERID FROM S24_S003_T7_ADS WHERE ADID = 33));
INSERT INTO S24_S003_T7_DISPLAYS (EpisodeID, PodcastID, AdID, AdvertiserID) VALUES (14, 14, 33, (SELECT ADVERTISERID FROM S24_S003_T7_ADS WHERE ADID = 33));
INSERT INTO S24_S003_T7_DISPLAYS (EpisodeID, PodcastID, AdID, AdvertiserID) VALUES (15, 15, 33, (SELECT ADVERTISERID FROM S24_S003_T7_ADS WHERE ADID = 33));
INSERT INTO S24_S003_T7_DISPLAYS (EpisodeID, PodcastID, AdID, AdvertiserID) VALUES (16, 16, 33, (SELECT ADVERTISERID FROM S24_S003_T7_ADS WHERE ADID = 33));
INSERT INTO S24_S003_T7_DISPLAYS (EpisodeID, PodcastID, AdID, AdvertiserID) VALUES (17, 17, 33, (SELECT ADVERTISERID FROM S24_S003_T7_ADS WHERE ADID = 33));
INSERT INTO S24_S003_T7_DISPLAYS (EpisodeID, PodcastID, AdID, AdvertiserID) VALUES (18, 18, 33, (SELECT ADVERTISERID FROM S24_S003_T7_ADS WHERE ADID = 33));
INSERT INTO S24_S003_T7_DISPLAYS (EpisodeID, PodcastID, AdID, AdvertiserID) VALUES (19, 19, 33, (SELECT ADVERTISERID FROM S24_S003_T7_ADS WHERE ADID = 33));
INSERT INTO S24_S003_T7_DISPLAYS (EpisodeID, PodcastID, AdID, AdvertiserID) VALUES (20, 20, 33, (SELECT ADVERTISERID FROM S24_S003_T7_ADS WHERE ADID = 33));
INSERT INTO S24_S003_T7_DISPLAYS (EpisodeID, PodcastID, AdID, AdvertiserID) VALUES (21, 21, 33, (SELECT ADVERTISERID FROM S24_S003_T7_ADS WHERE ADID = 33));
INSERT INTO S24_S003_T7_DISPLAYS (EpisodeID, PodcastID, AdID, AdvertiserID) VALUES (22, 22, 33, (SELECT ADVERTISERID FROM S24_S003_T7_ADS WHERE ADID = 33));
INSERT INTO S24_S003_T7_DISPLAYS (EpisodeID, PodcastID, AdID, AdvertiserID) VALUES (23, 23, 33, (SELECT ADVERTISERID FROM S24_S003_T7_ADS WHERE ADID = 33));
INSERT INTO S24_S003_T7_DISPLAYS (EpisodeID, PodcastID, AdID, AdvertiserID) VALUES (24, 24, 33, (SELECT ADVERTISERID FROM S24_S003_T7_ADS WHERE ADID = 33));
INSERT INTO S24_S003_T7_DISPLAYS (EpisodeID, PodcastID, AdID, AdvertiserID) VALUES (25, 25, 33, (SELECT ADVERTISERID FROM S24_S003_T7_ADS WHERE ADID = 33));
INSERT INTO S24_S003_T7_DISPLAYS (EpisodeID, PodcastID, AdID, AdvertiserID) VALUES (26, 26, 33, (SELECT ADVERTISERID FROM S24_S003_T7_ADS WHERE ADID = 33));
INSERT INTO S24_S003_T7_DISPLAYS (EpisodeID, PodcastID, AdID, AdvertiserID) VALUES (27, 27, 33, (SELECT ADVERTISERID FROM S24_S003_T7_ADS WHERE ADID = 33));
INSERT INTO S24_S003_T7_DISPLAYS (EpisodeID, PodcastID, AdID, AdvertiserID) VALUES (28, 28, 33, (SELECT ADVERTISERID FROM S24_S003_T7_ADS WHERE ADID = 33));
INSERT INTO S24_S003_T7_DISPLAYS (EpisodeID, PodcastID, AdID, AdvertiserID) VALUES (29, 29, 33, (SELECT ADVERTISERID FROM S24_S003_T7_ADS WHERE ADID = 33));
INSERT INTO S24_S003_T7_DISPLAYS (EpisodeID, PodcastID, AdID, AdvertiserID) VALUES (30, 30, 33, (SELECT ADVERTISERID FROM S24_S003_T7_ADS WHERE ADID = 33));
INSERT INTO S24_S003_T7_DISPLAYS (EpisodeID, PodcastID, AdID, AdvertiserID) VALUES (31, 31, 33, (SELECT ADVERTISERID FROM S24_S003_T7_ADS WHERE ADID = 33));
INSERT INTO S24_S003_T7_DISPLAYS (EpisodeID, PodcastID, AdID, AdvertiserID) VALUES (32, 32, 33, (SELECT ADVERTISERID FROM S24_S003_T7_ADS WHERE ADID = 33));
INSERT INTO S24_S003_T7_DISPLAYS (EpisodeID, PodcastID, AdID, AdvertiserID) VALUES (33, 33, 33, (SELECT ADVERTISERID FROM S24_S003_T7_ADS WHERE ADID = 33));
INSERT INTO S24_S003_T7_DISPLAYS (EpisodeID, PodcastID, AdID, AdvertiserID) VALUES (34, 34, 33, (SELECT ADVERTISERID FROM S24_S003_T7_ADS WHERE ADID = 33));
INSERT INTO S24_S003_T7_DISPLAYS (EpisodeID, PodcastID, AdID, AdvertiserID) VALUES (35, 35, 33, (SELECT ADVERTISERID FROM S24_S003_T7_ADS WHERE ADID = 33));
INSERT INTO S24_S003_T7_DISPLAYS (EpisodeID, PodcastID, AdID, AdvertiserID) VALUES (36, 36, 33, (SELECT ADVERTISERID FROM S24_S003_T7_ADS WHERE ADID = 33));
INSERT INTO S24_S003_T7_DISPLAYS (EpisodeID, PodcastID, AdID, AdvertiserID) VALUES (37, 37, 33, (SELECT ADVERTISERID FROM S24_S003_T7_ADS WHERE ADID = 33));
INSERT INTO S24_S003_T7_DISPLAYS (EpisodeID, PodcastID, AdID, AdvertiserID) VALUES (38, 38, 33, (SELECT ADVERTISERID FROM S24_S003_T7_ADS WHERE ADID = 33));
INSERT INTO S24_S003_T7_DISPLAYS (EpisodeID, PodcastID, AdID, AdvertiserID) VALUES (39, 39, 33, (SELECT ADVERTISERID FROM S24_S003_T7_ADS WHERE ADID = 33));
INSERT INTO S24_S003_T7_DISPLAYS (EpisodeID, PodcastID, AdID, AdvertiserID) VALUES (40, 40, 33, (SELECT ADVERTISERID FROM S24_S003_T7_ADS WHERE ADID = 33));
INSERT INTO S24_S003_T7_DISPLAYS (EpisodeID, PodcastID, AdID, AdvertiserID) VALUES (41, 41, 33, (SELECT ADVERTISERID FROM S24_S003_T7_ADS WHERE ADID = 33));
INSERT INTO S24_S003_T7_DISPLAYS (EpisodeID, PodcastID, AdID, AdvertiserID) VALUES (42, 42, 33, (SELECT ADVERTISERID FROM S24_S003_T7_ADS WHERE ADID = 33));
INSERT INTO S24_S003_T7_DISPLAYS (EpisodeID, PodcastID, AdID, AdvertiserID) VALUES (43, 43, 33, (SELECT ADVERTISERID FROM S24_S003_T7_ADS WHERE ADID = 33));
INSERT INTO S24_S003_T7_DISPLAYS (EpisodeID, PodcastID, AdID, AdvertiserID) VALUES (44, 44, 33, (SELECT ADVERTISERID FROM S24_S003_T7_ADS WHERE ADID = 33));
INSERT INTO S24_S003_T7_DISPLAYS (EpisodeID, PodcastID, AdID, AdvertiserID) VALUES (45, 45, 33, (SELECT ADVERTISERID FROM S24_S003_T7_ADS WHERE ADID = 33));
INSERT INTO S24_S003_T7_DISPLAYS (EpisodeID, PodcastID, AdID, AdvertiserID) VALUES (46, 46, 33, (SELECT ADVERTISERID FROM S24_S003_T7_ADS WHERE ADID = 33));
INSERT INTO S24_S003_T7_DISPLAYS (EpisodeID, PodcastID, AdID, AdvertiserID) VALUES (47, 47, 33, (SELECT ADVERTISERID FROM S24_S003_T7_ADS WHERE ADID = 33));
INSERT INTO S24_S003_T7_DISPLAYS (EpisodeID, PodcastID, AdID, AdvertiserID) VALUES (48, 48, 33, (SELECT ADVERTISERID FROM S24_S003_T7_ADS WHERE ADID = 33));
INSERT INTO S24_S003_T7_DISPLAYS (EpisodeID, PodcastID, AdID, AdvertiserID) VALUES (49, 49, 33, (SELECT ADVERTISERID FROM S24_S003_T7_ADS WHERE ADID = 33));
INSERT INTO S24_S003_T7_DISPLAYS (EpisodeID, PodcastID, AdID, AdvertiserID) VALUES (50, 50, 33, (SELECT ADVERTISERID FROM S24_S003_T7_ADS WHERE ADID = 33));
INSERT INTO S24_S003_T7_DISPLAYS (EpisodeID, PodcastID, AdID, AdvertiserID) VALUES (51, 51, 33, (SELECT ADVERTISERID FROM S24_S003_T7_ADS WHERE ADID = 33));
INSERT INTO S24_S003_T7_DISPLAYS (EpisodeID, PodcastID, AdID, AdvertiserID) VALUES (52, 52, 33, (SELECT ADVERTISERID FROM S24_S003_T7_ADS WHERE ADID = 33));
INSERT INTO S24_S003_T7_DISPLAYS (EpisodeID, PodcastID, AdID, AdvertiserID) VALUES (53, 53, 33, (SELECT ADVERTISERID FROM S24_S003_T7_ADS WHERE ADID = 33));
INSERT INTO S24_S003_T7_DISPLAYS (EpisodeID, PodcastID, AdID, AdvertiserID) VALUES (54, 54, 33, (SELECT ADVERTISERID FROM S24_S003_T7_ADS WHERE ADID = 33));
INSERT INTO S24_S003_T7_DISPLAYS (EpisodeID, PodcastID, AdID, AdvertiserID) VALUES (55, 55, 33, (SELECT ADVERTISERID FROM S24_S003_T7_ADS WHERE ADID = 33));
INSERT INTO S24_S003_T7_DISPLAYS (EpisodeID, PodcastID, AdID, AdvertiserID) VALUES (56, 56, 33, (SELECT ADVERTISERID FROM S24_S003_T7_ADS WHERE ADID = 33));
INSERT INTO S24_S003_T7_DISPLAYS (EpisodeID, PodcastID, AdID, AdvertiserID) VALUES (57, 57, 33, (SELECT ADVERTISERID FROM S24_S003_T7_ADS WHERE ADID = 33));
INSERT INTO S24_S003_T7_DISPLAYS (EpisodeID, PodcastID, AdID, AdvertiserID) VALUES (58, 58, 33, (SELECT ADVERTISERID FROM S24_S003_T7_ADS WHERE ADID = 33));
INSERT INTO S24_S003_T7_DISPLAYS (EpisodeID, PodcastID, AdID, AdvertiserID) VALUES (59, 59, 33, (SELECT ADVERTISERID FROM S24_S003_T7_ADS WHERE ADID = 33));
INSERT INTO S24_S003_T7_DISPLAYS (EpisodeID, PodcastID, AdID, AdvertiserID) VALUES (60, 60, 33, (SELECT ADVERTISERID FROM S24_S003_T7_ADS WHERE ADID = 33));
INSERT INTO S24_S003_T7_DISPLAYS (EpisodeID, PodcastID, AdID, AdvertiserID) VALUES (61, 51, 33, (SELECT ADVERTISERID FROM S24_S003_T7_ADS WHERE ADID = 33));
INSERT INTO S24_S003_T7_DISPLAYS (EpisodeID, PodcastID, AdID, AdvertiserID) VALUES (62, 52, 33, (SELECT ADVERTISERID FROM S24_S003_T7_ADS WHERE ADID = 33));
INSERT INTO S24_S003_T7_DISPLAYS (EpisodeID, PodcastID, AdID, AdvertiserID) VALUES (63, 53, 33, (SELECT ADVERTISERID FROM S24_S003_T7_ADS WHERE ADID = 33));
INSERT INTO S24_S003_T7_DISPLAYS (EpisodeID, PodcastID, AdID, AdvertiserID) VALUES (64, 54, 33, (SELECT ADVERTISERID FROM S24_S003_T7_ADS WHERE ADID = 33));
INSERT INTO S24_S003_T7_DISPLAYS (EpisodeID, PodcastID, AdID, AdvertiserID) VALUES (65, 55, 33, (SELECT ADVERTISERID FROM S24_S003_T7_ADS WHERE ADID = 33));
INSERT INTO S24_S003_T7_DISPLAYS (EpisodeID, PodcastID, AdID, AdvertiserID) VALUES (66, 56, 33, (SELECT ADVERTISERID FROM S24_S003_T7_ADS WHERE ADID = 33));
INSERT INTO S24_S003_T7_DISPLAYS (EpisodeID, PodcastID, AdID, AdvertiserID) VALUES (67, 57, 33, (SELECT ADVERTISERID FROM S24_S003_T7_ADS WHERE ADID = 33));
INSERT INTO S24_S003_T7_DISPLAYS (EpisodeID, PodcastID, AdID, AdvertiserID) VALUES (68, 58, 33, (SELECT ADVERTISERID FROM S24_S003_T7_ADS WHERE ADID = 33));
INSERT INTO S24_S003_T7_DISPLAYS (EpisodeID, PodcastID, AdID, AdvertiserID) VALUES (69, 59, 33, (SELECT ADVERTISERID FROM S24_S003_T7_ADS WHERE ADID = 33));
INSERT INTO S24_S003_T7_DISPLAYS (EpisodeID, PodcastID, AdID, AdvertiserID) VALUES (70, 60, 33, (SELECT ADVERTISERID FROM S24_S003_T7_ADS WHERE ADID = 33));
INSERT INTO S24_S003_T7_DISPLAYS (EpisodeID, PodcastID, AdID, AdvertiserID) VALUES (71, 51, 33, (SELECT ADVERTISERID FROM S24_S003_T7_ADS WHERE ADID = 33));
INSERT INTO S24_S003_T7_DISPLAYS (EpisodeID, PodcastID, AdID, AdvertiserID) VALUES (72, 52, 33, (SELECT ADVERTISERID FROM S24_S003_T7_ADS WHERE ADID = 33));
INSERT INTO S24_S003_T7_DISPLAYS (EpisodeID, PodcastID, AdID, AdvertiserID) VALUES (73, 53, 33, (SELECT ADVERTISERID FROM S24_S003_T7_ADS WHERE ADID = 33));
INSERT INTO S24_S003_T7_DISPLAYS (EpisodeID, PodcastID, AdID, AdvertiserID) VALUES (74, 54, 33, (SELECT ADVERTISERID FROM S24_S003_T7_ADS WHERE ADID = 33));
INSERT INTO S24_S003_T7_DISPLAYS (EpisodeID, PodcastID, AdID, AdvertiserID) VALUES (75, 55, 33, (SELECT ADVERTISERID FROM S24_S003_T7_ADS WHERE ADID = 33));
INSERT INTO S24_S003_T7_DISPLAYS (EpisodeID, PodcastID, AdID, AdvertiserID) VALUES (76, 56, 33, (SELECT ADVERTISERID FROM S24_S003_T7_ADS WHERE ADID = 33));
INSERT INTO S24_S003_T7_DISPLAYS (EpisodeID, PodcastID, AdID, AdvertiserID) VALUES (77, 57, 33, (SELECT ADVERTISERID FROM S24_S003_T7_ADS WHERE ADID = 33));
INSERT INTO S24_S003_T7_DISPLAYS (EpisodeID, PodcastID, AdID, AdvertiserID) VALUES (78, 58, 33, (SELECT ADVERTISERID FROM S24_S003_T7_ADS WHERE ADID = 33));
INSERT INTO S24_S003_T7_DISPLAYS (EpisodeID, PodcastID, AdID, AdvertiserID) VALUES (79, 59, 33, (SELECT ADVERTISERID FROM S24_S003_T7_ADS WHERE ADID = 33));
INSERT INTO S24_S003_T7_DISPLAYS (EpisodeID, PodcastID, AdID, AdvertiserID) VALUES (80, 60, 33, (SELECT ADVERTISERID FROM S24_S003_T7_ADS WHERE ADID = 33));
INSERT INTO S24_S003_T7_DISPLAYS (EpisodeID, PodcastID, AdID, AdvertiserID) VALUES (81, 52, 33, (SELECT ADVERTISERID FROM S24_S003_T7_ADS WHERE ADID = 33));
INSERT INTO S24_S003_T7_DISPLAYS (EpisodeID, PodcastID, AdID, AdvertiserID) VALUES (82, 53, 33, (SELECT ADVERTISERID FROM S24_S003_T7_ADS WHERE ADID = 33));
INSERT INTO S24_S003_T7_DISPLAYS (EpisodeID, PodcastID, AdID, AdvertiserID) VALUES (83, 54, 33, (SELECT ADVERTISERID FROM S24_S003_T7_ADS WHERE ADID = 33));
INSERT INTO S24_S003_T7_DISPLAYS (EpisodeID, PodcastID, AdID, AdvertiserID) VALUES (84, 55, 33, (SELECT ADVERTISERID FROM S24_S003_T7_ADS WHERE ADID = 33));
INSERT INTO S24_S003_T7_DISPLAYS (EpisodeID, PodcastID, AdID, AdvertiserID) VALUES (85, 56, 33, (SELECT ADVERTISERID FROM S24_S003_T7_ADS WHERE ADID = 33));
INSERT INTO S24_S003_T7_DISPLAYS (EpisodeID, PodcastID, AdID, AdvertiserID) VALUES (86, 57, 33, (SELECT ADVERTISERID FROM S24_S003_T7_ADS WHERE ADID = 33));
INSERT INTO S24_S003_T7_DISPLAYS (EpisodeID, PodcastID, AdID, AdvertiserID) VALUES (87, 58, 33, (SELECT ADVERTISERID FROM S24_S003_T7_ADS WHERE ADID = 33));
INSERT INTO S24_S003_T7_DISPLAYS (EpisodeID, PodcastID, AdID, AdvertiserID) VALUES (88, 59, 33, (SELECT ADVERTISERID FROM S24_S003_T7_ADS WHERE ADID = 33));
INSERT INTO S24_S003_T7_DISPLAYS (EpisodeID, PodcastID, AdID, AdvertiserID) VALUES (89, 60, 33, (SELECT ADVERTISERID FROM S24_S003_T7_ADS WHERE ADID = 33));
INSERT INTO S24_S003_T7_DISPLAYS (EpisodeID, PodcastID, AdID, AdvertiserID) VALUES (90, 52, 33, (SELECT ADVERTISERID FROM S24_S003_T7_ADS WHERE ADID = 33));
INSERT INTO S24_S003_T7_DISPLAYS (EpisodeID, PodcastID, AdID, AdvertiserID) VALUES (91, 53, 33, (SELECT ADVERTISERID FROM S24_S003_T7_ADS WHERE ADID = 33));
INSERT INTO S24_S003_T7_DISPLAYS (EpisodeID, PodcastID, AdID, AdvertiserID) VALUES (92, 54, 33, (SELECT ADVERTISERID FROM S24_S003_T7_ADS WHERE ADID = 33));
INSERT INTO S24_S003_T7_DISPLAYS (EpisodeID, PodcastID, AdID, AdvertiserID) VALUES (93, 55, 33, (SELECT ADVERTISERID FROM S24_S003_T7_ADS WHERE ADID = 33));
INSERT INTO S24_S003_T7_DISPLAYS (EpisodeID, PodcastID, AdID, AdvertiserID) VALUES (94, 56, 33, (SELECT ADVERTISERID FROM S24_S003_T7_ADS WHERE ADID = 33));
INSERT INTO S24_S003_T7_DISPLAYS (EpisodeID, PodcastID, AdID, AdvertiserID) VALUES (95, 57, 33, (SELECT ADVERTISERID FROM S24_S003_T7_ADS WHERE ADID = 33));
INSERT INTO S24_S003_T7_DISPLAYS (EpisodeID, PodcastID, AdID, AdvertiserID) VALUES (96, 58, 33, (SELECT ADVERTISERID FROM S24_S003_T7_ADS WHERE ADID = 33));
INSERT INTO S24_S003_T7_DISPLAYS (EpisodeID, PodcastID, AdID, AdvertiserID) VALUES (97, 59, 33, (SELECT ADVERTISERID FROM S24_S003_T7_ADS WHERE ADID = 33));
INSERT INTO S24_S003_T7_DISPLAYS (EpisodeID, PodcastID, AdID, AdvertiserID) VALUES (98, 60, 33, (SELECT ADVERTISERID FROM S24_S003_T7_ADS WHERE ADID = 33));
INSERT INTO S24_S003_T7_DISPLAYS (EpisodeID, PodcastID, AdID, AdvertiserID) VALUES (99, 52, 33, (SELECT ADVERTISERID FROM S24_S003_T7_ADS WHERE ADID = 33));
INSERT INTO S24_S003_T7_DISPLAYS (EpisodeID, PodcastID, AdID, AdvertiserID) VALUES (100, 53, 33, (SELECT ADVERTISERID FROM S24_S003_T7_ADS WHERE ADID = 33));
INSERT INTO S24_S003_T7_DISPLAYS (EpisodeID, PodcastID, AdID, AdvertiserID) VALUES (101, 54, 33, (SELECT ADVERTISERID FROM S24_S003_T7_ADS WHERE ADID = 33));
INSERT INTO S24_S003_T7_DISPLAYS (EpisodeID, PodcastID, AdID, AdvertiserID) VALUES (102, 55, 33, (SELECT ADVERTISERID FROM S24_S003_T7_ADS WHERE ADID = 33));
INSERT INTO S24_S003_T7_DISPLAYS (EpisodeID, PodcastID, AdID, AdvertiserID) VALUES (103, 56, 33, (SELECT ADVERTISERID FROM S24_S003_T7_ADS WHERE ADID = 33));
INSERT INTO S24_S003_T7_DISPLAYS (EpisodeID, PodcastID, AdID, AdvertiserID) VALUES (104, 57, 33, (SELECT ADVERTISERID FROM S24_S003_T7_ADS WHERE ADID = 33));
INSERT INTO S24_S003_T7_DISPLAYS (EpisodeID, PodcastID, AdID, AdvertiserID) VALUES (105, 58, 33, (SELECT ADVERTISERID FROM S24_S003_T7_ADS WHERE ADID = 33));
INSERT INTO S24_S003_T7_DISPLAYS (EpisodeID, PodcastID, AdID, AdvertiserID) VALUES (106, 59, 33, (SELECT ADVERTISERID FROM S24_S003_T7_ADS WHERE ADID = 33));
INSERT INTO S24_S003_T7_DISPLAYS (EpisodeID, PodcastID, AdID, AdvertiserID) VALUES (107, 60, 33, (SELECT ADVERTISERID FROM S24_S003_T7_ADS WHERE ADID = 33));
INSERT INTO S24_S003_T7_DISPLAYS (EpisodeID, PodcastID, AdID, AdvertiserID) VALUES (108, 52, 33, (SELECT ADVERTISERID FROM S24_S003_T7_ADS WHERE ADID = 33));
INSERT INTO S24_S003_T7_DISPLAYS (EpisodeID, PodcastID, AdID, AdvertiserID) VALUES (109, 53, 33, (SELECT ADVERTISERID FROM S24_S003_T7_ADS WHERE ADID = 33));
INSERT INTO S24_S003_T7_DISPLAYS (EpisodeID, PodcastID, AdID, AdvertiserID) VALUES (110, 54, 33, (SELECT ADVERTISERID FROM S24_S003_T7_ADS WHERE ADID = 33));
INSERT INTO S24_S003_T7_DISPLAYS (EpisodeID, PodcastID, AdID, AdvertiserID) VALUES (111, 55, 33, (SELECT ADVERTISERID FROM S24_S003_T7_ADS WHERE ADID = 33));
INSERT INTO S24_S003_T7_DISPLAYS (EpisodeID, PodcastID, AdID, AdvertiserID) VALUES (112, 56, 33, (SELECT ADVERTISERID FROM S24_S003_T7_ADS WHERE ADID = 33));
INSERT INTO S24_S003_T7_DISPLAYS (EpisodeID, PodcastID, AdID, AdvertiserID) VALUES (113, 57, 33, (SELECT ADVERTISERID FROM S24_S003_T7_ADS WHERE ADID = 33));
INSERT INTO S24_S003_T7_DISPLAYS (EpisodeID, PodcastID, AdID, AdvertiserID) VALUES (114, 58, 33, (SELECT ADVERTISERID FROM S24_S003_T7_ADS WHERE ADID = 33));
INSERT INTO S24_S003_T7_DISPLAYS (EpisodeID, PodcastID, AdID, AdvertiserID) VALUES (115, 59, 33, (SELECT ADVERTISERID FROM S24_S003_T7_ADS WHERE ADID = 33));
INSERT INTO S24_S003_T7_DISPLAYS (EpisodeID, PodcastID, AdID, AdvertiserID) VALUES (116, 60, 33, (SELECT ADVERTISERID FROM S24_S003_T7_ADS WHERE ADID = 33));
INSERT INTO S24_S003_T7_DISPLAYS (EpisodeID, PodcastID, AdID, AdvertiserID) VALUES (117, 52, 33, (SELECT ADVERTISERID FROM S24_S003_T7_ADS WHERE ADID = 33));
INSERT INTO S24_S003_T7_DISPLAYS (EpisodeID, PodcastID, AdID, AdvertiserID) VALUES (118, 53, 33, (SELECT ADVERTISERID FROM S24_S003_T7_ADS WHERE ADID = 33));
INSERT INTO S24_S003_T7_DISPLAYS (EpisodeID, PodcastID, AdID, AdvertiserID) VALUES (119, 54, 33, (SELECT ADVERTISERID FROM S24_S003_T7_ADS WHERE ADID = 33));
INSERT INTO S24_S003_T7_DISPLAYS (EpisodeID, PodcastID, AdID, AdvertiserID) VALUES (120, 55, 33, (SELECT ADVERTISERID FROM S24_S003_T7_ADS WHERE ADID = 33));
INSERT INTO S24_S003_T7_DISPLAYS (EpisodeID, PodcastID, AdID, AdvertiserID) VALUES (101, (SELECT PODCASTID FROM S24_S003_T7_EPISODE WHERE EpisodeID = 101), 39, (SELECT ADVERTISERID FROM S24_S003_T7_ADS WHERE ADID = 39));
INSERT INTO S24_S003_T7_DISPLAYS (EpisodeID, PodcastID, AdID, AdvertiserID) VALUES (70, (SELECT PODCASTID FROM S24_S003_T7_EPISODE WHERE EpisodeID = 70), 39, (SELECT ADVERTISERID FROM S24_S003_T7_ADS WHERE ADID = 39));
INSERT INTO S24_S003_T7_DISPLAYS (EpisodeID, PodcastID, AdID, AdvertiserID) VALUES (15, (SELECT PODCASTID FROM S24_S003_T7_EPISODE WHERE EpisodeID = 15), 44, (SELECT ADVERTISERID FROM S24_S003_T7_ADS WHERE ADID = 44));
INSERT INTO S24_S003_T7_DISPLAYS (EpisodeID, PodcastID, AdID, AdvertiserID) VALUES (39, (SELECT PODCASTID FROM S24_S003_T7_EPISODE WHERE EpisodeID = 39), 35, (SELECT ADVERTISERID FROM S24_S003_T7_ADS WHERE ADID = 35));
INSERT INTO S24_S003_T7_DISPLAYS (EpisodeID, PodcastID, AdID, AdvertiserID) VALUES (48, (SELECT PODCASTID FROM S24_S003_T7_EPISODE WHERE EpisodeID = 48), 46, (SELECT ADVERTISERID FROM S24_S003_T7_ADS WHERE ADID = 46));
INSERT INTO S24_S003_T7_DISPLAYS (EpisodeID, PodcastID, AdID, AdvertiserID) VALUES (97, (SELECT PODCASTID FROM S24_S003_T7_EPISODE WHERE EpisodeID = 97), 12, (SELECT ADVERTISERID FROM S24_S003_T7_ADS WHERE ADID = 12));
INSERT INTO S24_S003_T7_DISPLAYS (EpisodeID, PodcastID, AdID, AdvertiserID) VALUES (32, (SELECT PODCASTID FROM S24_S003_T7_EPISODE WHERE EpisodeID = 32), 11, (SELECT ADVERTISERID FROM S24_S003_T7_ADS WHERE ADID = 11));
INSERT INTO S24_S003_T7_DISPLAYS (EpisodeID, PodcastID, AdID, AdvertiserID) VALUES (33, (SELECT PODCASTID FROM S24_S003_T7_EPISODE WHERE EpisodeID = 33), 7, (SELECT ADVERTISERID FROM S24_S003_T7_ADS WHERE ADID = 7));
INSERT INTO S24_S003_T7_DISPLAYS (EpisodeID, PodcastID, AdID, AdvertiserID) VALUES (79, (SELECT PODCASTID FROM S24_S003_T7_EPISODE WHERE EpisodeID = 79), 2, (SELECT ADVERTISERID FROM S24_S003_T7_ADS WHERE ADID = 2));
INSERT INTO S24_S003_T7_DISPLAYS (EpisodeID, PodcastID, AdID, AdvertiserID) VALUES (37, (SELECT PODCASTID FROM S24_S003_T7_EPISODE WHERE EpisodeID = 37), 48, (SELECT ADVERTISERID FROM S24_S003_T7_ADS WHERE ADID = 48));
INSERT INTO S24_S003_T7_DISPLAYS (EpisodeID, PodcastID, AdID, AdvertiserID) VALUES (22, (SELECT PODCASTID FROM S24_S003_T7_EPISODE WHERE EpisodeID = 22), 50, (SELECT ADVERTISERID FROM S24_S003_T7_ADS WHERE ADID = 50));
INSERT INTO S24_S003_T7_DISPLAYS (EpisodeID, PodcastID, AdID, AdvertiserID) VALUES (52, (SELECT PODCASTID FROM S24_S003_T7_EPISODE WHERE EpisodeID = 52), 54, (SELECT ADVERTISERID FROM S24_S003_T7_ADS WHERE ADID = 54));
INSERT INTO S24_S003_T7_DISPLAYS (EpisodeID, PodcastID, AdID, AdvertiserID) VALUES (81, (SELECT PODCASTID FROM S24_S003_T7_EPISODE WHERE EpisodeID = 81), 10, (SELECT ADVERTISERID FROM S24_S003_T7_ADS WHERE ADID = 10));
INSERT INTO S24_S003_T7_DISPLAYS (EpisodeID, PodcastID, AdID, AdvertiserID) VALUES (38, (SELECT PODCASTID FROM S24_S003_T7_EPISODE WHERE EpisodeID = 38), 10, (SELECT ADVERTISERID FROM S24_S003_T7_ADS WHERE ADID = 10));
INSERT INTO S24_S003_T7_DISPLAYS (EpisodeID, PodcastID, AdID, AdvertiserID) VALUES (29, (SELECT PODCASTID FROM S24_S003_T7_EPISODE WHERE EpisodeID = 29), 44, (SELECT ADVERTISERID FROM S24_S003_T7_ADS WHERE ADID = 44));
INSERT INTO S24_S003_T7_DISPLAYS (EpisodeID, PodcastID, AdID, AdvertiserID) VALUES (67, (SELECT PODCASTID FROM S24_S003_T7_EPISODE WHERE EpisodeID = 67), 35, (SELECT ADVERTISERID FROM S24_S003_T7_ADS WHERE ADID = 35));
INSERT INTO S24_S003_T7_DISPLAYS (EpisodeID, PodcastID, AdID, AdvertiserID) VALUES (81, (SELECT PODCASTID FROM S24_S003_T7_EPISODE WHERE EpisodeID = 81), 25, (SELECT ADVERTISERID FROM S24_S003_T7_ADS WHERE ADID = 25));
INSERT INTO S24_S003_T7_DISPLAYS (EpisodeID, PodcastID, AdID, AdvertiserID) VALUES (105, (SELECT PODCASTID FROM S24_S003_T7_EPISODE WHERE EpisodeID = 105), 17, (SELECT ADVERTISERID FROM S24_S003_T7_ADS WHERE ADID = 17));
INSERT INTO S24_S003_T7_DISPLAYS (EpisodeID, PodcastID, AdID, AdvertiserID) VALUES (102, (SELECT PODCASTID FROM S24_S003_T7_EPISODE WHERE EpisodeID = 102), 55, (SELECT ADVERTISERID FROM S24_S003_T7_ADS WHERE ADID = 55));
INSERT INTO S24_S003_T7_DISPLAYS (EpisodeID, PodcastID, AdID, AdvertiserID) VALUES (59, (SELECT PODCASTID FROM S24_S003_T7_EPISODE WHERE EpisodeID = 59), 14, (SELECT ADVERTISERID FROM S24_S003_T7_ADS WHERE ADID = 14));
INSERT INTO S24_S003_T7_DISPLAYS (EpisodeID, PodcastID, AdID, AdvertiserID) VALUES (55, (SELECT PODCASTID FROM S24_S003_T7_EPISODE WHERE EpisodeID = 55), 24, (SELECT ADVERTISERID FROM S24_S003_T7_ADS WHERE ADID = 24));
INSERT INTO S24_S003_T7_DISPLAYS (EpisodeID, PodcastID, AdID, AdvertiserID) VALUES (113, (SELECT PODCASTID FROM S24_S003_T7_EPISODE WHERE EpisodeID = 113), 18, (SELECT ADVERTISERID FROM S24_S003_T7_ADS WHERE ADID = 18));
INSERT INTO S24_S003_T7_DISPLAYS (EpisodeID, PodcastID, AdID, AdvertiserID) VALUES (59, (SELECT PODCASTID FROM S24_S003_T7_EPISODE WHERE EpisodeID = 59), 22, (SELECT ADVERTISERID FROM S24_S003_T7_ADS WHERE ADID = 22));
INSERT INTO S24_S003_T7_DISPLAYS (EpisodeID, PodcastID, AdID, AdvertiserID) VALUES (75, (SELECT PODCASTID FROM S24_S003_T7_EPISODE WHERE EpisodeID = 75), 8, (SELECT ADVERTISERID FROM S24_S003_T7_ADS WHERE ADID = 8));
INSERT INTO S24_S003_T7_DISPLAYS (EpisodeID, PodcastID, AdID, AdvertiserID) VALUES (116, (SELECT PODCASTID FROM S24_S003_T7_EPISODE WHERE EpisodeID = 116), 36, (SELECT ADVERTISERID FROM S24_S003_T7_ADS WHERE ADID = 36));
INSERT INTO S24_S003_T7_DISPLAYS (EpisodeID, PodcastID, AdID, AdvertiserID) VALUES (116, (SELECT PODCASTID FROM S24_S003_T7_EPISODE WHERE EpisodeID = 116), 29, (SELECT ADVERTISERID FROM S24_S003_T7_ADS WHERE ADID = 29));
INSERT INTO S24_S003_T7_DISPLAYS (EpisodeID, PodcastID, AdID, AdvertiserID) VALUES (6, (SELECT PODCASTID FROM S24_S003_T7_EPISODE WHERE EpisodeID = 6), 7, (SELECT ADVERTISERID FROM S24_S003_T7_ADS WHERE ADID = 7));
INSERT INTO S24_S003_T7_DISPLAYS (EpisodeID, PodcastID, AdID, AdvertiserID) VALUES (118, (SELECT PODCASTID FROM S24_S003_T7_EPISODE WHERE EpisodeID = 118), 1, (SELECT ADVERTISERID FROM S24_S003_T7_ADS WHERE ADID = 1));
INSERT INTO S24_S003_T7_DISPLAYS (EpisodeID, PodcastID, AdID, AdvertiserID) VALUES (25, (SELECT PODCASTID FROM S24_S003_T7_EPISODE WHERE EpisodeID = 25), 18, (SELECT ADVERTISERID FROM S24_S003_T7_ADS WHERE ADID = 18));
INSERT INTO S24_S003_T7_DISPLAYS (EpisodeID, PodcastID, AdID, AdvertiserID) VALUES (40, (SELECT PODCASTID FROM S24_S003_T7_EPISODE WHERE EpisodeID = 40), 2, (SELECT ADVERTISERID FROM S24_S003_T7_ADS WHERE ADID = 2));
INSERT INTO S24_S003_T7_DISPLAYS (EpisodeID, PodcastID, AdID, AdvertiserID) VALUES (56, (SELECT PODCASTID FROM S24_S003_T7_EPISODE WHERE EpisodeID = 56), 53, (SELECT ADVERTISERID FROM S24_S003_T7_ADS WHERE ADID = 53));
INSERT INTO S24_S003_T7_DISPLAYS (EpisodeID, PodcastID, AdID, AdvertiserID) VALUES (59, (SELECT PODCASTID FROM S24_S003_T7_EPISODE WHERE EpisodeID = 59), 58, (SELECT ADVERTISERID FROM S24_S003_T7_ADS WHERE ADID = 58));
INSERT INTO S24_S003_T7_DISPLAYS (EpisodeID, PodcastID, AdID, AdvertiserID) VALUES (103, (SELECT PODCASTID FROM S24_S003_T7_EPISODE WHERE EpisodeID = 103), 21, (SELECT ADVERTISERID FROM S24_S003_T7_ADS WHERE ADID = 21));
INSERT INTO S24_S003_T7_DISPLAYS (EpisodeID, PodcastID, AdID, AdvertiserID) VALUES (76, (SELECT PODCASTID FROM S24_S003_T7_EPISODE WHERE EpisodeID = 76), 32, (SELECT ADVERTISERID FROM S24_S003_T7_ADS WHERE ADID = 32));
INSERT INTO S24_S003_T7_DISPLAYS (EpisodeID, PodcastID, AdID, AdvertiserID) VALUES (84, (SELECT PODCASTID FROM S24_S003_T7_EPISODE WHERE EpisodeID = 84), 19, (SELECT ADVERTISERID FROM S24_S003_T7_ADS WHERE ADID = 19));
INSERT INTO S24_S003_T7_DISPLAYS (EpisodeID, PodcastID, AdID, AdvertiserID) VALUES (17, (SELECT PODCASTID FROM S24_S003_T7_EPISODE WHERE EpisodeID = 17), 37, (SELECT ADVERTISERID FROM S24_S003_T7_ADS WHERE ADID = 37));
INSERT INTO S24_S003_T7_DISPLAYS (EpisodeID, PodcastID, AdID, AdvertiserID) VALUES (13, (SELECT PODCASTID FROM S24_S003_T7_EPISODE WHERE EpisodeID = 13), 9, (SELECT ADVERTISERID FROM S24_S003_T7_ADS WHERE ADID = 9));
INSERT INTO S24_S003_T7_DISPLAYS (EpisodeID, PodcastID, AdID, AdvertiserID) VALUES (45, (SELECT PODCASTID FROM S24_S003_T7_EPISODE WHERE EpisodeID = 45), 39, (SELECT ADVERTISERID FROM S24_S003_T7_ADS WHERE ADID = 39));
INSERT INTO S24_S003_T7_DISPLAYS (EpisodeID, PodcastID, AdID, AdvertiserID) VALUES (78, (SELECT PODCASTID FROM S24_S003_T7_EPISODE WHERE EpisodeID = 78), 8, (SELECT ADVERTISERID FROM S24_S003_T7_ADS WHERE ADID = 8));
INSERT INTO S24_S003_T7_DISPLAYS (EpisodeID, PodcastID, AdID, AdvertiserID) VALUES (108, (SELECT PODCASTID FROM S24_S003_T7_EPISODE WHERE EpisodeID = 108), 40, (SELECT ADVERTISERID FROM S24_S003_T7_ADS WHERE ADID = 40));
INSERT INTO S24_S003_T7_DISPLAYS (EpisodeID, PodcastID, AdID, AdvertiserID) VALUES (49, (SELECT PODCASTID FROM S24_S003_T7_EPISODE WHERE EpisodeID = 49), 26, (SELECT ADVERTISERID FROM S24_S003_T7_ADS WHERE ADID = 26));
INSERT INTO S24_S003_T7_DISPLAYS (EpisodeID, PodcastID, AdID, AdvertiserID) VALUES (118, (SELECT PODCASTID FROM S24_S003_T7_EPISODE WHERE EpisodeID = 118), 5, (SELECT ADVERTISERID FROM S24_S003_T7_ADS WHERE ADID = 5));
INSERT INTO S24_S003_T7_DISPLAYS (EpisodeID, PodcastID, AdID, AdvertiserID) VALUES (78, (SELECT PODCASTID FROM S24_S003_T7_EPISODE WHERE EpisodeID = 78), 51, (SELECT ADVERTISERID FROM S24_S003_T7_ADS WHERE ADID = 51));
INSERT INTO S24_S003_T7_DISPLAYS (EpisodeID, PodcastID, AdID, AdvertiserID) VALUES (26, (SELECT PODCASTID FROM S24_S003_T7_EPISODE WHERE EpisodeID = 26), 25, (SELECT ADVERTISERID FROM S24_S003_T7_ADS WHERE ADID = 25));
INSERT INTO S24_S003_T7_DISPLAYS (EpisodeID, PodcastID, AdID, AdvertiserID) VALUES (98, (SELECT PODCASTID FROM S24_S003_T7_EPISODE WHERE EpisodeID = 98), 55, (SELECT ADVERTISERID FROM S24_S003_T7_ADS WHERE ADID = 55));
INSERT INTO S24_S003_T7_DISPLAYS (EpisodeID, PodcastID, AdID, AdvertiserID) VALUES (73, (SELECT PODCASTID FROM S24_S003_T7_EPISODE WHERE EpisodeID = 73), 2, (SELECT ADVERTISERID FROM S24_S003_T7_ADS WHERE ADID = 2));
INSERT INTO S24_S003_T7_DISPLAYS (EpisodeID, PodcastID, AdID, AdvertiserID) VALUES (117, (SELECT PODCASTID FROM S24_S003_T7_EPISODE WHERE EpisodeID = 117), 4, (SELECT ADVERTISERID FROM S24_S003_T7_ADS WHERE ADID = 4));
INSERT INTO S24_S003_T7_DISPLAYS (EpisodeID, PodcastID, AdID, AdvertiserID) VALUES (57, (SELECT PODCASTID FROM S24_S003_T7_EPISODE WHERE EpisodeID = 57), 10, (SELECT ADVERTISERID FROM S24_S003_T7_ADS WHERE ADID = 10));
INSERT INTO S24_S003_T7_DISPLAYS (EpisodeID, PodcastID, AdID, AdvertiserID) VALUES (63, (SELECT PODCASTID FROM S24_S003_T7_EPISODE WHERE EpisodeID = 63), 10, (SELECT ADVERTISERID FROM S24_S003_T7_ADS WHERE ADID = 10));
INSERT INTO S24_S003_T7_DISPLAYS (EpisodeID, PodcastID, AdID, AdvertiserID) VALUES (110, (SELECT PODCASTID FROM S24_S003_T7_EPISODE WHERE EpisodeID = 110), 7, (SELECT ADVERTISERID FROM S24_S003_T7_ADS WHERE ADID = 7));
INSERT INTO S24_S003_T7_DISPLAYS (EpisodeID, PodcastID, AdID, AdvertiserID) VALUES (30, (SELECT PODCASTID FROM S24_S003_T7_EPISODE WHERE EpisodeID = 30), 17, (SELECT ADVERTISERID FROM S24_S003_T7_ADS WHERE ADID = 17));
INSERT INTO S24_S003_T7_DISPLAYS (EpisodeID, PodcastID, AdID, AdvertiserID) VALUES (36, (SELECT PODCASTID FROM S24_S003_T7_EPISODE WHERE EpisodeID = 36), 53, (SELECT ADVERTISERID FROM S24_S003_T7_ADS WHERE ADID = 53));
INSERT INTO S24_S003_T7_DISPLAYS (EpisodeID, PodcastID, AdID, AdvertiserID) VALUES (42, (SELECT PODCASTID FROM S24_S003_T7_EPISODE WHERE EpisodeID = 42), 51, (SELECT ADVERTISERID FROM S24_S003_T7_ADS WHERE ADID = 51));
INSERT INTO S24_S003_T7_DISPLAYS (EpisodeID, PodcastID, AdID, AdvertiserID) VALUES (53, (SELECT PODCASTID FROM S24_S003_T7_EPISODE WHERE EpisodeID = 53), 45, (SELECT ADVERTISERID FROM S24_S003_T7_ADS WHERE ADID = 45));
INSERT INTO S24_S003_T7_DISPLAYS (EpisodeID, PodcastID, AdID, AdvertiserID) VALUES (95, (SELECT PODCASTID FROM S24_S003_T7_EPISODE WHERE EpisodeID = 95), 14, (SELECT ADVERTISERID FROM S24_S003_T7_ADS WHERE ADID = 14));
INSERT INTO S24_S003_T7_DISPLAYS (EpisodeID, PodcastID, AdID, AdvertiserID) VALUES (29, (SELECT PODCASTID FROM S24_S003_T7_EPISODE WHERE EpisodeID = 29), 52, (SELECT ADVERTISERID FROM S24_S003_T7_ADS WHERE ADID = 52));
INSERT INTO S24_S003_T7_DISPLAYS (EpisodeID, PodcastID, AdID, AdvertiserID) VALUES (53, (SELECT PODCASTID FROM S24_S003_T7_EPISODE WHERE EpisodeID = 53), 17, (SELECT ADVERTISERID FROM S24_S003_T7_ADS WHERE ADID = 17));
INSERT INTO S24_S003_T7_DISPLAYS (EpisodeID, PodcastID, AdID, AdvertiserID) VALUES (69, (SELECT PODCASTID FROM S24_S003_T7_EPISODE WHERE EpisodeID = 69), 59, (SELECT ADVERTISERID FROM S24_S003_T7_ADS WHERE ADID = 59));
INSERT INTO S24_S003_T7_DISPLAYS (EpisodeID, PodcastID, AdID, AdvertiserID) VALUES (44, (SELECT PODCASTID FROM S24_S003_T7_EPISODE WHERE EpisodeID = 44), 49, (SELECT ADVERTISERID FROM S24_S003_T7_ADS WHERE ADID = 49));
INSERT INTO S24_S003_T7_DISPLAYS (EpisodeID, PodcastID, AdID, AdvertiserID) VALUES (35, (SELECT PODCASTID FROM S24_S003_T7_EPISODE WHERE EpisodeID = 35), 40, (SELECT ADVERTISERID FROM S24_S003_T7_ADS WHERE ADID = 40));
INSERT INTO S24_S003_T7_DISPLAYS (EpisodeID, PodcastID, AdID, AdvertiserID) VALUES (28, (SELECT PODCASTID FROM S24_S003_T7_EPISODE WHERE EpisodeID = 28), 43, (SELECT ADVERTISERID FROM S24_S003_T7_ADS WHERE ADID = 43));
INSERT INTO S24_S003_T7_DISPLAYS (EpisodeID, PodcastID, AdID, AdvertiserID) VALUES (44, (SELECT PODCASTID FROM S24_S003_T7_EPISODE WHERE EpisodeID = 44), 7, (SELECT ADVERTISERID FROM S24_S003_T7_ADS WHERE ADID = 7));
INSERT INTO S24_S003_T7_DISPLAYS (EpisodeID, PodcastID, AdID, AdvertiserID) VALUES (101, (SELECT PODCASTID FROM S24_S003_T7_EPISODE WHERE EpisodeID = 101), 45, (SELECT ADVERTISERID FROM S24_S003_T7_ADS WHERE ADID = 45));
INSERT INTO S24_S003_T7_DISPLAYS (EpisodeID, PodcastID, AdID, AdvertiserID) VALUES (1, (SELECT PODCASTID FROM S24_S003_T7_EPISODE WHERE EpisodeID = 1), 49, (SELECT ADVERTISERID FROM S24_S003_T7_ADS WHERE ADID = 49));
INSERT INTO S24_S003_T7_DISPLAYS (EpisodeID, PodcastID, AdID, AdvertiserID) VALUES (59, (SELECT PODCASTID FROM S24_S003_T7_EPISODE WHERE EpisodeID = 59), 10, (SELECT ADVERTISERID FROM S24_S003_T7_ADS WHERE ADID = 10));
INSERT INTO S24_S003_T7_DISPLAYS (EpisodeID, PodcastID, AdID, AdvertiserID) VALUES (6, (SELECT PODCASTID FROM S24_S003_T7_EPISODE WHERE EpisodeID = 6), 37, (SELECT ADVERTISERID FROM S24_S003_T7_ADS WHERE ADID = 37));
INSERT INTO S24_S003_T7_DISPLAYS (EpisodeID, PodcastID, AdID, AdvertiserID) VALUES (82, (SELECT PODCASTID FROM S24_S003_T7_EPISODE WHERE EpisodeID = 82), 48, (SELECT ADVERTISERID FROM S24_S003_T7_ADS WHERE ADID = 48));
INSERT INTO S24_S003_T7_DISPLAYS (EpisodeID, PodcastID, AdID, AdvertiserID) VALUES (52, (SELECT PODCASTID FROM S24_S003_T7_EPISODE WHERE EpisodeID = 52), 22, (SELECT ADVERTISERID FROM S24_S003_T7_ADS WHERE ADID = 22));
INSERT INTO S24_S003_T7_DISPLAYS (EpisodeID, PodcastID, AdID, AdvertiserID) VALUES (109, (SELECT PODCASTID FROM S24_S003_T7_EPISODE WHERE EpisodeID = 109), 13, (SELECT ADVERTISERID FROM S24_S003_T7_ADS WHERE ADID = 13));
INSERT INTO S24_S003_T7_DISPLAYS (EpisodeID, PodcastID, AdID, AdvertiserID) VALUES (77, (SELECT PODCASTID FROM S24_S003_T7_EPISODE WHERE EpisodeID = 77), 42, (SELECT ADVERTISERID FROM S24_S003_T7_ADS WHERE ADID = 42));
INSERT INTO S24_S003_T7_DISPLAYS (EpisodeID, PodcastID, AdID, AdvertiserID) VALUES (103, (SELECT PODCASTID FROM S24_S003_T7_EPISODE WHERE EpisodeID = 103), 7, (SELECT ADVERTISERID FROM S24_S003_T7_ADS WHERE ADID = 7));
INSERT INTO S24_S003_T7_DISPLAYS (EpisodeID, PodcastID, AdID, AdvertiserID) VALUES (106, (SELECT PODCASTID FROM S24_S003_T7_EPISODE WHERE EpisodeID = 106), 1, (SELECT ADVERTISERID FROM S24_S003_T7_ADS WHERE ADID = 1));
INSERT INTO S24_S003_T7_DISPLAYS (EpisodeID, PodcastID, AdID, AdvertiserID) VALUES (111, (SELECT PODCASTID FROM S24_S003_T7_EPISODE WHERE EpisodeID = 111), 23, (SELECT ADVERTISERID FROM S24_S003_T7_ADS WHERE ADID = 23));
INSERT INTO S24_S003_T7_DISPLAYS (EpisodeID, PodcastID, AdID, AdvertiserID) VALUES (64, (SELECT PODCASTID FROM S24_S003_T7_EPISODE WHERE EpisodeID = 64), 60, (SELECT ADVERTISERID FROM S24_S003_T7_ADS WHERE ADID = 60));
INSERT INTO S24_S003_T7_DISPLAYS (EpisodeID, PodcastID, AdID, AdvertiserID) VALUES (20, (SELECT PODCASTID FROM S24_S003_T7_EPISODE WHERE EpisodeID = 20), 45, (SELECT ADVERTISERID FROM S24_S003_T7_ADS WHERE ADID = 45));
INSERT INTO S24_S003_T7_DISPLAYS (EpisodeID, PodcastID, AdID, AdvertiserID) VALUES (9, (SELECT PODCASTID FROM S24_S003_T7_EPISODE WHERE EpisodeID = 9), 55, (SELECT ADVERTISERID FROM S24_S003_T7_ADS WHERE ADID = 55));
INSERT INTO S24_S003_T7_DISPLAYS (EpisodeID, PodcastID, AdID, AdvertiserID) VALUES (84, (SELECT PODCASTID FROM S24_S003_T7_EPISODE WHERE EpisodeID = 84), 13, (SELECT ADVERTISERID FROM S24_S003_T7_ADS WHERE ADID = 13));
INSERT INTO S24_S003_T7_DISPLAYS (EpisodeID, PodcastID, AdID, AdvertiserID) VALUES (119, (SELECT PODCASTID FROM S24_S003_T7_EPISODE WHERE EpisodeID = 119), 44, (SELECT ADVERTISERID FROM S24_S003_T7_ADS WHERE ADID = 44));
INSERT INTO S24_S003_T7_DISPLAYS (EpisodeID, PodcastID, AdID, AdvertiserID) VALUES (93, (SELECT PODCASTID FROM S24_S003_T7_EPISODE WHERE EpisodeID = 93), 35, (SELECT ADVERTISERID FROM S24_S003_T7_ADS WHERE ADID = 35));
INSERT INTO S24_S003_T7_DISPLAYS (EpisodeID, PodcastID, AdID, AdvertiserID) VALUES (65, (SELECT PODCASTID FROM S24_S003_T7_EPISODE WHERE EpisodeID = 65), 27, (SELECT ADVERTISERID FROM S24_S003_T7_ADS WHERE ADID = 27));
INSERT INTO S24_S003_T7_DISPLAYS (EpisodeID, PodcastID, AdID, AdvertiserID) VALUES (89, (SELECT PODCASTID FROM S24_S003_T7_EPISODE WHERE EpisodeID = 89), 6, (SELECT ADVERTISERID FROM S24_S003_T7_ADS WHERE ADID = 6));
INSERT INTO S24_S003_T7_DISPLAYS (EpisodeID, PodcastID, AdID, AdvertiserID) VALUES (120, (SELECT PODCASTID FROM S24_S003_T7_EPISODE WHERE EpisodeID = 120), 56, (SELECT ADVERTISERID FROM S24_S003_T7_ADS WHERE ADID = 56));
INSERT INTO S24_S003_T7_DISPLAYS (EpisodeID, PodcastID, AdID, AdvertiserID) VALUES (113, (SELECT PODCASTID FROM S24_S003_T7_EPISODE WHERE EpisodeID = 113), 48, (SELECT ADVERTISERID FROM S24_S003_T7_ADS WHERE ADID = 48));
INSERT INTO S24_S003_T7_DISPLAYS (EpisodeID, PodcastID, AdID, AdvertiserID) VALUES (87, (SELECT PODCASTID FROM S24_S003_T7_EPISODE WHERE EpisodeID = 87), 56, (SELECT ADVERTISERID FROM S24_S003_T7_ADS WHERE ADID = 56));
INSERT INTO S24_S003_T7_DISPLAYS (EpisodeID, PodcastID, AdID, AdvertiserID) VALUES (32, (SELECT PODCASTID FROM S24_S003_T7_EPISODE WHERE EpisodeID = 32), 50, (SELECT ADVERTISERID FROM S24_S003_T7_ADS WHERE ADID = 50));
INSERT INTO S24_S003_T7_DISPLAYS (EpisodeID, PodcastID, AdID, AdvertiserID) VALUES (80, (SELECT PODCASTID FROM S24_S003_T7_EPISODE WHERE EpisodeID = 80), 9, (SELECT ADVERTISERID FROM S24_S003_T7_ADS WHERE ADID = 9));
INSERT INTO S24_S003_T7_DISPLAYS (EpisodeID, PodcastID, AdID, AdvertiserID) VALUES (93, (SELECT PODCASTID FROM S24_S003_T7_EPISODE WHERE EpisodeID = 93), 6, (SELECT ADVERTISERID FROM S24_S003_T7_ADS WHERE ADID = 6));
INSERT INTO S24_S003_T7_DISPLAYS (EpisodeID, PodcastID, AdID, AdvertiserID) VALUES (10, (SELECT PODCASTID FROM S24_S003_T7_EPISODE WHERE EpisodeID = 10), 6, (SELECT ADVERTISERID FROM S24_S003_T7_ADS WHERE ADID = 6));
INSERT INTO S24_S003_T7_DISPLAYS (EpisodeID, PodcastID, AdID, AdvertiserID) VALUES (119, (SELECT PODCASTID FROM S24_S003_T7_EPISODE WHERE EpisodeID = 119), 1, (SELECT ADVERTISERID FROM S24_S003_T7_ADS WHERE ADID = 1));
INSERT INTO S24_S003_T7_DISPLAYS (EpisodeID, PodcastID, AdID, AdvertiserID) VALUES (1, (SELECT PODCASTID FROM S24_S003_T7_EPISODE WHERE EpisodeID = 1), 50, (SELECT ADVERTISERID FROM S24_S003_T7_ADS WHERE ADID = 50));
INSERT INTO S24_S003_T7_DISPLAYS (EpisodeID, PodcastID, AdID, AdvertiserID) VALUES (96, (SELECT PODCASTID FROM S24_S003_T7_EPISODE WHERE EpisodeID = 96), 35, (SELECT ADVERTISERID FROM S24_S003_T7_ADS WHERE ADID = 35));
INSERT INTO S24_S003_T7_DISPLAYS (EpisodeID, PodcastID, AdID, AdvertiserID) VALUES (85, (SELECT PODCASTID FROM S24_S003_T7_EPISODE WHERE EpisodeID = 85), 21, (SELECT ADVERTISERID FROM S24_S003_T7_ADS WHERE ADID = 21));
INSERT INTO S24_S003_T7_DISPLAYS (EpisodeID, PodcastID, AdID, AdvertiserID) VALUES (30, (SELECT PODCASTID FROM S24_S003_T7_EPISODE WHERE EpisodeID = 30), 36, (SELECT ADVERTISERID FROM S24_S003_T7_ADS WHERE ADID = 36));
INSERT INTO S24_S003_T7_DISPLAYS (EpisodeID, PodcastID, AdID, AdvertiserID) VALUES (58, (SELECT PODCASTID FROM S24_S003_T7_EPISODE WHERE EpisodeID = 58), 19, (SELECT ADVERTISERID FROM S24_S003_T7_ADS WHERE ADID = 19));
INSERT INTO S24_S003_T7_DISPLAYS (EpisodeID, PodcastID, AdID, AdvertiserID) VALUES (43, (SELECT PODCASTID FROM S24_S003_T7_EPISODE WHERE EpisodeID = 43), 51, (SELECT ADVERTISERID FROM S24_S003_T7_ADS WHERE ADID = 51));
INSERT INTO S24_S003_T7_DISPLAYS (EpisodeID, PodcastID, AdID, AdvertiserID) VALUES (62, (SELECT PODCASTID FROM S24_S003_T7_EPISODE WHERE EpisodeID = 62), 56, (SELECT ADVERTISERID FROM S24_S003_T7_ADS WHERE ADID = 56));
INSERT INTO S24_S003_T7_DISPLAYS (EpisodeID, PodcastID, AdID, AdvertiserID) VALUES (70, (SELECT PODCASTID FROM S24_S003_T7_EPISODE WHERE EpisodeID = 70), 47, (SELECT ADVERTISERID FROM S24_S003_T7_ADS WHERE ADID = 47));
INSERT INTO S24_S003_T7_DISPLAYS (EpisodeID, PodcastID, AdID, AdvertiserID) VALUES (85, (SELECT PODCASTID FROM S24_S003_T7_EPISODE WHERE EpisodeID = 85), 44, (SELECT ADVERTISERID FROM S24_S003_T7_ADS WHERE ADID = 44));
INSERT INTO S24_S003_T7_DISPLAYS (EpisodeID, PodcastID, AdID, AdvertiserID) VALUES (77, (SELECT PODCASTID FROM S24_S003_T7_EPISODE WHERE EpisodeID = 77), 6, (SELECT ADVERTISERID FROM S24_S003_T7_ADS WHERE ADID = 6));
INSERT INTO S24_S003_T7_DISPLAYS (EpisodeID, PodcastID, AdID, AdvertiserID) VALUES (111, (SELECT PODCASTID FROM S24_S003_T7_EPISODE WHERE EpisodeID = 111), 5, (SELECT ADVERTISERID FROM S24_S003_T7_ADS WHERE ADID = 5));
INSERT INTO S24_S003_T7_DISPLAYS (EpisodeID, PodcastID, AdID, AdvertiserID) VALUES (120, (SELECT PODCASTID FROM S24_S003_T7_EPISODE WHERE EpisodeID = 120), 23, (SELECT ADVERTISERID FROM S24_S003_T7_ADS WHERE ADID = 23));
INSERT INTO S24_S003_T7_DISPLAYS (EpisodeID, PodcastID, AdID, AdvertiserID) VALUES (111, (SELECT PODCASTID FROM S24_S003_T7_EPISODE WHERE EpisodeID = 111), 32, (SELECT ADVERTISERID FROM S24_S003_T7_ADS WHERE ADID = 32));
INSERT INTO S24_S003_T7_DISPLAYS (EpisodeID, PodcastID, AdID, AdvertiserID) VALUES (7, (SELECT PODCASTID FROM S24_S003_T7_EPISODE WHERE EpisodeID = 7), 10, (SELECT ADVERTISERID FROM S24_S003_T7_ADS WHERE ADID = 10));
INSERT INTO S24_S003_T7_DISPLAYS (EpisodeID, PodcastID, AdID, AdvertiserID) VALUES (6, (SELECT PODCASTID FROM S24_S003_T7_EPISODE WHERE EpisodeID = 6), 28, (SELECT ADVERTISERID FROM S24_S003_T7_ADS WHERE ADID = 28));
INSERT INTO S24_S003_T7_DISPLAYS (EpisodeID, PodcastID, AdID, AdvertiserID) VALUES (18, (SELECT PODCASTID FROM S24_S003_T7_EPISODE WHERE EpisodeID = 18), 34, (SELECT ADVERTISERID FROM S24_S003_T7_ADS WHERE ADID = 34));
INSERT INTO S24_S003_T7_DISPLAYS (EpisodeID, PodcastID, AdID, AdvertiserID) VALUES (119, (SELECT PODCASTID FROM S24_S003_T7_EPISODE WHERE EpisodeID = 119), 23, (SELECT ADVERTISERID FROM S24_S003_T7_ADS WHERE ADID = 23));
INSERT INTO S24_S003_T7_DISPLAYS (EpisodeID, PodcastID, AdID, AdvertiserID) VALUES (74, (SELECT PODCASTID FROM S24_S003_T7_EPISODE WHERE EpisodeID = 74), 48, (SELECT ADVERTISERID FROM S24_S003_T7_ADS WHERE ADID = 48));
INSERT INTO S24_S003_T7_DISPLAYS (EpisodeID, PodcastID, AdID, AdvertiserID) VALUES (26, (SELECT PODCASTID FROM S24_S003_T7_EPISODE WHERE EpisodeID = 26), 59, (SELECT ADVERTISERID FROM S24_S003_T7_ADS WHERE ADID = 59));
INSERT INTO S24_S003_T7_DISPLAYS (EpisodeID, PodcastID, AdID, AdvertiserID) VALUES (49, (SELECT PODCASTID FROM S24_S003_T7_EPISODE WHERE EpisodeID = 49), 24, (SELECT ADVERTISERID FROM S24_S003_T7_ADS WHERE ADID = 24));
INSERT INTO S24_S003_T7_DISPLAYS (EpisodeID, PodcastID, AdID, AdvertiserID) VALUES (3, (SELECT PODCASTID FROM S24_S003_T7_EPISODE WHERE EpisodeID = 3), 46, (SELECT ADVERTISERID FROM S24_S003_T7_ADS WHERE ADID = 46));
INSERT INTO S24_S003_T7_DISPLAYS (EpisodeID, PodcastID, AdID, AdvertiserID) VALUES (19, (SELECT PODCASTID FROM S24_S003_T7_EPISODE WHERE EpisodeID = 19), 20, (SELECT ADVERTISERID FROM S24_S003_T7_ADS WHERE ADID = 20));
INSERT INTO S24_S003_T7_DISPLAYS (EpisodeID, PodcastID, AdID, AdvertiserID) VALUES (49, (SELECT PODCASTID FROM S24_S003_T7_EPISODE WHERE EpisodeID = 49), 31, (SELECT ADVERTISERID FROM S24_S003_T7_ADS WHERE ADID = 31));
INSERT INTO S24_S003_T7_DISPLAYS (EpisodeID, PodcastID, AdID, AdvertiserID) VALUES (46, (SELECT PODCASTID FROM S24_S003_T7_EPISODE WHERE EpisodeID = 46), 3, (SELECT ADVERTISERID FROM S24_S003_T7_ADS WHERE ADID = 3));
INSERT INTO S24_S003_T7_DISPLAYS (EpisodeID, PodcastID, AdID, AdvertiserID) VALUES (86, (SELECT PODCASTID FROM S24_S003_T7_EPISODE WHERE EpisodeID = 86), 38, (SELECT ADVERTISERID FROM S24_S003_T7_ADS WHERE ADID = 38));
INSERT INTO S24_S003_T7_DISPLAYS (EpisodeID, PodcastID, AdID, AdvertiserID) VALUES (105, (SELECT PODCASTID FROM S24_S003_T7_EPISODE WHERE EpisodeID = 105), 56, (SELECT ADVERTISERID FROM S24_S003_T7_ADS WHERE ADID = 56));
INSERT INTO S24_S003_T7_DISPLAYS (EpisodeID, PodcastID, AdID, AdvertiserID) VALUES (61, (SELECT PODCASTID FROM S24_S003_T7_EPISODE WHERE EpisodeID = 61), 26, (SELECT ADVERTISERID FROM S24_S003_T7_ADS WHERE ADID = 26));
INSERT INTO S24_S003_T7_DISPLAYS (EpisodeID, PodcastID, AdID, AdvertiserID) VALUES (41, (SELECT PODCASTID FROM S24_S003_T7_EPISODE WHERE EpisodeID = 41), 25, (SELECT ADVERTISERID FROM S24_S003_T7_ADS WHERE ADID = 25));
INSERT INTO S24_S003_T7_DISPLAYS (EpisodeID, PodcastID, AdID, AdvertiserID) VALUES (78, (SELECT PODCASTID FROM S24_S003_T7_EPISODE WHERE EpisodeID = 78), 54, (SELECT ADVERTISERID FROM S24_S003_T7_ADS WHERE ADID = 54));
INSERT INTO S24_S003_T7_DISPLAYS (EpisodeID, PodcastID, AdID, AdvertiserID) VALUES (55, (SELECT PODCASTID FROM S24_S003_T7_EPISODE WHERE EpisodeID = 55), 47, (SELECT ADVERTISERID FROM S24_S003_T7_ADS WHERE ADID = 47));
INSERT INTO S24_S003_T7_DISPLAYS (EpisodeID, PodcastID, AdID, AdvertiserID) VALUES (62, (SELECT PODCASTID FROM S24_S003_T7_EPISODE WHERE EpisodeID = 62), 30, (SELECT ADVERTISERID FROM S24_S003_T7_ADS WHERE ADID = 30));
INSERT INTO S24_S003_T7_DISPLAYS (EpisodeID, PodcastID, AdID, AdvertiserID) VALUES (113, (SELECT PODCASTID FROM S24_S003_T7_EPISODE WHERE EpisodeID = 113), 17, (SELECT ADVERTISERID FROM S24_S003_T7_ADS WHERE ADID = 17));
INSERT INTO S24_S003_T7_DISPLAYS (EpisodeID, PodcastID, AdID, AdvertiserID) VALUES (93, (SELECT PODCASTID FROM S24_S003_T7_EPISODE WHERE EpisodeID = 93), 37, (SELECT ADVERTISERID FROM S24_S003_T7_ADS WHERE ADID = 37));
INSERT INTO S24_S003_T7_DISPLAYS (EpisodeID, PodcastID, AdID, AdvertiserID) VALUES (119, (SELECT PODCASTID FROM S24_S003_T7_EPISODE WHERE EpisodeID = 119), 28, (SELECT ADVERTISERID FROM S24_S003_T7_ADS WHERE ADID = 28));
INSERT INTO S24_S003_T7_DISPLAYS (EpisodeID, PodcastID, AdID, AdvertiserID) VALUES (88, (SELECT PODCASTID FROM S24_S003_T7_EPISODE WHERE EpisodeID = 88), 4, (SELECT ADVERTISERID FROM S24_S003_T7_ADS WHERE ADID = 4));
INSERT INTO S24_S003_T7_DISPLAYS (EpisodeID, PodcastID, AdID, AdvertiserID) VALUES (61, (SELECT PODCASTID FROM S24_S003_T7_EPISODE WHERE EpisodeID = 61), 16, (SELECT ADVERTISERID FROM S24_S003_T7_ADS WHERE ADID = 16));
INSERT INTO S24_S003_T7_DISPLAYS (EpisodeID, PodcastID, AdID, AdvertiserID) VALUES (95, (SELECT PODCASTID FROM S24_S003_T7_EPISODE WHERE EpisodeID = 95), 52, (SELECT ADVERTISERID FROM S24_S003_T7_ADS WHERE ADID = 52));
INSERT INTO S24_S003_T7_DISPLAYS (EpisodeID, PodcastID, AdID, AdvertiserID) VALUES (24, (SELECT PODCASTID FROM S24_S003_T7_EPISODE WHERE EpisodeID = 24), 47, (SELECT ADVERTISERID FROM S24_S003_T7_ADS WHERE ADID = 47));
INSERT INTO S24_S003_T7_DISPLAYS (EpisodeID, PodcastID, AdID, AdvertiserID) VALUES (17, (SELECT PODCASTID FROM S24_S003_T7_EPISODE WHERE EpisodeID = 17), 24, (SELECT ADVERTISERID FROM S24_S003_T7_ADS WHERE ADID = 24));
INSERT INTO S24_S003_T7_DISPLAYS (EpisodeID, PodcastID, AdID, AdvertiserID) VALUES (39, (SELECT PODCASTID FROM S24_S003_T7_EPISODE WHERE EpisodeID = 39), 5, (SELECT ADVERTISERID FROM S24_S003_T7_ADS WHERE ADID = 5));
INSERT INTO S24_S003_T7_DISPLAYS (EpisodeID, PodcastID, AdID, AdvertiserID) VALUES (74, (SELECT PODCASTID FROM S24_S003_T7_EPISODE WHERE EpisodeID = 74), 50, (SELECT ADVERTISERID FROM S24_S003_T7_ADS WHERE ADID = 50));
INSERT INTO S24_S003_T7_DISPLAYS (EpisodeID, PodcastID, AdID, AdvertiserID) VALUES (76, (SELECT PODCASTID FROM S24_S003_T7_EPISODE WHERE EpisodeID = 76), 1, (SELECT ADVERTISERID FROM S24_S003_T7_ADS WHERE ADID = 1));
INSERT INTO S24_S003_T7_DISPLAYS (EpisodeID, PodcastID, AdID, AdvertiserID) VALUES (18, (SELECT PODCASTID FROM S24_S003_T7_EPISODE WHERE EpisodeID = 18), 36, (SELECT ADVERTISERID FROM S24_S003_T7_ADS WHERE ADID = 36));
INSERT INTO S24_S003_T7_DISPLAYS (EpisodeID, PodcastID, AdID, AdvertiserID) VALUES (59, (SELECT PODCASTID FROM S24_S003_T7_EPISODE WHERE EpisodeID = 59), 27, (SELECT ADVERTISERID FROM S24_S003_T7_ADS WHERE ADID = 27));
INSERT INTO S24_S003_T7_DISPLAYS (EpisodeID, PodcastID, AdID, AdvertiserID) VALUES (35, (SELECT PODCASTID FROM S24_S003_T7_EPISODE WHERE EpisodeID = 35), 1, (SELECT ADVERTISERID FROM S24_S003_T7_ADS WHERE ADID = 1));
INSERT INTO S24_S003_T7_DISPLAYS (EpisodeID, PodcastID, AdID, AdvertiserID) VALUES (36, (SELECT PODCASTID FROM S24_S003_T7_EPISODE WHERE EpisodeID = 36), 49, (SELECT ADVERTISERID FROM S24_S003_T7_ADS WHERE ADID = 49));
INSERT INTO S24_S003_T7_DISPLAYS (EpisodeID, PodcastID, AdID, AdvertiserID) VALUES (68, (SELECT PODCASTID FROM S24_S003_T7_EPISODE WHERE EpisodeID = 68), 48, (SELECT ADVERTISERID FROM S24_S003_T7_ADS WHERE ADID = 48));
INSERT INTO S24_S003_T7_DISPLAYS (EpisodeID, PodcastID, AdID, AdvertiserID) VALUES (97, (SELECT PODCASTID FROM S24_S003_T7_EPISODE WHERE EpisodeID = 97), 21, (SELECT ADVERTISERID FROM S24_S003_T7_ADS WHERE ADID = 21));
INSERT INTO S24_S003_T7_DISPLAYS (EpisodeID, PodcastID, AdID, AdvertiserID) VALUES (8, (SELECT PODCASTID FROM S24_S003_T7_EPISODE WHERE EpisodeID = 8), 52, (SELECT ADVERTISERID FROM S24_S003_T7_ADS WHERE ADID = 52));
INSERT INTO S24_S003_T7_DISPLAYS (EpisodeID, PodcastID, AdID, AdvertiserID) VALUES (54, (SELECT PODCASTID FROM S24_S003_T7_EPISODE WHERE EpisodeID = 54), 60, (SELECT ADVERTISERID FROM S24_S003_T7_ADS WHERE ADID = 60));
INSERT INTO S24_S003_T7_DISPLAYS (EpisodeID, PodcastID, AdID, AdvertiserID) VALUES (37, (SELECT PODCASTID FROM S24_S003_T7_EPISODE WHERE EpisodeID = 37), 29, (SELECT ADVERTISERID FROM S24_S003_T7_ADS WHERE ADID = 29));
INSERT INTO S24_S003_T7_DISPLAYS (EpisodeID, PodcastID, AdID, AdvertiserID) VALUES (73, (SELECT PODCASTID FROM S24_S003_T7_EPISODE WHERE EpisodeID = 73), 44, (SELECT ADVERTISERID FROM S24_S003_T7_ADS WHERE ADID = 44));
INSERT INTO S24_S003_T7_DISPLAYS (EpisodeID, PodcastID, AdID, AdvertiserID) VALUES (8, (SELECT PODCASTID FROM S24_S003_T7_EPISODE WHERE EpisodeID = 8), 36, (SELECT ADVERTISERID FROM S24_S003_T7_ADS WHERE ADID = 36));
INSERT INTO S24_S003_T7_DISPLAYS (EpisodeID, PodcastID, AdID, AdvertiserID) VALUES (87, (SELECT PODCASTID FROM S24_S003_T7_EPISODE WHERE EpisodeID = 87), 57, (SELECT ADVERTISERID FROM S24_S003_T7_ADS WHERE ADID = 57));
INSERT INTO S24_S003_T7_DISPLAYS (EpisodeID, PodcastID, AdID, AdvertiserID) VALUES (1, (SELECT PODCASTID FROM S24_S003_T7_EPISODE WHERE EpisodeID = 1), 9, (SELECT ADVERTISERID FROM S24_S003_T7_ADS WHERE ADID = 9));
INSERT INTO S24_S003_T7_DISPLAYS (EpisodeID, PodcastID, AdID, AdvertiserID) VALUES (21, (SELECT PODCASTID FROM S24_S003_T7_EPISODE WHERE EpisodeID = 21), 35, (SELECT ADVERTISERID FROM S24_S003_T7_ADS WHERE ADID = 35));
INSERT INTO S24_S003_T7_DISPLAYS (EpisodeID, PodcastID, AdID, AdvertiserID) VALUES (31, (SELECT PODCASTID FROM S24_S003_T7_EPISODE WHERE EpisodeID = 31), 53, (SELECT ADVERTISERID FROM S24_S003_T7_ADS WHERE ADID = 53));
INSERT INTO S24_S003_T7_DISPLAYS (EpisodeID, PodcastID, AdID, AdvertiserID) VALUES (10, (SELECT PODCASTID FROM S24_S003_T7_EPISODE WHERE EpisodeID = 10), 14, (SELECT ADVERTISERID FROM S24_S003_T7_ADS WHERE ADID = 14));
INSERT INTO S24_S003_T7_DISPLAYS (EpisodeID, PodcastID, AdID, AdvertiserID) VALUES (32, (SELECT PODCASTID FROM S24_S003_T7_EPISODE WHERE EpisodeID = 32), 7, (SELECT ADVERTISERID FROM S24_S003_T7_ADS WHERE ADID = 7));
INSERT INTO S24_S003_T7_DISPLAYS (EpisodeID, PodcastID, AdID, AdvertiserID) VALUES (49, (SELECT PODCASTID FROM S24_S003_T7_EPISODE WHERE EpisodeID = 49), 6, (SELECT ADVERTISERID FROM S24_S003_T7_ADS WHERE ADID = 6));
INSERT INTO S24_S003_T7_DISPLAYS (EpisodeID, PodcastID, AdID, AdvertiserID) VALUES (43, (SELECT PODCASTID FROM S24_S003_T7_EPISODE WHERE EpisodeID = 43), 5, (SELECT ADVERTISERID FROM S24_S003_T7_ADS WHERE ADID = 5));
INSERT INTO S24_S003_T7_DISPLAYS (EpisodeID, PodcastID, AdID, AdvertiserID) VALUES (63, (SELECT PODCASTID FROM S24_S003_T7_EPISODE WHERE EpisodeID = 63), 40, (SELECT ADVERTISERID FROM S24_S003_T7_ADS WHERE ADID = 40));
INSERT INTO S24_S003_T7_DISPLAYS (EpisodeID, PodcastID, AdID, AdvertiserID) VALUES (15, (SELECT PODCASTID FROM S24_S003_T7_EPISODE WHERE EpisodeID = 15), 58, (SELECT ADVERTISERID FROM S24_S003_T7_ADS WHERE ADID = 58));
INSERT INTO S24_S003_T7_DISPLAYS (EpisodeID, PodcastID, AdID, AdvertiserID) VALUES (58, (SELECT PODCASTID FROM S24_S003_T7_EPISODE WHERE EpisodeID = 58), 35, (SELECT ADVERTISERID FROM S24_S003_T7_ADS WHERE ADID = 35));
INSERT INTO S24_S003_T7_DISPLAYS (EpisodeID, PodcastID, AdID, AdvertiserID) VALUES (14, (SELECT PODCASTID FROM S24_S003_T7_EPISODE WHERE EpisodeID = 14), 6, (SELECT ADVERTISERID FROM S24_S003_T7_ADS WHERE ADID = 6));
INSERT INTO S24_S003_T7_DISPLAYS (EpisodeID, PodcastID, AdID, AdvertiserID) VALUES (33, (SELECT PODCASTID FROM S24_S003_T7_EPISODE WHERE EpisodeID = 33), 5, (SELECT ADVERTISERID FROM S24_S003_T7_ADS WHERE ADID = 5));
INSERT INTO S24_S003_T7_DISPLAYS (EpisodeID, PodcastID, AdID, AdvertiserID) VALUES (21, (SELECT PODCASTID FROM S24_S003_T7_EPISODE WHERE EpisodeID = 21), 55, (SELECT ADVERTISERID FROM S24_S003_T7_ADS WHERE ADID = 55));
INSERT INTO S24_S003_T7_DISPLAYS (EpisodeID, PodcastID, AdID, AdvertiserID) VALUES (19, (SELECT PODCASTID FROM S24_S003_T7_EPISODE WHERE EpisodeID = 19), 34, (SELECT ADVERTISERID FROM S24_S003_T7_ADS WHERE ADID = 34));
INSERT INTO S24_S003_T7_DISPLAYS (EpisodeID, PodcastID, AdID, AdvertiserID) VALUES (48, (SELECT PODCASTID FROM S24_S003_T7_EPISODE WHERE EpisodeID = 48), 21, (SELECT ADVERTISERID FROM S24_S003_T7_ADS WHERE ADID = 21));
INSERT INTO S24_S003_T7_DISPLAYS (EpisodeID, PodcastID, AdID, AdvertiserID) VALUES (41, (SELECT PODCASTID FROM S24_S003_T7_EPISODE WHERE EpisodeID = 41), 11, (SELECT ADVERTISERID FROM S24_S003_T7_ADS WHERE ADID = 11));
INSERT INTO S24_S003_T7_DISPLAYS (EpisodeID, PodcastID, AdID, AdvertiserID) VALUES (67, (SELECT PODCASTID FROM S24_S003_T7_EPISODE WHERE EpisodeID = 67), 20, (SELECT ADVERTISERID FROM S24_S003_T7_ADS WHERE ADID = 20));
INSERT INTO S24_S003_T7_DISPLAYS (EpisodeID, PodcastID, AdID, AdvertiserID) VALUES (92, (SELECT PODCASTID FROM S24_S003_T7_EPISODE WHERE EpisodeID = 92), 33, (SELECT ADVERTISERID FROM S24_S003_T7_ADS WHERE ADID = 33));
INSERT INTO S24_S003_T7_DISPLAYS (EpisodeID, PodcastID, AdID, AdvertiserID) VALUES (32, (SELECT PODCASTID FROM S24_S003_T7_EPISODE WHERE EpisodeID = 32), 41, (SELECT ADVERTISERID FROM S24_S003_T7_ADS WHERE ADID = 41));
INSERT INTO S24_S003_T7_DISPLAYS (EpisodeID, PodcastID, AdID, AdvertiserID) VALUES (107, (SELECT PODCASTID FROM S24_S003_T7_EPISODE WHERE EpisodeID = 107), 44, (SELECT ADVERTISERID FROM S24_S003_T7_ADS WHERE ADID = 44));
INSERT INTO S24_S003_T7_DISPLAYS (EpisodeID, PodcastID, AdID, AdvertiserID) VALUES (3, (SELECT PODCASTID FROM S24_S003_T7_EPISODE WHERE EpisodeID = 3), 5, (SELECT ADVERTISERID FROM S24_S003_T7_ADS WHERE ADID = 5));
INSERT INTO S24_S003_T7_DISPLAYS (EpisodeID, PodcastID, AdID, AdvertiserID) VALUES (98, (SELECT PODCASTID FROM S24_S003_T7_EPISODE WHERE EpisodeID = 98), 15, (SELECT ADVERTISERID FROM S24_S003_T7_ADS WHERE ADID = 15));
INSERT INTO S24_S003_T7_DISPLAYS (EpisodeID, PodcastID, AdID, AdvertiserID) VALUES (54, (SELECT PODCASTID FROM S24_S003_T7_EPISODE WHERE EpisodeID = 54), 46, (SELECT ADVERTISERID FROM S24_S003_T7_ADS WHERE ADID = 46));
INSERT INTO S24_S003_T7_DISPLAYS (EpisodeID, PodcastID, AdID, AdvertiserID) VALUES (45, (SELECT PODCASTID FROM S24_S003_T7_EPISODE WHERE EpisodeID = 45), 36, (SELECT ADVERTISERID FROM S24_S003_T7_ADS WHERE ADID = 36));
INSERT INTO S24_S003_T7_DISPLAYS (EpisodeID, PodcastID, AdID, AdvertiserID) VALUES (54, (SELECT PODCASTID FROM S24_S003_T7_EPISODE WHERE EpisodeID = 54), 23, (SELECT ADVERTISERID FROM S24_S003_T7_ADS WHERE ADID = 23));
INSERT INTO S24_S003_T7_DISPLAYS (EpisodeID, PodcastID, AdID, AdvertiserID) VALUES (60, (SELECT PODCASTID FROM S24_S003_T7_EPISODE WHERE EpisodeID = 60), 31, (SELECT ADVERTISERID FROM S24_S003_T7_ADS WHERE ADID = 31));
INSERT INTO S24_S003_T7_DISPLAYS (EpisodeID, PodcastID, AdID, AdvertiserID) VALUES (55, (SELECT PODCASTID FROM S24_S003_T7_EPISODE WHERE EpisodeID = 55), 52, (SELECT ADVERTISERID FROM S24_S003_T7_ADS WHERE ADID = 52));
INSERT INTO S24_S003_T7_DISPLAYS (EpisodeID, PodcastID, AdID, AdvertiserID) VALUES (104, (SELECT PODCASTID FROM S24_S003_T7_EPISODE WHERE EpisodeID = 104), 17, (SELECT ADVERTISERID FROM S24_S003_T7_ADS WHERE ADID = 17));
INSERT INTO S24_S003_T7_DISPLAYS (EpisodeID, PodcastID, AdID, AdvertiserID) VALUES (43, (SELECT PODCASTID FROM S24_S003_T7_EPISODE WHERE EpisodeID = 43), 48, (SELECT ADVERTISERID FROM S24_S003_T7_ADS WHERE ADID = 48));
INSERT INTO S24_S003_T7_DISPLAYS (EpisodeID, PodcastID, AdID, AdvertiserID) VALUES (11, (SELECT PODCASTID FROM S24_S003_T7_EPISODE WHERE EpisodeID = 11), 4, (SELECT ADVERTISERID FROM S24_S003_T7_ADS WHERE ADID = 4));
INSERT INTO S24_S003_T7_DISPLAYS (EpisodeID, PodcastID, AdID, AdvertiserID) VALUES (44, (SELECT PODCASTID FROM S24_S003_T7_EPISODE WHERE EpisodeID = 44), 47, (SELECT ADVERTISERID FROM S24_S003_T7_ADS WHERE ADID = 47));
INSERT INTO S24_S003_T7_DISPLAYS (EpisodeID, PodcastID, AdID, AdvertiserID) VALUES (67, (SELECT PODCASTID FROM S24_S003_T7_EPISODE WHERE EpisodeID = 67), 6, (SELECT ADVERTISERID FROM S24_S003_T7_ADS WHERE ADID = 6));
INSERT INTO S24_S003_T7_DISPLAYS (EpisodeID, PodcastID, AdID, AdvertiserID) VALUES (58, (SELECT PODCASTID FROM S24_S003_T7_EPISODE WHERE EpisodeID = 58), 41, (SELECT ADVERTISERID FROM S24_S003_T7_ADS WHERE ADID = 41));
INSERT INTO S24_S003_T7_DISPLAYS (EpisodeID, PodcastID, AdID, AdvertiserID) VALUES (96, (SELECT PODCASTID FROM S24_S003_T7_EPISODE WHERE EpisodeID = 96), 42, (SELECT ADVERTISERID FROM S24_S003_T7_ADS WHERE ADID = 42));
INSERT INTO S24_S003_T7_DISPLAYS (EpisodeID, PodcastID, AdID, AdvertiserID) VALUES (66, (SELECT PODCASTID FROM S24_S003_T7_EPISODE WHERE EpisodeID = 66), 11, (SELECT ADVERTISERID FROM S24_S003_T7_ADS WHERE ADID = 11));
INSERT INTO S24_S003_T7_DISPLAYS (EpisodeID, PodcastID, AdID, AdvertiserID) VALUES (24, (SELECT PODCASTID FROM S24_S003_T7_EPISODE WHERE EpisodeID = 24), 21, (SELECT ADVERTISERID FROM S24_S003_T7_ADS WHERE ADID = 21));
INSERT INTO S24_S003_T7_DISPLAYS (EpisodeID, PodcastID, AdID, AdvertiserID) VALUES (51, (SELECT PODCASTID FROM S24_S003_T7_EPISODE WHERE EpisodeID = 51), 27, (SELECT ADVERTISERID FROM S24_S003_T7_ADS WHERE ADID = 27));
INSERT INTO S24_S003_T7_DISPLAYS (EpisodeID, PodcastID, AdID, AdvertiserID) VALUES (120, (SELECT PODCASTID FROM S24_S003_T7_EPISODE WHERE EpisodeID = 120), 52, (SELECT ADVERTISERID FROM S24_S003_T7_ADS WHERE ADID = 52));
INSERT INTO S24_S003_T7_DISPLAYS (EpisodeID, PodcastID, AdID, AdvertiserID) VALUES (101, (SELECT PODCASTID FROM S24_S003_T7_EPISODE WHERE EpisodeID = 101), 15, (SELECT ADVERTISERID FROM S24_S003_T7_ADS WHERE ADID = 15));
INSERT INTO S24_S003_T7_DISPLAYS (EpisodeID, PodcastID, AdID, AdvertiserID) VALUES (85, (SELECT PODCASTID FROM S24_S003_T7_EPISODE WHERE EpisodeID = 85), 60, (SELECT ADVERTISERID FROM S24_S003_T7_ADS WHERE ADID = 60));
INSERT INTO S24_S003_T7_DISPLAYS (EpisodeID, PodcastID, AdID, AdvertiserID) VALUES (93, (SELECT PODCASTID FROM S24_S003_T7_EPISODE WHERE EpisodeID = 93), 12, (SELECT ADVERTISERID FROM S24_S003_T7_ADS WHERE ADID = 12));
INSERT INTO S24_S003_T7_DISPLAYS (EpisodeID, PodcastID, AdID, AdvertiserID) VALUES (115, (SELECT PODCASTID FROM S24_S003_T7_EPISODE WHERE EpisodeID = 115), 16, (SELECT ADVERTISERID FROM S24_S003_T7_ADS WHERE ADID = 16));
INSERT INTO S24_S003_T7_DISPLAYS (EpisodeID, PodcastID, AdID, AdvertiserID) VALUES (16, (SELECT PODCASTID FROM S24_S003_T7_EPISODE WHERE EpisodeID = 16), 10, (SELECT ADVERTISERID FROM S24_S003_T7_ADS WHERE ADID = 10));
INSERT INTO S24_S003_T7_DISPLAYS (EpisodeID, PodcastID, AdID, AdvertiserID) VALUES (98, (SELECT PODCASTID FROM S24_S003_T7_EPISODE WHERE EpisodeID = 98), 46, (SELECT ADVERTISERID FROM S24_S003_T7_ADS WHERE ADID = 46));
INSERT INTO S24_S003_T7_DISPLAYS (EpisodeID, PodcastID, AdID, AdvertiserID) VALUES (101, (SELECT PODCASTID FROM S24_S003_T7_EPISODE WHERE EpisodeID = 101), 46, (SELECT ADVERTISERID FROM S24_S003_T7_ADS WHERE ADID = 46));
INSERT INTO S24_S003_T7_DISPLAYS (EpisodeID, PodcastID, AdID, AdvertiserID) VALUES (39, (SELECT PODCASTID FROM S24_S003_T7_EPISODE WHERE EpisodeID = 39), 23, (SELECT ADVERTISERID FROM S24_S003_T7_ADS WHERE ADID = 23));
INSERT INTO S24_S003_T7_DISPLAYS (EpisodeID, PodcastID, AdID, AdvertiserID) VALUES (68, (SELECT PODCASTID FROM S24_S003_T7_EPISODE WHERE EpisodeID = 68), 57, (SELECT ADVERTISERID FROM S24_S003_T7_ADS WHERE ADID = 57));
INSERT INTO S24_S003_T7_DISPLAYS (EpisodeID, PodcastID, AdID, AdvertiserID) VALUES (99, (SELECT PODCASTID FROM S24_S003_T7_EPISODE WHERE EpisodeID = 99), 16, (SELECT ADVERTISERID FROM S24_S003_T7_ADS WHERE ADID = 16));
INSERT INTO S24_S003_T7_DISPLAYS (EpisodeID, PodcastID, AdID, AdvertiserID) VALUES (102, (SELECT PODCASTID FROM S24_S003_T7_EPISODE WHERE EpisodeID = 102), 35, (SELECT ADVERTISERID FROM S24_S003_T7_ADS WHERE ADID = 35));
INSERT INTO S24_S003_T7_DISPLAYS (EpisodeID, PodcastID, AdID, AdvertiserID) VALUES (47, (SELECT PODCASTID FROM S24_S003_T7_EPISODE WHERE EpisodeID = 47), 53, (SELECT ADVERTISERID FROM S24_S003_T7_ADS WHERE ADID = 53));
INSERT INTO S24_S003_T7_DISPLAYS (EpisodeID, PodcastID, AdID, AdvertiserID) VALUES (46, (SELECT PODCASTID FROM S24_S003_T7_EPISODE WHERE EpisodeID = 46), 8, (SELECT ADVERTISERID FROM S24_S003_T7_ADS WHERE ADID = 8));
INSERT INTO S24_S003_T7_DISPLAYS (EpisodeID, PodcastID, AdID, AdvertiserID) VALUES (104, (SELECT PODCASTID FROM S24_S003_T7_EPISODE WHERE EpisodeID = 104), 35, (SELECT ADVERTISERID FROM S24_S003_T7_ADS WHERE ADID = 35));
INSERT INTO S24_S003_T7_DISPLAYS (EpisodeID, PodcastID, AdID, AdvertiserID) VALUES (19, (SELECT PODCASTID FROM S24_S003_T7_EPISODE WHERE EpisodeID = 19), 55, (SELECT ADVERTISERID FROM S24_S003_T7_ADS WHERE ADID = 55));
INSERT INTO S24_S003_T7_DISPLAYS (EpisodeID, PodcastID, AdID, AdvertiserID) VALUES (101, (SELECT PODCASTID FROM S24_S003_T7_EPISODE WHERE EpisodeID = 101), 21, (SELECT ADVERTISERID FROM S24_S003_T7_ADS WHERE ADID = 21));
INSERT INTO S24_S003_T7_DISPLAYS (EpisodeID, PodcastID, AdID, AdvertiserID) VALUES (57, (SELECT PODCASTID FROM S24_S003_T7_EPISODE WHERE EpisodeID = 57), 2, (SELECT ADVERTISERID FROM S24_S003_T7_ADS WHERE ADID = 2));
INSERT INTO S24_S003_T7_DISPLAYS (EpisodeID, PodcastID, AdID, AdvertiserID) VALUES (46, (SELECT PODCASTID FROM S24_S003_T7_EPISODE WHERE EpisodeID = 46), 25, (SELECT ADVERTISERID FROM S24_S003_T7_ADS WHERE ADID = 25));
INSERT INTO S24_S003_T7_DISPLAYS (EpisodeID, PodcastID, AdID, AdvertiserID) VALUES (41, (SELECT PODCASTID FROM S24_S003_T7_EPISODE WHERE EpisodeID = 41), 20, (SELECT ADVERTISERID FROM S24_S003_T7_ADS WHERE ADID = 20));
INSERT INTO S24_S003_T7_DISPLAYS (EpisodeID, PodcastID, AdID, AdvertiserID) VALUES (12, (SELECT PODCASTID FROM S24_S003_T7_EPISODE WHERE EpisodeID = 12), 45, (SELECT ADVERTISERID FROM S24_S003_T7_ADS WHERE ADID = 45));
INSERT INTO S24_S003_T7_DISPLAYS (EpisodeID, PodcastID, AdID, AdvertiserID) VALUES (13, (SELECT PODCASTID FROM S24_S003_T7_EPISODE WHERE EpisodeID = 13), 44, (SELECT ADVERTISERID FROM S24_S003_T7_ADS WHERE ADID = 44));
INSERT INTO S24_S003_T7_DISPLAYS (EpisodeID, PodcastID, AdID, AdvertiserID) VALUES (53, (SELECT PODCASTID FROM S24_S003_T7_EPISODE WHERE EpisodeID = 53), 9, (SELECT ADVERTISERID FROM S24_S003_T7_ADS WHERE ADID = 9));
INSERT INTO S24_S003_T7_DISPLAYS (EpisodeID, PodcastID, AdID, AdvertiserID) VALUES (112, (SELECT PODCASTID FROM S24_S003_T7_EPISODE WHERE EpisodeID = 112), 8, (SELECT ADVERTISERID FROM S24_S003_T7_ADS WHERE ADID = 8));
INSERT INTO S24_S003_T7_DISPLAYS (EpisodeID, PodcastID, AdID, AdvertiserID) VALUES (27, (SELECT PODCASTID FROM S24_S003_T7_EPISODE WHERE EpisodeID = 27), 3, (SELECT ADVERTISERID FROM S24_S003_T7_ADS WHERE ADID = 3));
INSERT INTO S24_S003_T7_DISPLAYS (EpisodeID, PodcastID, AdID, AdvertiserID) VALUES (81, (SELECT PODCASTID FROM S24_S003_T7_EPISODE WHERE EpisodeID = 81), 1, (SELECT ADVERTISERID FROM S24_S003_T7_ADS WHERE ADID = 1));
INSERT INTO S24_S003_T7_DISPLAYS (EpisodeID, PodcastID, AdID, AdvertiserID) VALUES (112, (SELECT PODCASTID FROM S24_S003_T7_EPISODE WHERE EpisodeID = 112), 11, (SELECT ADVERTISERID FROM S24_S003_T7_ADS WHERE ADID = 11));
INSERT INTO S24_S003_T7_DISPLAYS (EpisodeID, PodcastID, AdID, AdvertiserID) VALUES (66, (SELECT PODCASTID FROM S24_S003_T7_EPISODE WHERE EpisodeID = 66), 24, (SELECT ADVERTISERID FROM S24_S003_T7_ADS WHERE ADID = 24));
INSERT INTO S24_S003_T7_DISPLAYS (EpisodeID, PodcastID, AdID, AdvertiserID) VALUES (52, (SELECT PODCASTID FROM S24_S003_T7_EPISODE WHERE EpisodeID = 52), 48, (SELECT ADVERTISERID FROM S24_S003_T7_ADS WHERE ADID = 48));
INSERT INTO S24_S003_T7_DISPLAYS (EpisodeID, PodcastID, AdID, AdvertiserID) VALUES (105, (SELECT PODCASTID FROM S24_S003_T7_EPISODE WHERE EpisodeID = 105), 6, (SELECT ADVERTISERID FROM S24_S003_T7_ADS WHERE ADID = 6));
INSERT INTO S24_S003_T7_DISPLAYS (EpisodeID, PodcastID, AdID, AdvertiserID) VALUES (28, (SELECT PODCASTID FROM S24_S003_T7_EPISODE WHERE EpisodeID = 28), 38, (SELECT ADVERTISERID FROM S24_S003_T7_ADS WHERE ADID = 38));
INSERT INTO S24_S003_T7_DISPLAYS (EpisodeID, PodcastID, AdID, AdvertiserID) VALUES (12, (SELECT PODCASTID FROM S24_S003_T7_EPISODE WHERE EpisodeID = 12), 48, (SELECT ADVERTISERID FROM S24_S003_T7_ADS WHERE ADID = 48));
INSERT INTO S24_S003_T7_DISPLAYS (EpisodeID, PodcastID, AdID, AdvertiserID) VALUES (2, (SELECT PODCASTID FROM S24_S003_T7_EPISODE WHERE EpisodeID = 2), 1, (SELECT ADVERTISERID FROM S24_S003_T7_ADS WHERE ADID = 1));
INSERT INTO S24_S003_T7_DISPLAYS (EpisodeID, PodcastID, AdID, AdvertiserID) VALUES (57, (SELECT PODCASTID FROM S24_S003_T7_EPISODE WHERE EpisodeID = 57), 58, (SELECT ADVERTISERID FROM S24_S003_T7_ADS WHERE ADID = 58));
INSERT INTO S24_S003_T7_DISPLAYS (EpisodeID, PodcastID, AdID, AdvertiserID) VALUES (83, (SELECT PODCASTID FROM S24_S003_T7_EPISODE WHERE EpisodeID = 83), 8, (SELECT ADVERTISERID FROM S24_S003_T7_ADS WHERE ADID = 8));
INSERT INTO S24_S003_T7_DISPLAYS (EpisodeID, PodcastID, AdID, AdvertiserID) VALUES (26, (SELECT PODCASTID FROM S24_S003_T7_EPISODE WHERE EpisodeID = 26), 43, (SELECT ADVERTISERID FROM S24_S003_T7_ADS WHERE ADID = 43));
INSERT INTO S24_S003_T7_DISPLAYS (EpisodeID, PodcastID, AdID, AdvertiserID) VALUES (120, (SELECT PODCASTID FROM S24_S003_T7_EPISODE WHERE EpisodeID = 120), 3, (SELECT ADVERTISERID FROM S24_S003_T7_ADS WHERE ADID = 3));
INSERT INTO S24_S003_T7_DISPLAYS (EpisodeID, PodcastID, AdID, AdvertiserID) VALUES (109, (SELECT PODCASTID FROM S24_S003_T7_EPISODE WHERE EpisodeID = 109), 17, (SELECT ADVERTISERID FROM S24_S003_T7_ADS WHERE ADID = 17));
INSERT INTO S24_S003_T7_DISPLAYS (EpisodeID, PodcastID, AdID, AdvertiserID) VALUES (5, (SELECT PODCASTID FROM S24_S003_T7_EPISODE WHERE EpisodeID = 5), 56, (SELECT ADVERTISERID FROM S24_S003_T7_ADS WHERE ADID = 56));
INSERT INTO S24_S003_T7_DISPLAYS (EpisodeID, PodcastID, AdID, AdvertiserID) VALUES (57, (SELECT PODCASTID FROM S24_S003_T7_EPISODE WHERE EpisodeID = 57), 29, (SELECT ADVERTISERID FROM S24_S003_T7_ADS WHERE ADID = 29));
INSERT INTO S24_S003_T7_DISPLAYS (EpisodeID, PodcastID, AdID, AdvertiserID) VALUES (87, (SELECT PODCASTID FROM S24_S003_T7_EPISODE WHERE EpisodeID = 87), 30, (SELECT ADVERTISERID FROM S24_S003_T7_ADS WHERE ADID = 30));
INSERT INTO S24_S003_T7_DISPLAYS (EpisodeID, PodcastID, AdID, AdvertiserID) VALUES (83, (SELECT PODCASTID FROM S24_S003_T7_EPISODE WHERE EpisodeID = 83), 17, (SELECT ADVERTISERID FROM S24_S003_T7_ADS WHERE ADID = 17));
INSERT INTO S24_S003_T7_DISPLAYS (EpisodeID, PodcastID, AdID, AdvertiserID) VALUES (61, (SELECT PODCASTID FROM S24_S003_T7_EPISODE WHERE EpisodeID = 61), 40, (SELECT ADVERTISERID FROM S24_S003_T7_ADS WHERE ADID = 40));
INSERT INTO S24_S003_T7_DISPLAYS (EpisodeID, PodcastID, AdID, AdvertiserID) VALUES (44, (SELECT PODCASTID FROM S24_S003_T7_EPISODE WHERE EpisodeID = 44), 6, (SELECT ADVERTISERID FROM S24_S003_T7_ADS WHERE ADID = 6));
INSERT INTO S24_S003_T7_DISPLAYS (EpisodeID, PodcastID, AdID, AdvertiserID) VALUES (112, (SELECT PODCASTID FROM S24_S003_T7_EPISODE WHERE EpisodeID = 112), 7, (SELECT ADVERTISERID FROM S24_S003_T7_ADS WHERE ADID = 7));
INSERT INTO S24_S003_T7_DISPLAYS (EpisodeID, PodcastID, AdID, AdvertiserID) VALUES (72, (SELECT PODCASTID FROM S24_S003_T7_EPISODE WHERE EpisodeID = 72), 37, (SELECT ADVERTISERID FROM S24_S003_T7_ADS WHERE ADID = 37));
INSERT INTO S24_S003_T7_DISPLAYS (EpisodeID, PodcastID, AdID, AdvertiserID) VALUES (51, (SELECT PODCASTID FROM S24_S003_T7_EPISODE WHERE EpisodeID = 51), 25, (SELECT ADVERTISERID FROM S24_S003_T7_ADS WHERE ADID = 25));
INSERT INTO S24_S003_T7_DISPLAYS (EpisodeID, PodcastID, AdID, AdvertiserID) VALUES (35, (SELECT PODCASTID FROM S24_S003_T7_EPISODE WHERE EpisodeID = 35), 11, (SELECT ADVERTISERID FROM S24_S003_T7_ADS WHERE ADID = 11));
INSERT INTO S24_S003_T7_DISPLAYS (EpisodeID, PodcastID, AdID, AdvertiserID) VALUES (74, (SELECT PODCASTID FROM S24_S003_T7_EPISODE WHERE EpisodeID = 74), 59, (SELECT ADVERTISERID FROM S24_S003_T7_ADS WHERE ADID = 59));
INSERT INTO S24_S003_T7_DISPLAYS (EpisodeID, PodcastID, AdID, AdvertiserID) VALUES (94, (SELECT PODCASTID FROM S24_S003_T7_EPISODE WHERE EpisodeID = 94), 43, (SELECT ADVERTISERID FROM S24_S003_T7_ADS WHERE ADID = 43));
INSERT INTO S24_S003_T7_DISPLAYS (EpisodeID, PodcastID, AdID, AdvertiserID) VALUES (102, (SELECT PODCASTID FROM S24_S003_T7_EPISODE WHERE EpisodeID = 102), 50, (SELECT ADVERTISERID FROM S24_S003_T7_ADS WHERE ADID = 50));
INSERT INTO S24_S003_T7_DISPLAYS (EpisodeID, PodcastID, AdID, AdvertiserID) VALUES (55, (SELECT PODCASTID FROM S24_S003_T7_EPISODE WHERE EpisodeID = 55), 57, (SELECT ADVERTISERID FROM S24_S003_T7_ADS WHERE ADID = 57));
INSERT INTO S24_S003_T7_DISPLAYS (EpisodeID, PodcastID, AdID, AdvertiserID) VALUES (69, (SELECT PODCASTID FROM S24_S003_T7_EPISODE WHERE EpisodeID = 69), 8, (SELECT ADVERTISERID FROM S24_S003_T7_ADS WHERE ADID = 8));
INSERT INTO S24_S003_T7_DISPLAYS (EpisodeID, PodcastID, AdID, AdvertiserID) VALUES (112, (SELECT PODCASTID FROM S24_S003_T7_EPISODE WHERE EpisodeID = 112), 45, (SELECT ADVERTISERID FROM S24_S003_T7_ADS WHERE ADID = 45));
INSERT INTO S24_S003_T7_DISPLAYS (EpisodeID, PodcastID, AdID, AdvertiserID) VALUES (1, (SELECT PODCASTID FROM S24_S003_T7_EPISODE WHERE EpisodeID = 1), 38, (SELECT ADVERTISERID FROM S24_S003_T7_ADS WHERE ADID = 38));
INSERT INTO S24_S003_T7_DISPLAYS (EpisodeID, PodcastID, AdID, AdvertiserID) VALUES (9, (SELECT PODCASTID FROM S24_S003_T7_EPISODE WHERE EpisodeID = 9), 15, (SELECT ADVERTISERID FROM S24_S003_T7_ADS WHERE ADID = 15));
INSERT INTO S24_S003_T7_DISPLAYS (EpisodeID, PodcastID, AdID, AdvertiserID) VALUES (17, (SELECT PODCASTID FROM S24_S003_T7_EPISODE WHERE EpisodeID = 17), 52, (SELECT ADVERTISERID FROM S24_S003_T7_ADS WHERE ADID = 52));
INSERT INTO S24_S003_T7_DISPLAYS (EpisodeID, PodcastID, AdID, AdvertiserID) VALUES (23, (SELECT PODCASTID FROM S24_S003_T7_EPISODE WHERE EpisodeID = 23), 13, (SELECT ADVERTISERID FROM S24_S003_T7_ADS WHERE ADID = 13));
INSERT INTO S24_S003_T7_DISPLAYS (EpisodeID, PodcastID, AdID, AdvertiserID) VALUES (115, (SELECT PODCASTID FROM S24_S003_T7_EPISODE WHERE EpisodeID = 115), 10, (SELECT ADVERTISERID FROM S24_S003_T7_ADS WHERE ADID = 10));
INSERT INTO S24_S003_T7_DISPLAYS (EpisodeID, PodcastID, AdID, AdvertiserID) VALUES (2, (SELECT PODCASTID FROM S24_S003_T7_EPISODE WHERE EpisodeID = 2), 5, (SELECT ADVERTISERID FROM S24_S003_T7_ADS WHERE ADID = 5));
INSERT INTO S24_S003_T7_DISPLAYS (EpisodeID, PodcastID, AdID, AdvertiserID) VALUES (116, (SELECT PODCASTID FROM S24_S003_T7_EPISODE WHERE EpisodeID = 116), 55, (SELECT ADVERTISERID FROM S24_S003_T7_ADS WHERE ADID = 55));
INSERT INTO S24_S003_T7_DISPLAYS (EpisodeID, PodcastID, AdID, AdvertiserID) VALUES (80, (SELECT PODCASTID FROM S24_S003_T7_EPISODE WHERE EpisodeID = 80), 10, (SELECT ADVERTISERID FROM S24_S003_T7_ADS WHERE ADID = 10));
INSERT INTO S24_S003_T7_DISPLAYS (EpisodeID, PodcastID, AdID, AdvertiserID) VALUES (88, (SELECT PODCASTID FROM S24_S003_T7_EPISODE WHERE EpisodeID = 88), 6, (SELECT ADVERTISERID FROM S24_S003_T7_ADS WHERE ADID = 6));
INSERT INTO S24_S003_T7_DISPLAYS (EpisodeID, PodcastID, AdID, AdvertiserID) VALUES (66, (SELECT PODCASTID FROM S24_S003_T7_EPISODE WHERE EpisodeID = 66), 58, (SELECT ADVERTISERID FROM S24_S003_T7_ADS WHERE ADID = 58));
INSERT INTO S24_S003_T7_DISPLAYS (EpisodeID, PodcastID, AdID, AdvertiserID) VALUES (71, (SELECT PODCASTID FROM S24_S003_T7_EPISODE WHERE EpisodeID = 71), 26, (SELECT ADVERTISERID FROM S24_S003_T7_ADS WHERE ADID = 26));
INSERT INTO S24_S003_T7_DISPLAYS (EpisodeID, PodcastID, AdID, AdvertiserID) VALUES (39, (SELECT PODCASTID FROM S24_S003_T7_EPISODE WHERE EpisodeID = 39), 56, (SELECT ADVERTISERID FROM S24_S003_T7_ADS WHERE ADID = 56));
INSERT INTO S24_S003_T7_DISPLAYS (EpisodeID, PodcastID, AdID, AdvertiserID) VALUES (34, (SELECT PODCASTID FROM S24_S003_T7_EPISODE WHERE EpisodeID = 34), 12, (SELECT ADVERTISERID FROM S24_S003_T7_ADS WHERE ADID = 12));
INSERT INTO S24_S003_T7_DISPLAYS (EpisodeID, PodcastID, AdID, AdvertiserID) VALUES (30, (SELECT PODCASTID FROM S24_S003_T7_EPISODE WHERE EpisodeID = 30), 50, (SELECT ADVERTISERID FROM S24_S003_T7_ADS WHERE ADID = 50));
INSERT INTO S24_S003_T7_DISPLAYS (EpisodeID, PodcastID, AdID, AdvertiserID) VALUES (4, (SELECT PODCASTID FROM S24_S003_T7_EPISODE WHERE EpisodeID = 4), 28, (SELECT ADVERTISERID FROM S24_S003_T7_ADS WHERE ADID = 28));
INSERT INTO S24_S003_T7_DISPLAYS (EpisodeID, PodcastID, AdID, AdvertiserID) VALUES (47, (SELECT PODCASTID FROM S24_S003_T7_EPISODE WHERE EpisodeID = 47), 41, (SELECT ADVERTISERID FROM S24_S003_T7_ADS WHERE ADID = 41));
INSERT INTO S24_S003_T7_DISPLAYS (EpisodeID, PodcastID, AdID, AdvertiserID) VALUES (61, (SELECT PODCASTID FROM S24_S003_T7_EPISODE WHERE EpisodeID = 61), 13, (SELECT ADVERTISERID FROM S24_S003_T7_ADS WHERE ADID = 13));
INSERT INTO S24_S003_T7_DISPLAYS (EpisodeID, PodcastID, AdID, AdvertiserID) VALUES (74, (SELECT PODCASTID FROM S24_S003_T7_EPISODE WHERE EpisodeID = 74), 41, (SELECT ADVERTISERID FROM S24_S003_T7_ADS WHERE ADID = 41));
INSERT INTO S24_S003_T7_DISPLAYS (EpisodeID, PodcastID, AdID, AdvertiserID) VALUES (50, (SELECT PODCASTID FROM S24_S003_T7_EPISODE WHERE EpisodeID = 50), 44, (SELECT ADVERTISERID FROM S24_S003_T7_ADS WHERE ADID = 44));
INSERT INTO S24_S003_T7_DISPLAYS (EpisodeID, PodcastID, AdID, AdvertiserID) VALUES (89, (SELECT PODCASTID FROM S24_S003_T7_EPISODE WHERE EpisodeID = 89), 3, (SELECT ADVERTISERID FROM S24_S003_T7_ADS WHERE ADID = 3));
INSERT INTO S24_S003_T7_DISPLAYS (EpisodeID, PodcastID, AdID, AdvertiserID) VALUES (34, (SELECT PODCASTID FROM S24_S003_T7_EPISODE WHERE EpisodeID = 34), 10, (SELECT ADVERTISERID FROM S24_S003_T7_ADS WHERE ADID = 10));
INSERT INTO S24_S003_T7_DISPLAYS (EpisodeID, PodcastID, AdID, AdvertiserID) VALUES (8, (SELECT PODCASTID FROM S24_S003_T7_EPISODE WHERE EpisodeID = 8), 41, (SELECT ADVERTISERID FROM S24_S003_T7_ADS WHERE ADID = 41));
INSERT INTO S24_S003_T7_DISPLAYS (EpisodeID, PodcastID, AdID, AdvertiserID) VALUES (2, (SELECT PODCASTID FROM S24_S003_T7_EPISODE WHERE EpisodeID = 2), 34, (SELECT ADVERTISERID FROM S24_S003_T7_ADS WHERE ADID = 34));
INSERT INTO S24_S003_T7_DISPLAYS (EpisodeID, PodcastID, AdID, AdvertiserID) VALUES (115, (SELECT PODCASTID FROM S24_S003_T7_EPISODE WHERE EpisodeID = 115), 11, (SELECT ADVERTISERID FROM S24_S003_T7_ADS WHERE ADID = 11));
INSERT INTO S24_S003_T7_DISPLAYS (EpisodeID, PodcastID, AdID, AdvertiserID) VALUES (75, (SELECT PODCASTID FROM S24_S003_T7_EPISODE WHERE EpisodeID = 75), 5, (SELECT ADVERTISERID FROM S24_S003_T7_ADS WHERE ADID = 5));
INSERT INTO S24_S003_T7_DISPLAYS (EpisodeID, PodcastID, AdID, AdvertiserID) VALUES (25, (SELECT PODCASTID FROM S24_S003_T7_EPISODE WHERE EpisodeID = 25), 3, (SELECT ADVERTISERID FROM S24_S003_T7_ADS WHERE ADID = 3));
INSERT INTO S24_S003_T7_DISPLAYS (EpisodeID, PodcastID, AdID, AdvertiserID) VALUES (66, (SELECT PODCASTID FROM S24_S003_T7_EPISODE WHERE EpisodeID = 66), 7, (SELECT ADVERTISERID FROM S24_S003_T7_ADS WHERE ADID = 7));
INSERT INTO S24_S003_T7_DISPLAYS (EpisodeID, PodcastID, AdID, AdvertiserID) VALUES (84, (SELECT PODCASTID FROM S24_S003_T7_EPISODE WHERE EpisodeID = 84), 20, (SELECT ADVERTISERID FROM S24_S003_T7_ADS WHERE ADID = 20));
INSERT INTO S24_S003_T7_DISPLAYS (EpisodeID, PodcastID, AdID, AdvertiserID) VALUES (89, (SELECT PODCASTID FROM S24_S003_T7_EPISODE WHERE EpisodeID = 89), 30, (SELECT ADVERTISERID FROM S24_S003_T7_ADS WHERE ADID = 30));
INSERT INTO S24_S003_T7_DISPLAYS (EpisodeID, PodcastID, AdID, AdvertiserID) VALUES (4, (SELECT PODCASTID FROM S24_S003_T7_EPISODE WHERE EpisodeID = 4), 35, (SELECT ADVERTISERID FROM S24_S003_T7_ADS WHERE ADID = 35));
INSERT INTO S24_S003_T7_DISPLAYS (EpisodeID, PodcastID, AdID, AdvertiserID) VALUES (71, (SELECT PODCASTID FROM S24_S003_T7_EPISODE WHERE EpisodeID = 71), 28, (SELECT ADVERTISERID FROM S24_S003_T7_ADS WHERE ADID = 28));
INSERT INTO S24_S003_T7_DISPLAYS (EpisodeID, PodcastID, AdID, AdvertiserID) VALUES (91, (SELECT PODCASTID FROM S24_S003_T7_EPISODE WHERE EpisodeID = 91), 12, (SELECT ADVERTISERID FROM S24_S003_T7_ADS WHERE ADID = 12));
INSERT INTO S24_S003_T7_DISPLAYS (EpisodeID, PodcastID, AdID, AdvertiserID) VALUES (94, (SELECT PODCASTID FROM S24_S003_T7_EPISODE WHERE EpisodeID = 94), 25, (SELECT ADVERTISERID FROM S24_S003_T7_ADS WHERE ADID = 25));
INSERT INTO S24_S003_T7_DISPLAYS (EpisodeID, PodcastID, AdID, AdvertiserID) VALUES (48, (SELECT PODCASTID FROM S24_S003_T7_EPISODE WHERE EpisodeID = 48), 34, (SELECT ADVERTISERID FROM S24_S003_T7_ADS WHERE ADID = 34));
INSERT INTO S24_S003_T7_DISPLAYS (EpisodeID, PodcastID, AdID, AdvertiserID) VALUES (51, (SELECT PODCASTID FROM S24_S003_T7_EPISODE WHERE EpisodeID = 51), 48, (SELECT ADVERTISERID FROM S24_S003_T7_ADS WHERE ADID = 48));
INSERT INTO S24_S003_T7_DISPLAYS (EpisodeID, PodcastID, AdID, AdvertiserID) VALUES (45, (SELECT PODCASTID FROM S24_S003_T7_EPISODE WHERE EpisodeID = 45), 43, (SELECT ADVERTISERID FROM S24_S003_T7_ADS WHERE ADID = 43));
INSERT INTO S24_S003_T7_DISPLAYS (EpisodeID, PodcastID, AdID, AdvertiserID) VALUES (114, (SELECT PODCASTID FROM S24_S003_T7_EPISODE WHERE EpisodeID = 114), 17, (SELECT ADVERTISERID FROM S24_S003_T7_ADS WHERE ADID = 17));
INSERT INTO S24_S003_T7_DISPLAYS (EpisodeID, PodcastID, AdID, AdvertiserID) VALUES (52, (SELECT PODCASTID FROM S24_S003_T7_EPISODE WHERE EpisodeID = 52), 17, (SELECT ADVERTISERID FROM S24_S003_T7_ADS WHERE ADID = 17));
INSERT INTO S24_S003_T7_DISPLAYS (EpisodeID, PodcastID, AdID, AdvertiserID) VALUES (90, (SELECT PODCASTID FROM S24_S003_T7_EPISODE WHERE EpisodeID = 90), 59, (SELECT ADVERTISERID FROM S24_S003_T7_ADS WHERE ADID = 59));
INSERT INTO S24_S003_T7_DISPLAYS (EpisodeID, PodcastID, AdID, AdvertiserID) VALUES (8, (SELECT PODCASTID FROM S24_S003_T7_EPISODE WHERE EpisodeID = 8), 46, (SELECT ADVERTISERID FROM S24_S003_T7_ADS WHERE ADID = 46));
INSERT INTO S24_S003_T7_DISPLAYS (EpisodeID, PodcastID, AdID, AdvertiserID) VALUES (100, (SELECT PODCASTID FROM S24_S003_T7_EPISODE WHERE EpisodeID = 100), 34, (SELECT ADVERTISERID FROM S24_S003_T7_ADS WHERE ADID = 34));
INSERT INTO S24_S003_T7_DISPLAYS (EpisodeID, PodcastID, AdID, AdvertiserID) VALUES (38, (SELECT PODCASTID FROM S24_S003_T7_EPISODE WHERE EpisodeID = 38), 53, (SELECT ADVERTISERID FROM S24_S003_T7_ADS WHERE ADID = 53));
INSERT INTO S24_S003_T7_DISPLAYS (EpisodeID, PodcastID, AdID, AdvertiserID) VALUES (27, (SELECT PODCASTID FROM S24_S003_T7_EPISODE WHERE EpisodeID = 27), 60, (SELECT ADVERTISERID FROM S24_S003_T7_ADS WHERE ADID = 60));
INSERT INTO S24_S003_T7_DISPLAYS (EpisodeID, PodcastID, AdID, AdvertiserID) VALUES (104, (SELECT PODCASTID FROM S24_S003_T7_EPISODE WHERE EpisodeID = 104), 49, (SELECT ADVERTISERID FROM S24_S003_T7_ADS WHERE ADID = 49));
INSERT INTO S24_S003_T7_DISPLAYS (EpisodeID, PodcastID, AdID, AdvertiserID) VALUES (106, (SELECT PODCASTID FROM S24_S003_T7_EPISODE WHERE EpisodeID = 106), 30, (SELECT ADVERTISERID FROM S24_S003_T7_ADS WHERE ADID = 30));
INSERT INTO S24_S003_T7_DISPLAYS (EpisodeID, PodcastID, AdID, AdvertiserID) VALUES (29, (SELECT PODCASTID FROM S24_S003_T7_EPISODE WHERE EpisodeID = 29), 4, (SELECT ADVERTISERID FROM S24_S003_T7_ADS WHERE ADID = 4));
INSERT INTO S24_S003_T7_DISPLAYS (EpisodeID, PodcastID, AdID, AdvertiserID) VALUES (106, (SELECT PODCASTID FROM S24_S003_T7_EPISODE WHERE EpisodeID = 106), 47, (SELECT ADVERTISERID FROM S24_S003_T7_ADS WHERE ADID = 47));
INSERT INTO S24_S003_T7_DISPLAYS (EpisodeID, PodcastID, AdID, AdvertiserID) VALUES (107, (SELECT PODCASTID FROM S24_S003_T7_EPISODE WHERE EpisodeID = 107), 51, (SELECT ADVERTISERID FROM S24_S003_T7_ADS WHERE ADID = 51));
INSERT INTO S24_S003_T7_DISPLAYS (EpisodeID, PodcastID, AdID, AdvertiserID) VALUES (42, (SELECT PODCASTID FROM S24_S003_T7_EPISODE WHERE EpisodeID = 42), 32, (SELECT ADVERTISERID FROM S24_S003_T7_ADS WHERE ADID = 32));
INSERT INTO S24_S003_T7_DISPLAYS (EpisodeID, PodcastID, AdID, AdvertiserID) VALUES (59, (SELECT PODCASTID FROM S24_S003_T7_EPISODE WHERE EpisodeID = 59), 9, (SELECT ADVERTISERID FROM S24_S003_T7_ADS WHERE ADID = 9));
INSERT INTO S24_S003_T7_DISPLAYS (EpisodeID, PodcastID, AdID, AdvertiserID) VALUES (67, (SELECT PODCASTID FROM S24_S003_T7_EPISODE WHERE EpisodeID = 67), 50, (SELECT ADVERTISERID FROM S24_S003_T7_ADS WHERE ADID = 50));
INSERT INTO S24_S003_T7_DISPLAYS (EpisodeID, PodcastID, AdID, AdvertiserID) VALUES (83, (SELECT PODCASTID FROM S24_S003_T7_EPISODE WHERE EpisodeID = 83), 12, (SELECT ADVERTISERID FROM S24_S003_T7_ADS WHERE ADID = 12));
INSERT INTO S24_S003_T7_DISPLAYS (EpisodeID, PodcastID, AdID, AdvertiserID) VALUES (86, (SELECT PODCASTID FROM S24_S003_T7_EPISODE WHERE EpisodeID = 86), 40, (SELECT ADVERTISERID FROM S24_S003_T7_ADS WHERE ADID = 40));
INSERT INTO S24_S003_T7_DISPLAYS (EpisodeID, PodcastID, AdID, AdvertiserID) VALUES (81, (SELECT PODCASTID FROM S24_S003_T7_EPISODE WHERE EpisodeID = 81), 8, (SELECT ADVERTISERID FROM S24_S003_T7_ADS WHERE ADID = 8));
INSERT INTO S24_S003_T7_DISPLAYS (EpisodeID, PodcastID, AdID, AdvertiserID) VALUES (91, (SELECT PODCASTID FROM S24_S003_T7_EPISODE WHERE EpisodeID = 91), 13, (SELECT ADVERTISERID FROM S24_S003_T7_ADS WHERE ADID = 13));
INSERT INTO S24_S003_T7_DISPLAYS (EpisodeID, PodcastID, AdID, AdvertiserID) VALUES (102, (SELECT PODCASTID FROM S24_S003_T7_EPISODE WHERE EpisodeID = 102), 20, (SELECT ADVERTISERID FROM S24_S003_T7_ADS WHERE ADID = 20));
INSERT INTO S24_S003_T7_DISPLAYS (EpisodeID, PodcastID, AdID, AdvertiserID) VALUES (48, (SELECT PODCASTID FROM S24_S003_T7_EPISODE WHERE EpisodeID = 48), 22, (SELECT ADVERTISERID FROM S24_S003_T7_ADS WHERE ADID = 22));
INSERT INTO S24_S003_T7_DISPLAYS (EpisodeID, PodcastID, AdID, AdvertiserID) VALUES (50, (SELECT PODCASTID FROM S24_S003_T7_EPISODE WHERE EpisodeID = 50), 19, (SELECT ADVERTISERID FROM S24_S003_T7_ADS WHERE ADID = 19));